[{"model": "investments.investmentplan", "pk": 1, "fields": {"name": "Pioneer", "description": "Entry-level plan for new investors (90-day term).", "daily_roi": "1.00", "duration_days": 90, "min_amount": "100.00", "max_amount": "999.00", "created_at": "2025-11-22T02:26:24.902Z"}}, {"model": "investments.investmentplan", "pk": 2, "fields": {"name": "Vanguard", "description": "Balanced growth plan (150-day term).", "daily_roi": "1.25", "duration_days": 150, "min_amount": "1000.00", "max_amount": "4999.00", "created_at": "2025-11-22T02:26:24.926Z"}}, {"model": "investments.investmentplan", "pk": 3, "fields": {"name": "Horizon", "description": "Advanced plan for experienced investors (180-day term).", "daily_roi": "1.50", "duration_days": 180, "min_amount": "5000.00", "max_amount": "14999.00", "created_at": "2025-11-22T02:26:24.947Z"}}, {"model": "investments.investmentplan", "pk": 4, "fields": {"name": "Summit", "description": "Premium annual plan for high allocations (365-day term).", "daily_roi": "2.00", "duration_days": 365, "min_amount": "15000.00", "max_amount": "100000.00", "created_at": "2025-11-22T02:26:25.000Z"}}, {"model": "investments.userinvestment", "pk": 1, "fields": {"user": 17, "plan": 2, "amount": "4999.00", "status": "approved", "started_at": "2025-11-20T00:00:00Z", "ends_at": "2026-04-19T00:00:00Z", "created_at": "2025-11-20T00:00:00Z"}}, {"model": "investments.userinvestment", "pk": 2, "fields": {"user": 17, "plan": 3, "amount": "9000.00", "status": "approved", "started_at": "2025-11-23T00:00:00Z", "ends_at": "2026-05-22T00:00:00Z", "created_at": "2025-11-23T00:00:00Z"}}, {"model": "investments.userinvestment", "pk": 3, "fields": {"user": 17, "plan": 3, "amount": "7800.00", "status": "approved", "started_at": "2025-11-28T00:00:00Z", "ends_at": "2026-05-27T00:00:00Z", "created_at": "2025-11-28T00:00:00Z"}}, {"model": "investments.dailyroipayout", "pk": 1, "fields": {"investment": 1, "payout_date": "2025-11-20", "amount": "62.49", "created_at": "2026-01-08T12:53:26.629Z", "processed_at": null, "transaction_id": null}}, {"model": "investments.dailyroipayout", "pk": 2, "fields": {"investment": 1, "payout_date": "2025-11-21", "amount": "62.49", "created_at": "2026-01-08T12:53:26.645Z", "processed_at": null, "transaction_id": null}}, {"model": "investments.dailyroipayout", "pk": 3, "fields": {"investment": 1, "payout_date": "2025-11-22", "amount": "62.49", "created_at": "2026-01-08T12:53:26.662Z", "processed_at": null, "transaction_id": null}}, {"model": "investments.dailyroipayout", "pk": 4, "fields": {"investment": 1, "payout_date": "2025-11-23", "amount": "62.49", "created_at": "2026-01-08T12:53:26.678Z", "processed_at": null, "transaction_id": null}}, {"model": "investments.dailyroipayout", "pk": 5, "fields": {"investment": 1, "payout_date": "2025-11-24", "amount": "62.49", "created_at": "2026-01-08T12:53:26.694Z", "processed_at": null, "transaction_id": null}}, {"model": "investments.dailyroipayout", "pk": 6, "fields": {"investment": 1, "payout_date": "2025-11-25", "amount": "62.49", "created_at": "2026-01-08T12:53:26.710Z", "processed_at": null, "transaction_id": null}}, {"model": "investments.dailyroipayout", "pk": 7, "fields": {"investment": 1, "payout_date": "2025-11-26", "amount": "62.49", "created_at": "2026-01-08T12:53:26.726Z", "processed_at": null, "transaction_id": null}}, {"model": "investments.dailyroipayout", "pk": 8, "fields": {"investment": 1, "payout_date": "2025-11-27", "amount": "62.49", "created_at": "2026-01-08T12:53:26.741Z", "processed_at": null, "transaction_id": null}}, {"model": "investments.dailyroipayout", "pk": 9, "fields": {"investment": 1, "payout_date": "2025-11-28", "amount": "62.49", "created_at": "2026-01-08T12:53:26.757Z", "processed_at": null, "transaction_id": null}}, {"model": "investments.dailyroipayout", "pk": 10, "fields": {"investment": 1, "payout_date": "2025-11-29", "amount": "62.49", "created_at": "2026-01-08T12:53:26.773Z", "processed_at": null, "transaction_id": null}}, {"model": "investments.dailyroipayout", "pk": 11, "fields": {"investment": 1, "payout_date": "2025-11-30", "amount": "62.49", "created_at": "2026-01-08T12:53:26.788Z", "processed_at": null, "transaction_id": null}}, {"model": "investments.dailyroipayout", "pk": 12, "fields": {"investment": 1, "payout_date": "2025-12-01", "amount": "62.49", "created_at": "2026-01-08T12:53:26.805Z", "processed_at": null, "transaction_id": null}}, {"model": "investments.dailyroipayout", "pk": 13, "fields": {"investment": 1, "payout_date": "2025-12-02", "amount": "62.49", "created_at": "2026-01-08T12:53:26.821Z", "processed_at": null, "transaction_id": null}}, {"model": "investments.dailyroipayout", "pk": 14, "fields": {"investment": 1, "payout_date": "2025-12-03", "amount": "62.49", "created_at": "2026-01-08T12:53:26.837Z", "processed_at": null, "transaction_id": null}}, {"model": "investments.dailyroipayout", "pk": 15, "fields": {"investment": 1, "payout_date": "2025-12-04", "amount": "62.49", "created_at": "2026-01-08T12:53:26.854Z", "processed_at": null, "transaction_id": null}}, {"model": "investments.dailyroipayout", "pk": 16, "fields": {"investment": 1, "payout_date": "2025-12-05", "amount": "62.49", "created_at": "2026-01-08T12:53:26.869Z", "processed_at": null, "transaction_id": null}}, {"model": "investments.dailyroipayout", "pk": 17, "fields": {"investment": 1, "payout_date": "2025-12-06", "amount": "62.49", "created_at": "2026-01-08T12:53:26.885Z", "processed_at": null, "transaction_id": null}}, {"model": "investments.dailyroipayout", "pk": 18, "fields": {"investment": 1, "payout_date": "2025-12-07", "amount": "62.49", "created_at": "2026-01-08T12:53:26.901Z", "processed_at": null, "transaction_id": null}}, {"model": "investments.dailyroipayout", "pk": 19, "fields": {"investment": 1, "payout_date": "2025-12-08", "amount": "62.49", "created_at": "2026-01-08T12:53:26.915Z", "processed_at": null, "transaction_id": null}}, {"model": "investments.dailyroipayout", "pk": 20, "fields": {"investment": 1, "payout_date": "2025-12-09", "amount": "62.49", "created_at": "2026-01-08T12:53:26.930Z", "processed_at": null, "transaction_id": null}}, {"model": "investments.dailyroipayout", "pk": 21, "fields": {"investment": 1, "payout_date": "2025-12-10", "amount": "62.49", "created_at": "2026-01-08T12:53:26.943Z", "processed_at": null, "transaction_id": null}}, {"model": "investments.dailyroipayout", "pk": 22, "fields": {"investment": 2, "payout_date": "2025-11-23", "amount": "135.00", "created_at": "2026-01-08T12:53:26.959Z", "processed_at": null, "transaction_id": null}}, {"model": "investments.dailyroipayout", "pk": 23, "fields": {"investment": 2, "payout_date": "2025-11-24", "amount": "135.00", "created_at": "2026-01-08T12:53:26.975Z", "processed_at": null, "transaction_id": null}}, {"model": "investments.dailyroipayout", "pk": 24, "fields": {"investment": 2, "payout_date": "2025-11-25", "amount": "135.00", "created_at": "2026-01-08T12:53:26.990Z", "processed_at": null, "transaction_id": null}}, {"model": "investments.dailyroipayout", "pk": 25, "fields": {"investment": 2, "payout_date": "2025-11-26", "amount": "135.00", "created_at": "2026-01-08T12:53:27.005Z", "processed_at": null, "transaction_id": null}}, {"model": "investments.dailyroipayout", "pk": 26, "fields": {"investment": 2, "payout_date": "2025-11-27", "amount": "135.00", "created_at": "2026-01-08T12:53:27.029Z", "processed_at": null, "transaction_id": null}}, {"model": "investments.dailyroipayout", "pk": 27, "fields": {"investment": 2, "payout_date": "2025-11-28", "amount": "135.00", "created_at": "2026-01-08T12:53:27.046Z", "processed_at": null, "transaction_id": null}}, {"model": "investments.dailyroipayout", "pk": 28, "fields": {"investment": 2, "payout_date": "2025-11-29", "amount": "135.00", "created_at": "2026-01-08T12:53:27.060Z", "processed_at": null, "transaction_id": null}}, {"model": "investments.dailyroipayout", "pk": 29, "fields": {"investment": 2, "payout_date": "2025-11-30", "amount": "135.00", "created_at": "2026-01-08T12:53:27.074Z", "processed_at": null, "transaction_id": null}}, {"model": "investments.dailyroipayout", "pk": 30, "fields": {"investment": 2, "payout_date": "2025-12-01", "amount": "135.00", "created_at": "2026-01-08T12:53:27.092Z", "processed_at": null, "transaction_id": null}}, {"model": "investments.dailyroipayout", "pk": 31, "fields": {"investment": 2, "payout_date": "2025-12-02", "amount": "135.00", "created_at": "2026-01-08T12:53:27.112Z", "processed_at": null, "transaction_id": null}}, {"model": "investments.dailyroipayout", "pk": 32, "fields": {"investment": 2, "payout_date": "2025-12-03", "amount": "135.00", "created_at": "2026-01-08T12:53:27.131Z", "processed_at": null, "transaction_id": null}}, {"model": "investments.dailyroipayout", "pk": 33, "fields": {"investment": 2, "payout_date": "2025-12-04", "amount": "135.00", "created_at": "2026-01-08T12:53:27.147Z", "processed_at": null, "transaction_id": null}}, {"model": "investments.dailyroipayout", "pk": 34, "fields": {"investment": 2, "payout_date": "2025-12-05", "amount": "135.00", "created_at": "2026-01-08T12:53:27.164Z", "processed_at": null, "transaction_id": null}}, {"model": "investments.dailyroipayout", "pk": 35, "fields": {"investment": 2, "payout_date": "2025-12-06", "amount": "135.00", "created_at": "2026-01-08T12:53:27.191Z", "processed_at": null, "transaction_id": null}}, {"model": "investments.dailyroipayout", "pk": 36, "fields": {"investment": 2, "payout_date": "2025-12-07", "amount": "135.00", "created_at": "2026-01-08T12:53:27.268Z", "processed_at": null, "transaction_id": null}}, {"model": "investments.dailyroipayout", "pk": 37, "fields": {"investment": 2, "payout_date": "2025-12-08", "amount": "135.00", "created_at": "2026-01-08T12:53:27.395Z", "processed_at": null, "transaction_id": null}}, {"model": "investments.dailyroipayout", "pk": 38, "fields": {"investment": 2, "payout_date": "2025-12-09", "amount": "135.00", "created_at": "2026-01-08T12:53:27.445Z", "processed_at": null, "transaction_id": null}}, {"model": "investments.dailyroipayout", "pk": 39, "fields": {"investment": 2, "payout_date": "2025-12-10", "amount": "135.00", "created_at": "2026-01-08T12:53:27.510Z", "processed_at": null, "transaction_id": null}}, {"model": "investments.dailyroipayout", "pk": 40, "fields": {"investment": 2, "payout_date": "2025-12-11", "amount": "135.00", "created_at": "2026-01-08T12:53:27.570Z", "processed_at": null, "transaction_id": null}}, {"model": "investments.dailyroipayout", "pk": 41, "fields": {"investment": 2, "payout_date": "2025-12-12", "amount": "135.00", "created_at": "2026-01-08T12:53:27.611Z", "processed_at": null, "transaction_id": null}}, {"model": "investments.dailyroipayout", "pk": 42, "fields": {"investment": 2, "payout_date": "2025-12-13", "amount": "135.00", "created_at": "2026-01-08T12:53:27.657Z", "processed_at": null, "transaction_id": null}}, {"model": "investments.dailyroipayout", "pk": 43, "fields": {"investment": 2, "payout_date": "2025-12-14", "amount": "135.00", "created_at": "2026-01-08T12:53:27.676Z", "processed_at": null, "transaction_id": null}}, {"model": "investments.dailyroipayout", "pk": 44, "fields": {"investment": 2, "payout_date": "2025-12-15", "amount": "135.00", "created_at": "2026-01-08T12:53:27.694Z", "processed_at": null, "transaction_id": null}}, {"model": "investments.dailyroipayout", "pk": 45, "fields": {"investment": 2, "payout_date": "2025-12-16", "amount": "135.00", "created_at": "2026-01-08T12:53:27.710Z", "processed_at": null, "transaction_id": null}}, {"model": "investments.dailyroipayout", "pk": 46, "fields": {"investment": 2, "payout_date": "2025-12-17", "amount": "135.00", "created_at": "2026-01-08T12:53:27.725Z", "processed_at": null, "transaction_id": null}}, {"model": "investments.dailyroipayout", "pk": 47, "fields": {"investment": 2, "payout_date": "2025-12-18", "amount": "135.00", "created_at": "2026-01-08T12:53:27.740Z", "processed_at": null, "transaction_id": null}}, {"model": "investments.dailyroipayout", "pk": 48, "fields": {"investment": 2, "payout_date": "2025-12-19", "amount": "135.00", "created_at": "2026-01-08T12:53:27.755Z", "processed_at": null, "transaction_id": null}}, {"model": "investments.dailyroipayout", "pk": 49, "fields": {"investment": 2, "payout_date": "2025-12-20", "amount": "135.00", "created_at": "2026-01-08T12:53:27.770Z", "processed_at": null, "transaction_id": null}}, {"model": "investments.dailyroipayout", "pk": 50, "fields": {"investment": 2, "payout_date": "2025-12-21", "amount": "135.00", "created_at": "2026-01-08T12:53:27.785Z", "processed_at": null, "transaction_id": null}}, {"model": "investments.dailyroipayout", "pk": 51, "fields": {"investment": 2, "payout_date": "2025-12-22", "amount": "135.00", "created_at": "2026-01-08T12:53:27.803Z", "processed_at": null, "transaction_id": null}}, {"model": "investments.dailyroipayout", "pk": 52, "fields": {"investment": 3, "payout_date": "2025-11-28", "amount": "117.00", "created_at": "2026-01-08T12:53:27.820Z", "processed_at": null, "transaction_id": null}}, {"model": "investments.dailyroipayout", "pk": 53, "fields": {"investment": 3, "payout_date": "2025-11-29", "amount": "117.00", "created_at": "2026-01-08T12:53:27.835Z", "processed_at": null, "transaction_id": null}}, {"model": "investments.dailyroipayout", "pk": 54, "fields": {"investment": 3, "payout_date": "2025-11-30", "amount": "117.00", "created_at": "2026-01-08T12:53:27.849Z", "processed_at": null, "transaction_id": null}}, {"model": "investments.dailyroipayout", "pk": 55, "fields": {"investment": 3, "payout_date": "2025-12-01", "amount": "117.00", "created_at": "2026-01-08T12:53:27.867Z", "processed_at": null, "transaction_id": null}}, {"model": "investments.dailyroipayout", "pk": 56, "fields": {"investment": 3, "payout_date": "2025-12-02", "amount": "117.00", "created_at": "2026-01-08T12:53:27.881Z", "processed_at": null, "transaction_id": null}}, {"model": "investments.dailyroipayout", "pk": 57, "fields": {"investment": 3, "payout_date": "2025-12-03", "amount": "117.00", "created_at": "2026-01-08T12:53:27.897Z", "processed_at": null, "transaction_id": null}}, {"model": "investments.dailyroipayout", "pk": 58, "fields": {"investment": 3, "payout_date": "2025-12-04", "amount": "117.00", "created_at": "2026-01-08T12:53:27.913Z", "processed_at": null, "transaction_id": null}}, {"model": "investments.dailyroipayout", "pk": 59, "fields": {"investment": 3, "payout_date": "2025-12-05", "amount": "117.00", "created_at": "2026-01-08T12:53:27.928Z", "processed_at": null, "transaction_id": null}}, {"model": "investments.dailyroipayout", "pk": 60, "fields": {"investment": 3, "payout_date": "2025-12-06", "amount": "117.00", "created_at": "2026-01-08T12:53:27.943Z", "processed_at": null, "transaction_id": null}}, {"model": "investments.dailyroipayout", "pk": 61, "fields": {"investment": 3, "payout_date": "2025-12-07", "amount": "117.00", "created_at": "2026-01-08T12:53:27.958Z", "processed_at": null, "transaction_id": null}}, {"model": "investments.dailyroipayout", "pk": 62, "fields": {"investment": 3, "payout_date": "2025-12-08", "amount": "117.00", "created_at": "2026-01-08T12:53:27.974Z", "processed_at": null, "transaction_id": null}}, {"model": "investments.dailyroipayout", "pk": 63, "fields": {"investment": 3, "payout_date": "2025-12-09", "amount": "117.00", "created_at": "2026-01-08T12:53:27.993Z", "processed_at": null, "transaction_id": null}}, {"model": "investments.dailyroipayout", "pk": 64, "fields": {"investment": 3, "payout_date": "2025-12-10", "amount": "117.00", "created_at": "2026-01-08T12:53:28.010Z", "processed_at": null, "transaction_id": null}}, {"model": "investments.dailyroipayout", "pk": 65, "fields": {"investment": 3, "payout_date": "2025-12-11", "amount": "117.00", "created_at": "2026-01-08T12:53:28.047Z", "processed_at": null, "transaction_id": null}}, {"model": "investments.dailyroipayout", "pk": 66, "fields": {"investment": 3, "payout_date": "2025-12-12", "amount": "117.00", "created_at": "2026-01-08T12:53:28.063Z", "processed_at": null, "transaction_id": null}}, {"model": "investments.dailyroipayout", "pk": 67, "fields": {"investment": 3, "payout_date": "2025-12-13", "amount": "117.00", "created_at": "2026-01-08T12:53:28.087Z", "processed_at": null, "transaction_id": null}}, {"model": "investments.dailyroipayout", "pk": 68, "fields": {"investment": 3, "payout_date": "2025-12-14", "amount": "117.00", "created_at": "2026-01-08T12:53:28.106Z", "processed_at": null, "transaction_id": null}}, {"model": "investments.dailyroipayout", "pk": 69, "fields": {"investment": 3, "payout_date": "2025-12-15", "amount": "117.00", "created_at": "2026-01-08T12:53:28.121Z", "processed_at": null, "transaction_id": null}}, {"model": "investments.dailyroipayout", "pk": 70, "fields": {"investment": 3, "payout_date": "2025-12-16", "amount": "117.00", "created_at": "2026-01-08T12:53:28.138Z", "processed_at": null, "transaction_id": null}}, {"model": "investments.dailyroipayout", "pk": 71, "fields": {"investment": 3, "payout_date": "2025-12-17", "amount": "117.00", "created_at": "2026-01-08T12:53:28.152Z", "processed_at": null, "transaction_id": null}}, {"model": "investments.dailyroipayout", "pk": 72, "fields": {"investment": 3, "payout_date": "2025-12-18", "amount": "117.00", "created_at": "2026-01-08T12:53:28.167Z", "processed_at": null, "transaction_id": null}}, {"model": "investments.dailyroipayout", "pk": 73, "fields": {"investment": 3, "payout_date": "2025-12-19", "amount": "117.00", "created_at": "2026-01-08T12:53:28.181Z", "processed_at": null, "transaction_id": null}}, {"model": "investments.dailyroipayout", "pk": 74, "fields": {"investment": 3, "payout_date": "2025-12-20", "amount": "117.00", "created_at": "2026-01-08T12:53:28.196Z", "processed_at": null, "transaction_id": null}}, {"model": "investments.dailyroipayout", "pk": 75, "fields": {"investment": 3, "payout_date": "2025-12-21", "amount": "117.00", "created_at": "2026-01-08T12:53:28.211Z", "processed_at": null, "transaction_id": null}}, {"model": "investments.dailyroipayout", "pk": 76, "fields": {"investment": 3, "payout_date": "2025-12-22", "amount": "117.00", "created_at": "2026-01-08T12:53:28.226Z", "processed_at": null, "transaction_id": null}}, {"model": "investments.dailyroipayout", "pk": 77, "fields": {"investment": 3, "payout_date": "2025-12-23", "amount": "117.00", "created_at": "2026-01-08T12:53:28.241Z", "processed_at": null, "transaction_id": null}}, {"model": "investments.dailyroipayout", "pk": 78, "fields": {"investment": 3, "payout_date": "2025-12-24", "amount": "117.00", "created_at": "2026-01-08T12:53:28.256Z", "processed_at": null, "transaction_id": null}}, {"model": "investments.dailyroipayout", "pk": 79, "fields": {"investment": 3, "payout_date": "2025-12-25", "amount": "117.00", "created_at": "2026-01-08T12:53:28.271Z", "processed_at": null, "transaction_id": null}}, {"model": "investments.dailyroipayout", "pk": 80, "fields": {"investment": 3, "payout_date": "2025-12-26", "amount": "117.00", "created_at": "2026-01-08T12:53:28.287Z", "processed_at": null, "transaction_id": null}}, {"model": "investments.dailyroipayout", "pk": 81, "fields": {"investment": 3, "payout_date": "2025-12-27", "amount": "117.00", "created_at": "2026-01-08T12:53:28.303Z", "processed_at": null, "transaction_id": null}}]