--
-- PostgreSQL database dump
--

\restrict 5j0iGGi2jMIu5UOgP5UoobHqtfh3NuRm16VxgVUFwRJjfy7qYHv9GfHF9BkNbX5

-- Dumped from database version 17.7 (Debian 17.7-3.pgdg13+1)
-- Dumped by pg_dump version 18.2

-- Started on 2026-03-29 17:27:52 WAT

SET statement_timeout = 0;
SET lock_timeout = 0;
SET idle_in_transaction_session_timeout = 0;
SET transaction_timeout = 0;
SET client_encoding = 'UTF8';
SET standard_conforming_strings = on;
SELECT pg_catalog.set_config('search_path', '', false);
SET check_function_bodies = false;
SET xmloption = content;
SET client_min_messages = warning;
SET row_security = off;

SET default_tablespace = '';

SET default_table_access_method = heap;

--
-- TOC entry 242 (class 1259 OID 16585)
-- Name: account_emailaddress; Type: TABLE; Schema: public; Owner: -
--

CREATE TABLE public.account_emailaddress (
    id integer NOT NULL,
    email character varying(254) NOT NULL,
    verified boolean NOT NULL,
    "primary" boolean NOT NULL,
    user_id bigint NOT NULL
);


--
-- TOC entry 241 (class 1259 OID 16584)
-- Name: account_emailaddress_id_seq; Type: SEQUENCE; Schema: public; Owner: -
--

ALTER TABLE public.account_emailaddress ALTER COLUMN id ADD GENERATED BY DEFAULT AS IDENTITY (
    SEQUENCE NAME public.account_emailaddress_id_seq
    START WITH 1
    INCREMENT BY 1
    NO MINVALUE
    NO MAXVALUE
    CACHE 1
);


--
-- TOC entry 244 (class 1259 OID 16593)
-- Name: account_emailconfirmation; Type: TABLE; Schema: public; Owner: -
--

CREATE TABLE public.account_emailconfirmation (
    id integer NOT NULL,
    created timestamp with time zone NOT NULL,
    sent timestamp with time zone,
    key character varying(64) NOT NULL,
    email_address_id integer NOT NULL
);


--
-- TOC entry 243 (class 1259 OID 16592)
-- Name: account_emailconfirmation_id_seq; Type: SEQUENCE; Schema: public; Owner: -
--

ALTER TABLE public.account_emailconfirmation ALTER COLUMN id ADD GENERATED BY DEFAULT AS IDENTITY (
    SEQUENCE NAME public.account_emailconfirmation_id_seq
    START WITH 1
    INCREMENT BY 1
    NO MINVALUE
    NO MAXVALUE
    CACHE 1
);


--
-- TOC entry 224 (class 1259 OID 16412)
-- Name: auth_group; Type: TABLE; Schema: public; Owner: -
--

CREATE TABLE public.auth_group (
    id integer NOT NULL,
    name character varying(150) NOT NULL
);


--
-- TOC entry 223 (class 1259 OID 16411)
-- Name: auth_group_id_seq; Type: SEQUENCE; Schema: public; Owner: -
--

ALTER TABLE public.auth_group ALTER COLUMN id ADD GENERATED BY DEFAULT AS IDENTITY (
    SEQUENCE NAME public.auth_group_id_seq
    START WITH 1
    INCREMENT BY 1
    NO MINVALUE
    NO MAXVALUE
    CACHE 1
);


--
-- TOC entry 226 (class 1259 OID 16420)
-- Name: auth_group_permissions; Type: TABLE; Schema: public; Owner: -
--

CREATE TABLE public.auth_group_permissions (
    id bigint NOT NULL,
    group_id integer NOT NULL,
    permission_id integer NOT NULL
);


--
-- TOC entry 225 (class 1259 OID 16419)
-- Name: auth_group_permissions_id_seq; Type: SEQUENCE; Schema: public; Owner: -
--

ALTER TABLE public.auth_group_permissions ALTER COLUMN id ADD GENERATED BY DEFAULT AS IDENTITY (
    SEQUENCE NAME public.auth_group_permissions_id_seq
    START WITH 1
    INCREMENT BY 1
    NO MINVALUE
    NO MAXVALUE
    CACHE 1
);


--
-- TOC entry 222 (class 1259 OID 16406)
-- Name: auth_permission; Type: TABLE; Schema: public; Owner: -
--

CREATE TABLE public.auth_permission (
    id integer NOT NULL,
    name character varying(255) NOT NULL,
    content_type_id integer NOT NULL,
    codename character varying(100) NOT NULL
);


--
-- TOC entry 221 (class 1259 OID 16405)
-- Name: auth_permission_id_seq; Type: SEQUENCE; Schema: public; Owner: -
--

ALTER TABLE public.auth_permission ALTER COLUMN id ADD GENERATED BY DEFAULT AS IDENTITY (
    SEQUENCE NAME public.auth_permission_id_seq
    START WITH 1
    INCREMENT BY 1
    NO MINVALUE
    NO MAXVALUE
    CACHE 1
);


--
-- TOC entry 247 (class 1259 OID 16645)
-- Name: authtoken_token; Type: TABLE; Schema: public; Owner: -
--

CREATE TABLE public.authtoken_token (
    key character varying(40) NOT NULL,
    created timestamp with time zone NOT NULL,
    user_id bigint NOT NULL
);


--
-- TOC entry 300 (class 1259 OID 73740)
-- Name: cards_cardtransaction; Type: TABLE; Schema: public; Owner: -
--

CREATE TABLE public.cards_cardtransaction (
    id bigint NOT NULL,
    stripe_auth_id character varying(255) NOT NULL,
    amount numeric(10,2) NOT NULL,
    currency character varying(10) NOT NULL,
    merchant character varying(255) NOT NULL,
    status character varying(50) NOT NULL,
    created_at timestamp with time zone NOT NULL,
    card_id bigint NOT NULL
);


--
-- TOC entry 299 (class 1259 OID 73739)
-- Name: cards_cardtransaction_id_seq; Type: SEQUENCE; Schema: public; Owner: -
--

ALTER TABLE public.cards_cardtransaction ALTER COLUMN id ADD GENERATED BY DEFAULT AS IDENTITY (
    SEQUENCE NAME public.cards_cardtransaction_id_seq
    START WITH 1
    INCREMENT BY 1
    NO MINVALUE
    NO MAXVALUE
    CACHE 1
);


--
-- TOC entry 298 (class 1259 OID 73730)
-- Name: cards_virtualcard; Type: TABLE; Schema: public; Owner: -
--

CREATE TABLE public.cards_virtualcard (
    id bigint NOT NULL,
    stripe_cardholder_id character varying(255),
    stripe_card_id character varying(255),
    last4 character varying(4),
    exp_month integer,
    exp_year integer,
    brand character varying(20) NOT NULL,
    card_type character varying(20) NOT NULL,
    status character varying(20) NOT NULL,
    purchase_amount numeric(10,2) NOT NULL,
    current_balance numeric(10,2) NOT NULL,
    created_at timestamp with time zone NOT NULL,
    updated_at timestamp with time zone NOT NULL,
    activated_at timestamp with time zone,
    user_id bigint NOT NULL
);


--
-- TOC entry 297 (class 1259 OID 73729)
-- Name: cards_virtualcard_id_seq; Type: SEQUENCE; Schema: public; Owner: -
--

ALTER TABLE public.cards_virtualcard ALTER COLUMN id ADD GENERATED BY DEFAULT AS IDENTITY (
    SEQUENCE NAME public.cards_virtualcard_id_seq
    START WITH 1
    INCREMENT BY 1
    NO MINVALUE
    NO MAXVALUE
    CACHE 1
);


--
-- TOC entry 253 (class 1259 OID 16677)
-- Name: core_agreement; Type: TABLE; Schema: public; Owner: -
--

CREATE TABLE public.core_agreement (
    id bigint NOT NULL,
    title character varying(255) NOT NULL,
    slug character varying(50) NOT NULL,
    version character varying(20) NOT NULL,
    body text NOT NULL,
    effective_date date NOT NULL,
    is_active boolean NOT NULL,
    created_at timestamp with time zone NOT NULL,
    updated_at timestamp with time zone NOT NULL
);


--
-- TOC entry 252 (class 1259 OID 16676)
-- Name: core_agreement_id_seq; Type: SEQUENCE; Schema: public; Owner: -
--

ALTER TABLE public.core_agreement ALTER COLUMN id ADD GENERATED BY DEFAULT AS IDENTITY (
    SEQUENCE NAME public.core_agreement_id_seq
    START WITH 1
    INCREMENT BY 1
    NO MINVALUE
    NO MAXVALUE
    CACHE 1
);


--
-- TOC entry 257 (class 1259 OID 16695)
-- Name: core_emailattachment; Type: TABLE; Schema: public; Owner: -
--

CREATE TABLE public.core_emailattachment (
    id bigint NOT NULL,
    filename character varying(255) NOT NULL,
    file character varying(100) NOT NULL,
    uploaded_at timestamp with time zone NOT NULL,
    email_id bigint NOT NULL
);


--
-- TOC entry 256 (class 1259 OID 16694)
-- Name: core_emailattachment_id_seq; Type: SEQUENCE; Schema: public; Owner: -
--

ALTER TABLE public.core_emailattachment ALTER COLUMN id ADD GENERATED BY DEFAULT AS IDENTITY (
    SEQUENCE NAME public.core_emailattachment_id_seq
    START WITH 1
    INCREMENT BY 1
    NO MINVALUE
    NO MAXVALUE
    CACHE 1
);


--
-- TOC entry 261 (class 1259 OID 16709)
-- Name: core_emailinbox; Type: TABLE; Schema: public; Owner: -
--

CREATE TABLE public.core_emailinbox (
    id bigint NOT NULL,
    message_id character varying(255) NOT NULL,
    subject character varying(500) NOT NULL,
    from_email character varying(254) NOT NULL,
    from_name character varying(255) NOT NULL,
    to_email character varying(254) NOT NULL,
    cc text NOT NULL,
    bcc text NOT NULL,
    reply_to character varying(254) NOT NULL,
    body_text text NOT NULL,
    body_html text NOT NULL,
    has_attachments boolean NOT NULL,
    attachment_info jsonb NOT NULL,
    status character varying(20) NOT NULL,
    priority character varying(20) NOT NULL,
    is_starred boolean NOT NULL,
    labels character varying(255) NOT NULL,
    folder character varying(50) NOT NULL,
    read_at timestamp with time zone,
    replied_at timestamp with time zone,
    received_at timestamp with time zone NOT NULL,
    ip_address inet,
    created_at timestamp with time zone NOT NULL,
    updated_at timestamp with time zone NOT NULL,
    raw_headers jsonb NOT NULL,
    raw_email text NOT NULL,
    assigned_to_id bigint
);


--
-- TOC entry 260 (class 1259 OID 16708)
-- Name: core_emailinbox_id_seq; Type: SEQUENCE; Schema: public; Owner: -
--

ALTER TABLE public.core_emailinbox ALTER COLUMN id ADD GENERATED BY DEFAULT AS IDENTITY (
    SEQUENCE NAME public.core_emailinbox_id_seq
    START WITH 1
    INCREMENT BY 1
    NO MINVALUE
    NO MAXVALUE
    CACHE 1
);


--
-- TOC entry 255 (class 1259 OID 16685)
-- Name: core_emailtemplate; Type: TABLE; Schema: public; Owner: -
--

CREATE TABLE public.core_emailtemplate (
    id bigint NOT NULL,
    name character varying(255) NOT NULL,
    subject character varying(500) NOT NULL,
    body text NOT NULL,
    category character varying(100) NOT NULL,
    is_active boolean NOT NULL,
    created_at timestamp with time zone NOT NULL,
    updated_at timestamp with time zone NOT NULL,
    created_by_id bigint
);


--
-- TOC entry 254 (class 1259 OID 16684)
-- Name: core_emailtemplate_id_seq; Type: SEQUENCE; Schema: public; Owner: -
--

ALTER TABLE public.core_emailtemplate ALTER COLUMN id ADD GENERATED BY DEFAULT AS IDENTITY (
    SEQUENCE NAME public.core_emailtemplate_id_seq
    START WITH 1
    INCREMENT BY 1
    NO MINVALUE
    NO MAXVALUE
    CACHE 1
);


--
-- TOC entry 249 (class 1259 OID 16659)
-- Name: core_incomingemail; Type: TABLE; Schema: public; Owner: -
--

CREATE TABLE public.core_incomingemail (
    id bigint NOT NULL,
    subject character varying(512) NOT NULL,
    sender character varying(512) NOT NULL,
    recipients character varying(1024) NOT NULL,
    body text NOT NULL,
    raw_date character varying(128) NOT NULL,
    received_by character varying(255) NOT NULL,
    created_at timestamp with time zone NOT NULL
);


--
-- TOC entry 248 (class 1259 OID 16658)
-- Name: core_incomingemail_id_seq; Type: SEQUENCE; Schema: public; Owner: -
--

ALTER TABLE public.core_incomingemail ALTER COLUMN id ADD GENERATED BY DEFAULT AS IDENTITY (
    SEQUENCE NAME public.core_incomingemail_id_seq
    START WITH 1
    INCREMENT BY 1
    NO MINVALUE
    NO MAXVALUE
    CACHE 1
);


--
-- TOC entry 251 (class 1259 OID 16667)
-- Name: core_platformcertificate; Type: TABLE; Schema: public; Owner: -
--

CREATE TABLE public.core_platformcertificate (
    id bigint NOT NULL,
    title character varying(255) NOT NULL,
    certificate_id character varying(64) NOT NULL,
    issue_date date NOT NULL,
    jurisdiction character varying(255) NOT NULL,
    issuing_authority character varying(255) NOT NULL,
    verification_url character varying(500) NOT NULL,
    authority_seal_url character varying(500) NOT NULL,
    signature_1_url character varying(500) NOT NULL,
    signature_2_url character varying(500) NOT NULL,
    is_active boolean NOT NULL,
    created_at timestamp with time zone NOT NULL,
    updated_at timestamp with time zone NOT NULL
);


--
-- TOC entry 250 (class 1259 OID 16666)
-- Name: core_platformcertificate_id_seq; Type: SEQUENCE; Schema: public; Owner: -
--

ALTER TABLE public.core_platformcertificate ALTER COLUMN id ADD GENERATED BY DEFAULT AS IDENTITY (
    SEQUENCE NAME public.core_platformcertificate_id_seq
    START WITH 1
    INCREMENT BY 1
    NO MINVALUE
    NO MAXVALUE
    CACHE 1
);


--
-- TOC entry 259 (class 1259 OID 16701)
-- Name: core_supportrequest; Type: TABLE; Schema: public; Owner: -
--

CREATE TABLE public.core_supportrequest (
    id bigint NOT NULL,
    full_name character varying(255) NOT NULL,
    contact_email character varying(254) NOT NULL,
    topic character varying(120) NOT NULL,
    source_url character varying(255) NOT NULL,
    message text NOT NULL,
    status character varying(20) NOT NULL,
    admin_notes text NOT NULL,
    responded_at timestamp with time zone,
    ip_address inet,
    user_agent text NOT NULL,
    created_at timestamp with time zone NOT NULL,
    updated_at timestamp with time zone NOT NULL,
    handled_by_id bigint,
    user_id bigint
);


--
-- TOC entry 258 (class 1259 OID 16700)
-- Name: core_supportrequest_id_seq; Type: SEQUENCE; Schema: public; Owner: -
--

ALTER TABLE public.core_supportrequest ALTER COLUMN id ADD GENERATED BY DEFAULT AS IDENTITY (
    SEQUENCE NAME public.core_supportrequest_id_seq
    START WITH 1
    INCREMENT BY 1
    NO MINVALUE
    NO MAXVALUE
    CACHE 1
);


--
-- TOC entry 263 (class 1259 OID 16719)
-- Name: core_useragreementacceptance; Type: TABLE; Schema: public; Owner: -
--

CREATE TABLE public.core_useragreementacceptance (
    id bigint NOT NULL,
    accepted_at timestamp with time zone NOT NULL,
    ip_address inet,
    user_agent text NOT NULL,
    agreement_hash character varying(64) NOT NULL,
    agreement_version character varying(20) NOT NULL,
    agreement_id bigint NOT NULL,
    user_id bigint NOT NULL
);


--
-- TOC entry 262 (class 1259 OID 16718)
-- Name: core_useragreementacceptance_id_seq; Type: SEQUENCE; Schema: public; Owner: -
--

ALTER TABLE public.core_useragreementacceptance ALTER COLUMN id ADD GENERATED BY DEFAULT AS IDENTITY (
    SEQUENCE NAME public.core_useragreementacceptance_id_seq
    START WITH 1
    INCREMENT BY 1
    NO MINVALUE
    NO MAXVALUE
    CACHE 1
);


--
-- TOC entry 246 (class 1259 OID 16625)
-- Name: django_admin_log; Type: TABLE; Schema: public; Owner: -
--

CREATE TABLE public.django_admin_log (
    id integer NOT NULL,
    action_time timestamp with time zone NOT NULL,
    object_id text,
    object_repr character varying(200) NOT NULL,
    action_flag smallint NOT NULL,
    change_message text NOT NULL,
    content_type_id integer,
    user_id bigint NOT NULL,
    CONSTRAINT django_admin_log_action_flag_check CHECK ((action_flag >= 0))
);


--
-- TOC entry 245 (class 1259 OID 16624)
-- Name: django_admin_log_id_seq; Type: SEQUENCE; Schema: public; Owner: -
--

ALTER TABLE public.django_admin_log ALTER COLUMN id ADD GENERATED BY DEFAULT AS IDENTITY (
    SEQUENCE NAME public.django_admin_log_id_seq
    START WITH 1
    INCREMENT BY 1
    NO MINVALUE
    NO MAXVALUE
    CACHE 1
);


--
-- TOC entry 220 (class 1259 OID 16398)
-- Name: django_content_type; Type: TABLE; Schema: public; Owner: -
--

CREATE TABLE public.django_content_type (
    id integer NOT NULL,
    app_label character varying(100) NOT NULL,
    model character varying(100) NOT NULL
);


--
-- TOC entry 219 (class 1259 OID 16397)
-- Name: django_content_type_id_seq; Type: SEQUENCE; Schema: public; Owner: -
--

ALTER TABLE public.django_content_type ALTER COLUMN id ADD GENERATED BY DEFAULT AS IDENTITY (
    SEQUENCE NAME public.django_content_type_id_seq
    START WITH 1
    INCREMENT BY 1
    NO MINVALUE
    NO MAXVALUE
    CACHE 1
);


--
-- TOC entry 218 (class 1259 OID 16390)
-- Name: django_migrations; Type: TABLE; Schema: public; Owner: -
--

CREATE TABLE public.django_migrations (
    id bigint NOT NULL,
    app character varying(255) NOT NULL,
    name character varying(255) NOT NULL,
    applied timestamp with time zone NOT NULL
);


--
-- TOC entry 217 (class 1259 OID 16389)
-- Name: django_migrations_id_seq; Type: SEQUENCE; Schema: public; Owner: -
--

ALTER TABLE public.django_migrations ALTER COLUMN id ADD GENERATED BY DEFAULT AS IDENTITY (
    SEQUENCE NAME public.django_migrations_id_seq
    START WITH 1
    INCREMENT BY 1
    NO MINVALUE
    NO MAXVALUE
    CACHE 1
);


--
-- TOC entry 275 (class 1259 OID 16913)
-- Name: django_session; Type: TABLE; Schema: public; Owner: -
--

CREATE TABLE public.django_session (
    session_key character varying(40) NOT NULL,
    session_data text NOT NULL,
    expire_date timestamp with time zone NOT NULL
);


--
-- TOC entry 277 (class 1259 OID 16923)
-- Name: django_site; Type: TABLE; Schema: public; Owner: -
--

CREATE TABLE public.django_site (
    id integer NOT NULL,
    domain character varying(100) NOT NULL,
    name character varying(50) NOT NULL
);


--
-- TOC entry 276 (class 1259 OID 16922)
-- Name: django_site_id_seq; Type: SEQUENCE; Schema: public; Owner: -
--

ALTER TABLE public.django_site ALTER COLUMN id ADD GENERATED BY DEFAULT AS IDENTITY (
    SEQUENCE NAME public.django_site_id_seq
    START WITH 1
    INCREMENT BY 1
    NO MINVALUE
    NO MAXVALUE
    CACHE 1
);


--
-- TOC entry 265 (class 1259 OID 16784)
-- Name: investments_dailyroipayout; Type: TABLE; Schema: public; Owner: -
--

CREATE TABLE public.investments_dailyroipayout (
    id bigint NOT NULL,
    payout_date date NOT NULL,
    amount numeric(18,2) NOT NULL,
    created_at timestamp with time zone NOT NULL,
    investment_id bigint NOT NULL,
    credited_at timestamp with time zone,
    credited_tx uuid
);


--
-- TOC entry 264 (class 1259 OID 16783)
-- Name: investments_dailyroipayout_id_seq; Type: SEQUENCE; Schema: public; Owner: -
--

ALTER TABLE public.investments_dailyroipayout ALTER COLUMN id ADD GENERATED BY DEFAULT AS IDENTITY (
    SEQUENCE NAME public.investments_dailyroipayout_id_seq
    START WITH 1
    INCREMENT BY 1
    NO MINVALUE
    NO MAXVALUE
    CACHE 1
);


--
-- TOC entry 269 (class 1259 OID 16796)
-- Name: investments_plan; Type: TABLE; Schema: public; Owner: -
--

CREATE TABLE public.investments_plan (
    id bigint NOT NULL,
    name character varying(100) NOT NULL,
    description text NOT NULL,
    daily_roi numeric(5,2) NOT NULL,
    duration_days integer NOT NULL,
    min_amount numeric(12,2) NOT NULL,
    max_amount numeric(12,2) NOT NULL,
    created_at timestamp with time zone NOT NULL,
    CONSTRAINT investments_plan_duration_days_check CHECK ((duration_days >= 0)),
    CONSTRAINT min_amount_lte_max_amount CHECK ((min_amount <= max_amount)),
    CONSTRAINT positive_duration CHECK ((duration_days > 0)),
    CONSTRAINT valid_daily_roi CHECK (((daily_roi >= 0.00) AND (daily_roi <= 2.00)))
);


--
-- TOC entry 268 (class 1259 OID 16795)
-- Name: investments_plan_id_seq; Type: SEQUENCE; Schema: public; Owner: -
--

ALTER TABLE public.investments_plan ALTER COLUMN id ADD GENERATED BY DEFAULT AS IDENTITY (
    SEQUENCE NAME public.investments_plan_id_seq
    START WITH 1
    INCREMENT BY 1
    NO MINVALUE
    NO MAXVALUE
    CACHE 1
);


--
-- TOC entry 267 (class 1259 OID 16790)
-- Name: investments_user_investment; Type: TABLE; Schema: public; Owner: -
--

CREATE TABLE public.investments_user_investment (
    id bigint NOT NULL,
    amount numeric(12,2) NOT NULL,
    status character varying(20) NOT NULL,
    started_at timestamp with time zone,
    ends_at timestamp with time zone,
    created_at timestamp with time zone NOT NULL,
    plan_id bigint NOT NULL,
    user_id bigint NOT NULL,
    CONSTRAINT positive_investment_amount CHECK ((amount > (0)::numeric))
);


--
-- TOC entry 266 (class 1259 OID 16789)
-- Name: investments_user_investment_id_seq; Type: SEQUENCE; Schema: public; Owner: -
--

ALTER TABLE public.investments_user_investment ALTER COLUMN id ADD GENERATED BY DEFAULT AS IDENTITY (
    SEQUENCE NAME public.investments_user_investment_id_seq
    START WITH 1
    INCREMENT BY 1
    NO MINVALUE
    NO MAXVALUE
    CACHE 1
);


--
-- TOC entry 271 (class 1259 OID 16844)
-- Name: referral_codes; Type: TABLE; Schema: public; Owner: -
--

CREATE TABLE public.referral_codes (
    id uuid NOT NULL,
    code character varying(32) NOT NULL,
    active boolean NOT NULL,
    created_at timestamp with time zone NOT NULL,
    meta jsonb NOT NULL,
    user_id bigint NOT NULL
);


--
-- TOC entry 272 (class 1259 OID 16853)
-- Name: referral_rewards; Type: TABLE; Schema: public; Owner: -
--

CREATE TABLE public.referral_rewards (
    id uuid NOT NULL,
    reward_type character varying(32) NOT NULL,
    amount numeric(20,8) NOT NULL,
    currency character varying(8) NOT NULL,
    created_at timestamp with time zone NOT NULL,
    approved boolean NOT NULL,
    approved_at timestamp with time zone,
    meta jsonb NOT NULL,
    approved_by_id bigint,
    created_by_id bigint,
    referral_id uuid
);


--
-- TOC entry 274 (class 1259 OID 16861)
-- Name: referral_settings; Type: TABLE; Schema: public; Owner: -
--

CREATE TABLE public.referral_settings (
    id bigint NOT NULL,
    key character varying(64) NOT NULL,
    value jsonb NOT NULL,
    updated_at timestamp with time zone NOT NULL
);


--
-- TOC entry 273 (class 1259 OID 16860)
-- Name: referral_settings_id_seq; Type: SEQUENCE; Schema: public; Owner: -
--

ALTER TABLE public.referral_settings ALTER COLUMN id ADD GENERATED BY DEFAULT AS IDENTITY (
    SEQUENCE NAME public.referral_settings_id_seq
    START WITH 1
    INCREMENT BY 1
    NO MINVALUE
    NO MAXVALUE
    CACHE 1
);


--
-- TOC entry 270 (class 1259 OID 16837)
-- Name: referrals; Type: TABLE; Schema: public; Owner: -
--

CREATE TABLE public.referrals (
    id uuid NOT NULL,
    code character varying(32) NOT NULL,
    created_at timestamp with time zone NOT NULL,
    reward_processed boolean NOT NULL,
    reward_processed_at timestamp with time zone,
    status character varying(20) NOT NULL,
    meta jsonb NOT NULL,
    referred_user_id bigint NOT NULL,
    referrer_id bigint
);


--
-- TOC entry 279 (class 1259 OID 16932)
-- Name: socialaccount_socialaccount; Type: TABLE; Schema: public; Owner: -
--

CREATE TABLE public.socialaccount_socialaccount (
    id integer NOT NULL,
    provider character varying(200) NOT NULL,
    uid character varying(191) NOT NULL,
    last_login timestamp with time zone NOT NULL,
    date_joined timestamp with time zone NOT NULL,
    extra_data jsonb NOT NULL,
    user_id bigint NOT NULL
);


--
-- TOC entry 278 (class 1259 OID 16931)
-- Name: socialaccount_socialaccount_id_seq; Type: SEQUENCE; Schema: public; Owner: -
--

ALTER TABLE public.socialaccount_socialaccount ALTER COLUMN id ADD GENERATED BY DEFAULT AS IDENTITY (
    SEQUENCE NAME public.socialaccount_socialaccount_id_seq
    START WITH 1
    INCREMENT BY 1
    NO MINVALUE
    NO MAXVALUE
    CACHE 1
);


--
-- TOC entry 281 (class 1259 OID 16940)
-- Name: socialaccount_socialapp; Type: TABLE; Schema: public; Owner: -
--

CREATE TABLE public.socialaccount_socialapp (
    id integer NOT NULL,
    provider character varying(30) NOT NULL,
    name character varying(40) NOT NULL,
    client_id character varying(191) NOT NULL,
    secret character varying(191) NOT NULL,
    key character varying(191) NOT NULL,
    provider_id character varying(200) NOT NULL,
    settings jsonb NOT NULL
);


--
-- TOC entry 280 (class 1259 OID 16939)
-- Name: socialaccount_socialapp_id_seq; Type: SEQUENCE; Schema: public; Owner: -
--

ALTER TABLE public.socialaccount_socialapp ALTER COLUMN id ADD GENERATED BY DEFAULT AS IDENTITY (
    SEQUENCE NAME public.socialaccount_socialapp_id_seq
    START WITH 1
    INCREMENT BY 1
    NO MINVALUE
    NO MAXVALUE
    CACHE 1
);


--
-- TOC entry 283 (class 1259 OID 16946)
-- Name: socialaccount_socialapp_sites; Type: TABLE; Schema: public; Owner: -
--

CREATE TABLE public.socialaccount_socialapp_sites (
    id bigint NOT NULL,
    socialapp_id integer NOT NULL,
    site_id integer NOT NULL
);


--
-- TOC entry 282 (class 1259 OID 16945)
-- Name: socialaccount_socialapp_sites_id_seq; Type: SEQUENCE; Schema: public; Owner: -
--

ALTER TABLE public.socialaccount_socialapp_sites ALTER COLUMN id ADD GENERATED BY DEFAULT AS IDENTITY (
    SEQUENCE NAME public.socialaccount_socialapp_sites_id_seq
    START WITH 1
    INCREMENT BY 1
    NO MINVALUE
    NO MAXVALUE
    CACHE 1
);


--
-- TOC entry 285 (class 1259 OID 16952)
-- Name: socialaccount_socialtoken; Type: TABLE; Schema: public; Owner: -
--

CREATE TABLE public.socialaccount_socialtoken (
    id integer NOT NULL,
    token text NOT NULL,
    token_secret text NOT NULL,
    expires_at timestamp with time zone,
    account_id integer NOT NULL,
    app_id integer
);


--
-- TOC entry 284 (class 1259 OID 16951)
-- Name: socialaccount_socialtoken_id_seq; Type: SEQUENCE; Schema: public; Owner: -
--

ALTER TABLE public.socialaccount_socialtoken ALTER COLUMN id ADD GENERATED BY DEFAULT AS IDENTITY (
    SEQUENCE NAME public.socialaccount_socialtoken_id_seq
    START WITH 1
    INCREMENT BY 1
    NO MINVALUE
    NO MAXVALUE
    CACHE 1
);


--
-- TOC entry 287 (class 1259 OID 17016)
-- Name: token_blacklist_blacklistedtoken; Type: TABLE; Schema: public; Owner: -
--

CREATE TABLE public.token_blacklist_blacklistedtoken (
    id bigint NOT NULL,
    blacklisted_at timestamp with time zone NOT NULL,
    token_id bigint NOT NULL
);


--
-- TOC entry 286 (class 1259 OID 17015)
-- Name: token_blacklist_blacklistedtoken_id_seq; Type: SEQUENCE; Schema: public; Owner: -
--

ALTER TABLE public.token_blacklist_blacklistedtoken ALTER COLUMN id ADD GENERATED BY DEFAULT AS IDENTITY (
    SEQUENCE NAME public.token_blacklist_blacklistedtoken_id_seq
    START WITH 1
    INCREMENT BY 1
    NO MINVALUE
    NO MAXVALUE
    CACHE 1
);


--
-- TOC entry 289 (class 1259 OID 17022)
-- Name: token_blacklist_outstandingtoken; Type: TABLE; Schema: public; Owner: -
--

CREATE TABLE public.token_blacklist_outstandingtoken (
    id bigint NOT NULL,
    token text NOT NULL,
    created_at timestamp with time zone,
    expires_at timestamp with time zone NOT NULL,
    user_id bigint,
    jti character varying(255) NOT NULL
);


--
-- TOC entry 288 (class 1259 OID 17021)
-- Name: token_blacklist_outstandingtoken_id_seq; Type: SEQUENCE; Schema: public; Owner: -
--

ALTER TABLE public.token_blacklist_outstandingtoken ALTER COLUMN id ADD GENERATED BY DEFAULT AS IDENTITY (
    SEQUENCE NAME public.token_blacklist_outstandingtoken_id_seq
    START WITH 1
    INCREMENT BY 1
    NO MINVALUE
    NO MAXVALUE
    CACHE 1
);


--
-- TOC entry 291 (class 1259 OID 17093)
-- Name: transactions_admin_notification; Type: TABLE; Schema: public; Owner: -
--

CREATE TABLE public.transactions_admin_notification (
    id uuid NOT NULL,
    notification_type character varying(30) NOT NULL,
    title character varying(200) NOT NULL,
    message text NOT NULL,
    entity_type character varying(20),
    entity_id character varying(100),
    priority character varying(10) NOT NULL,
    is_read boolean NOT NULL,
    is_resolved boolean NOT NULL,
    resolved_at timestamp with time zone,
    created_at timestamp with time zone NOT NULL,
    resolved_by_id bigint,
    user_id bigint
);


--
-- TOC entry 290 (class 1259 OID 17086)
-- Name: transactions_audit_log; Type: TABLE; Schema: public; Owner: -
--

CREATE TABLE public.transactions_audit_log (
    id uuid NOT NULL,
    entity character varying(20) NOT NULL,
    entity_id character varying(100) NOT NULL,
    action character varying(20) NOT NULL,
    notes text NOT NULL,
    created_at timestamp with time zone NOT NULL,
    admin_id bigint NOT NULL
);


--
-- TOC entry 293 (class 1259 OID 17101)
-- Name: transactions_crypto_wallet; Type: TABLE; Schema: public; Owner: -
--

CREATE TABLE public.transactions_crypto_wallet (
    id bigint NOT NULL,
    currency character varying(10) NOT NULL,
    wallet_address character varying(255) NOT NULL,
    network character varying(50) NOT NULL,
    is_active boolean NOT NULL,
    created_at timestamp with time zone NOT NULL,
    updated_at timestamp with time zone NOT NULL
);


--
-- TOC entry 292 (class 1259 OID 17100)
-- Name: transactions_crypto_wallet_id_seq; Type: SEQUENCE; Schema: public; Owner: -
--

ALTER TABLE public.transactions_crypto_wallet ALTER COLUMN id ADD GENERATED BY DEFAULT AS IDENTITY (
    SEQUENCE NAME public.transactions_crypto_wallet_id_seq
    START WITH 1
    INCREMENT BY 1
    NO MINVALUE
    NO MAXVALUE
    CACHE 1
);


--
-- TOC entry 294 (class 1259 OID 17108)
-- Name: transactions_transaction; Type: TABLE; Schema: public; Owner: -
--

CREATE TABLE public.transactions_transaction (
    id uuid NOT NULL,
    tx_type character varying(20) NOT NULL,
    payment_method character varying(20) NOT NULL,
    amount numeric(12,2) NOT NULL,
    reference text NOT NULL,
    tx_hash character varying(255) NOT NULL,
    wallet_address_used character varying(255) NOT NULL,
    status character varying(20) NOT NULL,
    notes text NOT NULL,
    created_at timestamp with time zone NOT NULL,
    updated_at timestamp with time zone NOT NULL,
    approved_by_id bigint,
    user_id bigint NOT NULL,
    investment_id bigint,
    CONSTRAINT positive_transaction_amount CHECK ((amount > 0.00))
);


--
-- TOC entry 295 (class 1259 OID 17115)
-- Name: transactions_virtual_card; Type: TABLE; Schema: public; Owner: -
--

CREATE TABLE public.transactions_virtual_card (
    id uuid NOT NULL,
    card_type character varying(20) NOT NULL,
    card_number character varying(16) NOT NULL,
    cardholder_name character varying(100) NOT NULL,
    expiry_month character varying(2) NOT NULL,
    expiry_year character varying(2) NOT NULL,
    cvv character varying(3) NOT NULL,
    balance numeric(12,2) NOT NULL,
    purchase_amount numeric(12,2) NOT NULL,
    status character varying(20) NOT NULL,
    is_active boolean NOT NULL,
    notes text NOT NULL,
    created_at timestamp with time zone NOT NULL,
    updated_at timestamp with time zone NOT NULL,
    expires_at timestamp with time zone,
    approved_by_id bigint,
    user_id bigint NOT NULL,
    CONSTRAINT positive_card_balance CHECK ((balance >= 0.00)),
    CONSTRAINT positive_purchase_amount CHECK ((purchase_amount > 0.00))
);


--
-- TOC entry 238 (class 1259 OID 16490)
-- Name: users_emailverification; Type: TABLE; Schema: public; Owner: -
--

CREATE TABLE public.users_emailverification (
    id bigint NOT NULL,
    token character varying(64) NOT NULL,
    expires_at timestamp with time zone NOT NULL,
    used_at timestamp with time zone,
    created_at timestamp with time zone NOT NULL,
    user_id bigint NOT NULL
);


--
-- TOC entry 237 (class 1259 OID 16489)
-- Name: users_emailverification_id_seq; Type: SEQUENCE; Schema: public; Owner: -
--

ALTER TABLE public.users_emailverification ALTER COLUMN id ADD GENERATED BY DEFAULT AS IDENTITY (
    SEQUENCE NAME public.users_emailverification_id_seq
    START WITH 1
    INCREMENT BY 1
    NO MINVALUE
    NO MAXVALUE
    CACHE 1
);


--
-- TOC entry 239 (class 1259 OID 16497)
-- Name: users_kyc_application; Type: TABLE; Schema: public; Owner: -
--

CREATE TABLE public.users_kyc_application (
    id uuid NOT NULL,
    status character varying(20) NOT NULL,
    personal_info jsonb NOT NULL,
    document_info jsonb NOT NULL,
    personal_info_submitted_at timestamp with time zone,
    document_submitted_at timestamp with time zone,
    last_submitted_at timestamp with time zone,
    reviewed_at timestamp with time zone,
    reviewer_notes text NOT NULL,
    rejection_reason text NOT NULL,
    created_at timestamp with time zone NOT NULL,
    updated_at timestamp with time zone NOT NULL,
    reviewed_by_id bigint,
    user_id bigint NOT NULL
);


--
-- TOC entry 296 (class 1259 OID 49153)
-- Name: users_kyc_document; Type: TABLE; Schema: public; Owner: -
--

CREATE TABLE public.users_kyc_document (
    id uuid NOT NULL,
    document_type character varying(20) NOT NULL,
    document_file character varying(100) NOT NULL,
    status character varying(20) NOT NULL,
    submitted_at timestamp with time zone NOT NULL,
    reviewed_at timestamp with time zone,
    rejection_reason text NOT NULL,
    created_at timestamp with time zone NOT NULL,
    updated_at timestamp with time zone NOT NULL,
    kyc_application_id uuid,
    reviewed_by_id bigint,
    user_id bigint NOT NULL
);


--
-- TOC entry 240 (class 1259 OID 16504)
-- Name: users_notification; Type: TABLE; Schema: public; Owner: -
--

CREATE TABLE public.users_notification (
    id uuid NOT NULL,
    notification_type character varying(30) NOT NULL,
    title character varying(200) NOT NULL,
    message text NOT NULL,
    action_url character varying(255) NOT NULL,
    entity_type character varying(20) NOT NULL,
    entity_id character varying(100) NOT NULL,
    priority character varying(10) NOT NULL,
    is_read boolean NOT NULL,
    read_at timestamp with time zone,
    created_at timestamp with time zone NOT NULL,
    expires_at timestamp with time zone,
    user_id bigint NOT NULL
);


--
-- TOC entry 234 (class 1259 OID 16474)
-- Name: users_profile; Type: TABLE; Schema: public; Owner: -
--

CREATE TABLE public.users_profile (
    id bigint NOT NULL,
    role character varying(10) NOT NULL,
    full_name character varying(255) NOT NULL,
    created_at timestamp with time zone NOT NULL,
    email_notifications_enabled boolean NOT NULL,
    email_welcome boolean NOT NULL,
    email_transactions boolean NOT NULL,
    email_investments boolean NOT NULL,
    email_roi_payouts boolean NOT NULL,
    email_wallet_updates boolean NOT NULL,
    email_security_alerts boolean NOT NULL,
    email_marketing boolean NOT NULL,
    email_verified boolean NOT NULL,
    user_id bigint NOT NULL
);


--
-- TOC entry 233 (class 1259 OID 16473)
-- Name: users_profile_id_seq; Type: SEQUENCE; Schema: public; Owner: -
--

ALTER TABLE public.users_profile ALTER COLUMN id ADD GENERATED BY DEFAULT AS IDENTITY (
    SEQUENCE NAME public.users_profile_id_seq
    START WITH 1
    INCREMENT BY 1
    NO MINVALUE
    NO MAXVALUE
    CACHE 1
);


--
-- TOC entry 228 (class 1259 OID 16452)
-- Name: users_user; Type: TABLE; Schema: public; Owner: -
--

CREATE TABLE public.users_user (
    id bigint NOT NULL,
    password character varying(128) NOT NULL,
    last_login timestamp with time zone,
    is_superuser boolean NOT NULL,
    username character varying(150) NOT NULL,
    first_name character varying(150) NOT NULL,
    last_name character varying(150) NOT NULL,
    email character varying(254) NOT NULL,
    is_staff boolean NOT NULL,
    is_active boolean NOT NULL,
    date_joined timestamp with time zone NOT NULL
);


--
-- TOC entry 230 (class 1259 OID 16462)
-- Name: users_user_groups; Type: TABLE; Schema: public; Owner: -
--

CREATE TABLE public.users_user_groups (
    id bigint NOT NULL,
    user_id bigint NOT NULL,
    group_id integer NOT NULL
);


--
-- TOC entry 229 (class 1259 OID 16461)
-- Name: users_user_groups_id_seq; Type: SEQUENCE; Schema: public; Owner: -
--

ALTER TABLE public.users_user_groups ALTER COLUMN id ADD GENERATED BY DEFAULT AS IDENTITY (
    SEQUENCE NAME public.users_user_groups_id_seq
    START WITH 1
    INCREMENT BY 1
    NO MINVALUE
    NO MAXVALUE
    CACHE 1
);


--
-- TOC entry 227 (class 1259 OID 16451)
-- Name: users_user_id_seq; Type: SEQUENCE; Schema: public; Owner: -
--

ALTER TABLE public.users_user ALTER COLUMN id ADD GENERATED BY DEFAULT AS IDENTITY (
    SEQUENCE NAME public.users_user_id_seq
    START WITH 1
    INCREMENT BY 1
    NO MINVALUE
    NO MAXVALUE
    CACHE 1
);


--
-- TOC entry 232 (class 1259 OID 16468)
-- Name: users_user_user_permissions; Type: TABLE; Schema: public; Owner: -
--

CREATE TABLE public.users_user_user_permissions (
    id bigint NOT NULL,
    user_id bigint NOT NULL,
    permission_id integer NOT NULL
);


--
-- TOC entry 231 (class 1259 OID 16467)
-- Name: users_user_user_permissions_id_seq; Type: SEQUENCE; Schema: public; Owner: -
--

ALTER TABLE public.users_user_user_permissions ALTER COLUMN id ADD GENERATED BY DEFAULT AS IDENTITY (
    SEQUENCE NAME public.users_user_user_permissions_id_seq
    START WITH 1
    INCREMENT BY 1
    NO MINVALUE
    NO MAXVALUE
    CACHE 1
);


--
-- TOC entry 236 (class 1259 OID 16482)
-- Name: users_wallet; Type: TABLE; Schema: public; Owner: -
--

CREATE TABLE public.users_wallet (
    id bigint NOT NULL,
    balance numeric(12,2) NOT NULL,
    updated_at timestamp with time zone NOT NULL,
    user_id bigint NOT NULL
);


--
-- TOC entry 235 (class 1259 OID 16481)
-- Name: users_wallet_id_seq; Type: SEQUENCE; Schema: public; Owner: -
--

ALTER TABLE public.users_wallet ALTER COLUMN id ADD GENERATED BY DEFAULT AS IDENTITY (
    SEQUENCE NAME public.users_wallet_id_seq
    START WITH 1
    INCREMENT BY 1
    NO MINVALUE
    NO MAXVALUE
    CACHE 1
);


--
-- TOC entry 4001 (class 0 OID 16585)
-- Dependencies: 242
-- Data for Name: account_emailaddress; Type: TABLE DATA; Schema: public; Owner: -
--

COPY public.account_emailaddress (id, email, verified, "primary", user_id) FROM stdin;
1	ozoaninnabuike@gmail.com	f	f	4
2	teddybjorn72@live.no	f	f	2
\.


--
-- TOC entry 4003 (class 0 OID 16593)
-- Dependencies: 244
-- Data for Name: account_emailconfirmation; Type: TABLE DATA; Schema: public; Owner: -
--

COPY public.account_emailconfirmation (id, created, sent, key, email_address_id) FROM stdin;
\.


--
-- TOC entry 3983 (class 0 OID 16412)
-- Dependencies: 224
-- Data for Name: auth_group; Type: TABLE DATA; Schema: public; Owner: -
--

COPY public.auth_group (id, name) FROM stdin;
2	Platform Admin
1	authorization
\.


--
-- TOC entry 3985 (class 0 OID 16420)
-- Dependencies: 226
-- Data for Name: auth_group_permissions; Type: TABLE DATA; Schema: public; Owner: -
--

COPY public.auth_group_permissions (id, group_id, permission_id) FROM stdin;
165	2	1
166	2	2
167	2	3
168	2	4
169	2	5
170	2	6
171	2	7
172	2	8
173	2	9
174	2	10
175	2	11
176	2	12
177	2	13
178	2	14
179	2	15
180	2	16
181	2	17
182	2	18
183	2	19
184	2	20
185	2	21
186	2	22
187	2	23
188	2	24
189	2	25
190	2	26
191	2	27
192	2	28
193	2	29
194	2	30
195	2	31
196	2	32
197	2	33
198	2	34
199	2	35
200	2	36
201	2	37
202	2	38
203	2	39
204	2	40
205	2	41
206	2	42
207	2	43
208	2	44
209	2	45
210	2	46
211	2	47
212	2	48
213	2	49
214	2	50
215	2	51
216	2	52
217	2	53
218	2	54
219	2	55
220	2	56
221	2	57
222	2	58
223	2	59
224	2	60
225	2	61
226	2	62
227	2	63
228	2	64
229	2	65
230	2	66
231	2	67
232	2	68
233	2	69
234	2	70
235	2	71
236	2	72
237	2	73
238	2	74
239	2	75
240	2	76
241	2	77
242	2	78
243	2	79
244	2	80
245	2	81
246	2	82
247	2	83
248	2	84
249	2	85
250	2	86
251	2	87
252	2	88
253	2	89
254	2	90
255	2	91
256	2	92
257	2	93
258	2	94
259	2	95
260	2	96
261	2	97
262	2	98
263	2	99
264	2	100
265	2	101
266	2	102
267	2	103
268	2	104
269	2	105
270	2	106
271	2	107
272	2	108
273	2	109
274	2	110
275	2	111
276	2	112
277	2	113
278	2	114
279	2	115
280	2	116
281	2	117
282	2	118
283	2	119
284	2	120
285	2	121
286	2	122
287	2	123
288	2	124
289	2	125
290	2	126
291	2	127
292	2	128
293	2	129
294	2	130
295	2	131
296	2	132
297	2	133
298	2	134
299	2	135
300	2	136
301	2	137
302	2	138
303	2	139
304	2	140
305	2	141
306	2	142
307	2	143
308	2	144
309	2	145
310	2	146
311	2	147
312	2	148
313	2	149
314	2	150
315	2	151
316	2	152
317	2	153
318	2	154
319	2	155
320	2	156
321	2	157
322	2	158
323	2	159
324	2	160
325	2	161
326	2	162
327	2	163
328	2	164
\.


--
-- TOC entry 3981 (class 0 OID 16406)
-- Dependencies: 222
-- Data for Name: auth_permission; Type: TABLE DATA; Schema: public; Owner: -
--

COPY public.auth_permission (id, name, content_type_id, codename) FROM stdin;
1	Can add log entry	1	add_logentry
2	Can change log entry	1	change_logentry
3	Can delete log entry	1	delete_logentry
4	Can view log entry	1	view_logentry
5	Can add permission	2	add_permission
6	Can change permission	2	change_permission
7	Can delete permission	2	delete_permission
8	Can view permission	2	view_permission
9	Can add group	3	add_group
10	Can change group	3	change_group
11	Can delete group	3	delete_group
12	Can view group	3	view_group
13	Can add content type	4	add_contenttype
14	Can change content type	4	change_contenttype
15	Can delete content type	4	delete_contenttype
16	Can view content type	4	view_contenttype
17	Can add session	5	add_session
18	Can change session	5	change_session
19	Can delete session	5	delete_session
20	Can view session	5	view_session
21	Can add site	6	add_site
22	Can change site	6	change_site
23	Can delete site	6	delete_site
24	Can view site	6	view_site
25	Can add Token	7	add_token
26	Can change Token	7	change_token
27	Can delete Token	7	delete_token
28	Can view Token	7	view_token
29	Can add Token	8	add_tokenproxy
30	Can change Token	8	change_tokenproxy
31	Can delete Token	8	delete_tokenproxy
32	Can view Token	8	view_tokenproxy
33	Can add blacklisted token	9	add_blacklistedtoken
34	Can change blacklisted token	9	change_blacklistedtoken
35	Can delete blacklisted token	9	delete_blacklistedtoken
36	Can view blacklisted token	9	view_blacklistedtoken
37	Can add outstanding token	10	add_outstandingtoken
38	Can change outstanding token	10	change_outstandingtoken
39	Can delete outstanding token	10	delete_outstandingtoken
40	Can view outstanding token	10	view_outstandingtoken
41	Can add email address	11	add_emailaddress
42	Can change email address	11	change_emailaddress
43	Can delete email address	11	delete_emailaddress
44	Can view email address	11	view_emailaddress
45	Can add email confirmation	12	add_emailconfirmation
46	Can change email confirmation	12	change_emailconfirmation
47	Can delete email confirmation	12	delete_emailconfirmation
48	Can view email confirmation	12	view_emailconfirmation
49	Can add social account	13	add_socialaccount
50	Can change social account	13	change_socialaccount
51	Can delete social account	13	delete_socialaccount
52	Can view social account	13	view_socialaccount
53	Can add social application	14	add_socialapp
54	Can change social application	14	change_socialapp
55	Can delete social application	14	delete_socialapp
56	Can view social application	14	view_socialapp
57	Can add social application token	15	add_socialtoken
58	Can change social application token	15	change_socialtoken
59	Can delete social application token	15	delete_socialtoken
60	Can view social application token	15	view_socialtoken
61	Can add incoming email	16	add_incomingemail
62	Can change incoming email	16	change_incomingemail
63	Can delete incoming email	16	delete_incomingemail
64	Can view incoming email	16	view_incomingemail
65	Can add platform certificate	17	add_platformcertificate
66	Can change platform certificate	17	change_platformcertificate
67	Can delete platform certificate	17	delete_platformcertificate
68	Can view platform certificate	17	view_platformcertificate
69	Can add agreement	18	add_agreement
70	Can change agreement	18	change_agreement
71	Can delete agreement	18	delete_agreement
72	Can view agreement	18	view_agreement
73	Can add email template	19	add_emailtemplate
74	Can change email template	19	change_emailtemplate
75	Can delete email template	19	delete_emailtemplate
76	Can view email template	19	view_emailtemplate
77	Can add email attachment	20	add_emailattachment
78	Can change email attachment	20	change_emailattachment
79	Can delete email attachment	20	delete_emailattachment
80	Can view email attachment	20	view_emailattachment
81	Can add support request	21	add_supportrequest
82	Can change support request	21	change_supportrequest
83	Can delete support request	21	delete_supportrequest
84	Can view support request	21	view_supportrequest
85	Can add Email	22	add_emailinbox
86	Can change Email	22	change_emailinbox
87	Can delete Email	22	delete_emailinbox
88	Can view Email	22	view_emailinbox
89	Can add user agreement acceptance	23	add_useragreementacceptance
90	Can change user agreement acceptance	23	change_useragreementacceptance
91	Can delete user agreement acceptance	23	delete_useragreementacceptance
92	Can view user agreement acceptance	23	view_useragreementacceptance
93	Can add user	24	add_user
94	Can change user	24	change_user
95	Can delete user	24	delete_user
96	Can view user	24	view_user
97	Can add profile	25	add_profile
98	Can change profile	25	change_profile
99	Can delete profile	25	delete_profile
100	Can view profile	25	view_profile
101	Can add user wallet	26	add_userwallet
102	Can change user wallet	26	change_userwallet
103	Can delete user wallet	26	delete_userwallet
104	Can view user wallet	26	view_userwallet
105	Can add email verification	27	add_emailverification
106	Can change email verification	27	change_emailverification
107	Can delete email verification	27	delete_emailverification
108	Can view email verification	27	view_emailverification
109	Can add kyc application	28	add_kycapplication
110	Can change kyc application	28	change_kycapplication
111	Can delete kyc application	28	delete_kycapplication
112	Can view kyc application	28	view_kycapplication
113	Can add User Notification	29	add_usernotification
114	Can change User Notification	29	change_usernotification
115	Can delete User Notification	29	delete_usernotification
116	Can view User Notification	29	view_usernotification
117	Can add daily roi payout	30	add_dailyroipayout
118	Can change daily roi payout	30	change_dailyroipayout
119	Can delete daily roi payout	30	delete_dailyroipayout
120	Can view daily roi payout	30	view_dailyroipayout
121	Can add user investment	31	add_userinvestment
122	Can change user investment	31	change_userinvestment
123	Can delete user investment	31	delete_userinvestment
124	Can view user investment	31	view_userinvestment
125	Can add investment plan	32	add_investmentplan
126	Can change investment plan	32	change_investmentplan
127	Can delete investment plan	32	delete_investmentplan
128	Can view investment plan	32	view_investmentplan
129	Can add admin audit log	33	add_adminauditlog
130	Can change admin audit log	33	change_adminauditlog
131	Can delete admin audit log	33	delete_adminauditlog
132	Can view admin audit log	33	view_adminauditlog
133	Can add Admin Notification	34	add_adminnotification
134	Can change Admin Notification	34	change_adminnotification
135	Can delete Admin Notification	34	delete_adminnotification
136	Can view Admin Notification	34	view_adminnotification
137	Can add Cryptocurrency Wallet	35	add_cryptocurrencywallet
138	Can change Cryptocurrency Wallet	35	change_cryptocurrencywallet
139	Can delete Cryptocurrency Wallet	35	delete_cryptocurrencywallet
140	Can view Cryptocurrency Wallet	35	view_cryptocurrencywallet
141	Can add transaction	36	add_transaction
142	Can change transaction	36	change_transaction
143	Can delete transaction	36	delete_transaction
144	Can view transaction	36	view_transaction
145	Can add Virtual Card	37	add_virtualcard
146	Can change Virtual Card	37	change_virtualcard
147	Can delete Virtual Card	37	delete_virtualcard
148	Can view Virtual Card	37	view_virtualcard
149	Can add Referral	38	add_referral
150	Can change Referral	38	change_referral
151	Can delete Referral	38	delete_referral
152	Can view Referral	38	view_referral
153	Can add Referral Code	39	add_referralcode
154	Can change Referral Code	39	change_referralcode
155	Can delete Referral Code	39	delete_referralcode
156	Can view Referral Code	39	view_referralcode
157	Can add Referral Reward	40	add_referralreward
158	Can change Referral Reward	40	change_referralreward
159	Can delete Referral Reward	40	delete_referralreward
160	Can view Referral Reward	40	view_referralreward
161	Can add Referral Setting	41	add_referralsetting
162	Can change Referral Setting	41	change_referralsetting
163	Can delete Referral Setting	41	delete_referralsetting
164	Can view Referral Setting	41	view_referralsetting
165	Can add KYC Document	42	add_kycdocument
166	Can change KYC Document	42	change_kycdocument
167	Can delete KYC Document	42	delete_kycdocument
168	Can view KYC Document	42	view_kycdocument
169	Can add Virtual Card	43	add_virtualcard
170	Can change Virtual Card	43	change_virtualcard
171	Can delete Virtual Card	43	delete_virtualcard
172	Can view Virtual Card	43	view_virtualcard
173	Can add card transaction	44	add_cardtransaction
174	Can change card transaction	44	change_cardtransaction
175	Can delete card transaction	44	delete_cardtransaction
176	Can view card transaction	44	view_cardtransaction
\.


--
-- TOC entry 4006 (class 0 OID 16645)
-- Dependencies: 247
-- Data for Name: authtoken_token; Type: TABLE DATA; Schema: public; Owner: -
--

COPY public.authtoken_token (key, created, user_id) FROM stdin;
\.


--
-- TOC entry 4059 (class 0 OID 73740)
-- Dependencies: 300
-- Data for Name: cards_cardtransaction; Type: TABLE DATA; Schema: public; Owner: -
--

COPY public.cards_cardtransaction (id, stripe_auth_id, amount, currency, merchant, status, created_at, card_id) FROM stdin;
\.


--
-- TOC entry 4057 (class 0 OID 73730)
-- Dependencies: 298
-- Data for Name: cards_virtualcard; Type: TABLE DATA; Schema: public; Owner: -
--

COPY public.cards_virtualcard (id, stripe_cardholder_id, stripe_card_id, last4, exp_month, exp_year, brand, card_type, status, purchase_amount, current_balance, created_at, updated_at, activated_at, user_id) FROM stdin;
\.


--
-- TOC entry 4012 (class 0 OID 16677)
-- Dependencies: 253
-- Data for Name: core_agreement; Type: TABLE DATA; Schema: public; Owner: -
--

COPY public.core_agreement (id, title, slug, version, body, effective_date, is_active, created_at, updated_at) FROM stdin;
\.


--
-- TOC entry 4016 (class 0 OID 16695)
-- Dependencies: 257
-- Data for Name: core_emailattachment; Type: TABLE DATA; Schema: public; Owner: -
--

COPY public.core_emailattachment (id, filename, file, uploaded_at, email_id) FROM stdin;
\.


--
-- TOC entry 4020 (class 0 OID 16709)
-- Dependencies: 261
-- Data for Name: core_emailinbox; Type: TABLE DATA; Schema: public; Owner: -
--

COPY public.core_emailinbox (id, message_id, subject, from_email, from_name, to_email, cc, bcc, reply_to, body_text, body_html, has_attachments, attachment_info, status, priority, is_starred, labels, folder, read_at, replied_at, received_at, ip_address, created_at, updated_at, raw_headers, raw_email, assigned_to_id) FROM stdin;
\.


--
-- TOC entry 4014 (class 0 OID 16685)
-- Dependencies: 255
-- Data for Name: core_emailtemplate; Type: TABLE DATA; Schema: public; Owner: -
--

COPY public.core_emailtemplate (id, name, subject, body, category, is_active, created_at, updated_at, created_by_id) FROM stdin;
\.


--
-- TOC entry 4008 (class 0 OID 16659)
-- Dependencies: 249
-- Data for Name: core_incomingemail; Type: TABLE DATA; Schema: public; Owner: -
--

COPY public.core_incomingemail (id, subject, sender, recipients, body, raw_date, received_by, created_at) FROM stdin;
\.


--
-- TOC entry 4010 (class 0 OID 16667)
-- Dependencies: 251
-- Data for Name: core_platformcertificate; Type: TABLE DATA; Schema: public; Owner: -
--

COPY public.core_platformcertificate (id, title, certificate_id, issue_date, jurisdiction, issuing_authority, verification_url, authority_seal_url, signature_1_url, signature_2_url, is_active, created_at, updated_at) FROM stdin;
1	Certificate of Operation	WC-OP-2025-0001	2026-01-08	United States	Issuing Authority (Placeholder)	https://wolvcapital.com/legal/certificate-of-operation				t	2026-01-08 14:03:48.404413+00	2026-01-08 14:03:48.40445+00
\.


--
-- TOC entry 4018 (class 0 OID 16701)
-- Dependencies: 259
-- Data for Name: core_supportrequest; Type: TABLE DATA; Schema: public; Owner: -
--

COPY public.core_supportrequest (id, full_name, contact_email, topic, source_url, message, status, admin_notes, responded_at, ip_address, user_agent, created_at, updated_at, handled_by_id, user_id) FROM stdin;
\.


--
-- TOC entry 4022 (class 0 OID 16719)
-- Dependencies: 263
-- Data for Name: core_useragreementacceptance; Type: TABLE DATA; Schema: public; Owner: -
--

COPY public.core_useragreementacceptance (id, accepted_at, ip_address, user_agent, agreement_hash, agreement_version, agreement_id, user_id) FROM stdin;
\.


--
-- TOC entry 4005 (class 0 OID 16625)
-- Dependencies: 246
-- Data for Name: django_admin_log; Type: TABLE DATA; Schema: public; Owner: -
--

COPY public.django_admin_log (id, action_time, object_id, object_repr, action_flag, change_message, content_type_id, user_id) FROM stdin;
1	2026-01-09 03:47:29.380665+00	096f3561-cadb-4386-9bc3-c1b110090653	teddybjorn72@live.no - deposit - $117.00 - approved	2	[{"changed": {"fields": ["Status", "Approved by"]}}]	36	1
2	2026-01-09 12:23:44.666667+00	1	authorization	1	[{"added": {}}]	3	1
3	2026-01-10 02:57:11.302113+00	3	teddybjorn72@live.no - Horizon - 7800.00	2	[{"changed": {"fields": ["Status"]}}]	31	1
4	2026-01-10 05:40:10.520352+00	1	authorization	2	[{"changed": {"fields": ["Permissions"]}}]	3	1
5	2026-01-10 05:41:54.118279+00	3	teddybjorn72@live.no - Horizon - 7800.00	2	[{"changed": {"fields": ["Status", "Ends at"]}}]	31	1
6	2026-01-10 05:45:43.664216+00	1	teddybjorn72@live.no - Vanguard - 4999.00	2	[{"changed": {"fields": ["Status", "Ends at"]}}]	31	1
7	2026-01-10 05:47:12.178968+00	7c5afbda-94e9-42ac-8873-7f824d5cf062	4jgktwyh40@zudpck.com - withdrawal - $50000.00 - pending	2	[{"changed": {"fields": ["Tx type", "Approved by"]}}]	36	1
8	2026-01-10 05:51:12.221348+00	2	teddybjorn72@live.no - Horizon - 9000.0	2	[{"changed": {"fields": ["Status", "Ends at"]}}]	31	1
9	2026-01-10 05:57:38.722634+00	4	teddybjorn72@live.no - Horizon - 9000	1	[{"added": {}}]	31	1
10	2026-01-10 13:53:53.490492+00	None	4jgktwyh40@zudpck.com - Horizon - 2000	1	[{"added": {}}]	31	1
11	2026-01-10 13:57:39.233939+00	None	vjhhjdfilg@ozsaip.com - Summit - 20000	1	[{"added": {}}]	31	1
12	2026-01-10 14:02:27.517423+00	6	superuser	1	[{"added": {}}]	24	1
13	2026-01-10 16:09:20.50935+00	7c5afbda-94e9-42ac-8873-7f824d5cf062	4jgktwyh40@zudpck.com - withdrawal - $50000.00 - pending	2	[{"changed": {"fields": ["Notes"]}}]	36	1
14	2026-01-10 16:12:22.178625+00	ba63df39-70e7-46cb-9dad-c04b37913263	4jgktwyh40@zudpck.com - deposit - $100000 - approved	1	[{"added": {}}]	36	1
15	2026-01-11 01:12:10.07538+00	2	teddybjorn72	2	[{"changed": {"fields": ["Username"]}}]	24	1
16	2026-01-11 01:27:35.346353+00	None	4jgktwyh40@zudpck.com - Vanguard - 4999	1	[{"added": {}}]	31	1
17	2026-01-12 04:02:45.481157+00	2	placeholder_teddybjorn72	2	[{"changed": {"fields": ["Username"]}}]	24	1
18	2026-01-15 05:12:26.022042+00	1cb11fbf-1994-42a0-b7b0-f2276af7b0f5	4jgktwyh40@zudpck.com - deposit - $899.98 - approved	2	[{"changed": {"fields": ["Status", "Approved by"]}}]	36	7
19	2026-01-15 05:57:05.770089+00	722c9262-4f55-4600-81ac-f9cbdb30e6f9	ozoaninnabuike@gmail.com - deposit - $500.00 - approved	2	[{"changed": {"fields": ["Status", "Approved by"]}}]	36	1
20	2026-01-15 16:56:51.300654+00	fe842584-29a8-4b70-8aab-4ad4b380b0e6	ozoaninnabuike@gmail.com - deposit - $2000 - pending	1	[{"added": {}}]	36	7
21	2026-01-16 03:14:40.109278+00	fe842584-29a8-4b70-8aab-4ad4b380b0e6	ozoaninnabuike@gmail.com - deposit - $2000.00 - approved	2	[{"changed": {"fields": ["Status", "Approved by"]}}]	36	7
22	2026-01-18 16:22:10.827226+00	None	ozoaninnabuike@gmail.com - Pioneer - 999	1	[{"added": {}}]	31	1
23	2026-01-18 16:25:07.99274+00	None	ozoaninnabuike@gmail.com - Pioneer - 300	1	[{"added": {}}]	31	1
24	2026-01-18 18:24:40.345877+00	347bd265-df98-436b-96bd-a6568852ffad	4jgktwyh40@zudpck.com - deposit - $1000.00 - approved	2	[{"changed": {"fields": ["Status", "Notes", "Approved by"]}}]	36	1
25	2026-01-18 18:27:30.05959+00	None	4jgktwyh40@zudpck.com - Pioneer - 999	1	[{"added": {}}]	31	1
26	2026-01-18 18:29:37.5356+00	None	4jgktwyh40@zudpck.com - Pioneer - 200	1	[{"added": {}}]	31	1
27	2026-01-18 18:35:42.742652+00	None	4jgktwyh40@zudpck.com - Pioneer - 999	1	[{"added": {}}]	31	1
28	2026-02-12 23:38:28.187412+00	bda60823-7ac3-45f5-b69e-1fa5cafb466a	jasonaniusgbian@gmail.com - deposit - $6000.00 - approved	2	[{"changed": {"fields": ["Status", "Approved by"]}}]	36	1
29	2026-02-13 04:14:41.349281+00	3	vjhhjdfilg@ozsaip.com	3		24	7
30	2026-02-13 04:14:41.507189+00	5	4jgktwyh40@zudpck.com	3		24	7
31	2026-02-13 04:14:41.655313+00	8	ph8d2gthkz@wnbaldwy.com	3		24	7
32	2026-02-14 17:42:48.164153+00	5c21dcd5-d604-4897-8fed-86546c61ffcd	jeniferalberf@gmail.com - deposit - $7200 - approved	2	[{"changed": {"fields": ["Amount"]}}]	36	7
33	2026-02-14 18:47:20.653901+00	5	VIP Plan - 0.8% daily	1	[{"added": {}}]	32	7
34	2026-02-14 19:04:15.694594+00	5	VIP Plan - 0.80% daily	3		32	7
35	2026-02-23 01:58:03.17934+00	ba3ed87f-34b5-41c4-ae45-56e016bd4154	teddybjorn72@live.no - deposit - $11074.29 - rejected	2	[{"changed": {"fields": ["Payment method", "Reference", "Status", "Notes"]}}]	36	7
36	2026-02-23 02:04:01.62428+00	ba3ed87f-34b5-41c4-ae45-56e016bd4154	teddybjorn72@live.no - deposit - $11074.29 - rejected	2	[]	36	7
37	2026-02-23 02:53:42.739194+00	1f2330c1-3a63-4d15-a311-8b2870acb50b	ozoaninnabuike@gmail.com - withdrawal - $500 - approved	1	[{"added": {}}]	36	1
38	2026-02-28 19:23:00.516866+00	07910478-4de5-4ce3-b553-63923cc1f63c	KYC ozoaninnabuike@gmail.com - approved	2	[{"changed": {"fields": ["Status", "Reviewed by", "Reviewed at", "Reviewer notes"]}}]	28	1
39	2026-02-28 19:31:45.439082+00	47401109-46b4-48a7-8248-bd7c11cfaef5	KYC teddybjorn72@live.no - rejected	2	[{"changed": {"fields": ["Status", "Reviewed by", "Reviewed at", "Reviewer notes", "Rejection reason"]}}]	28	7
40	2026-02-28 19:32:48.4163+00	8f88c1d5-e278-4b93-8f41-0166d3a536fc	KYC jamescodegh@gmail.com - pending	2	[{"changed": {"fields": ["Reviewed by", "Reviewed at", "Reviewer notes", "Rejection reason"]}}]	28	7
41	2026-02-28 19:33:10.176569+00	8f88c1d5-e278-4b93-8f41-0166d3a536fc	KYC jamescodegh@gmail.com - rejected	2	[{"changed": {"fields": ["Status"]}}]	28	7
42	2026-02-28 22:55:57.585288+00	8f88c1d5-e278-4b93-8f41-0166d3a536fc	KYC jamescodegh@gmail.com - approved	2	[{"changed": {"fields": ["Status", "Reviewer notes", "Rejection reason"]}}]	28	1
43	2026-03-02 16:09:19.200215+00	07910478-4de5-4ce3-b553-63923cc1f63c	KYC ozoaninnabuike@gmail.com - rejected	2	[{"changed": {"fields": ["Status", "Reviewer notes", "Rejection reason"]}}]	28	7
44	2026-03-02 19:39:39.43267+00	07910478-4de5-4ce3-b553-63923cc1f63c	KYC ozoaninnabuike@gmail.com - approved	2	[{"changed": {"fields": ["Status", "Reviewed by", "Reviewed at", "Reviewer notes", "Rejection reason"]}}]	28	7
45	2026-03-02 21:46:34.652258+00	47401109-46b4-48a7-8248-bd7c11cfaef5	KYC teddybjorn72@live.no - rejected	2	[{"changed": {"fields": ["Status", "Reviewed by", "Reviewed at", "Reviewer notes", "Rejection reason"]}}]	28	1
46	2026-03-02 21:51:55.755214+00	8f88c1d5-e278-4b93-8f41-0166d3a536fc	KYC jamescodegh@gmail.com - rejected	2	[{"changed": {"fields": ["Status", "Reviewed by", "Reviewer notes", "Rejection reason"]}}]	28	1
47	2026-03-02 21:51:56.96178+00	8f88c1d5-e278-4b93-8f41-0166d3a536fc	KYC jamescodegh@gmail.com - rejected	2	[]	28	1
48	2026-03-02 22:03:49.742338+00	47401109-46b4-48a7-8248-bd7c11cfaef5	KYC teddybjorn72@live.no - rejected	2	[]	28	7
49	2026-03-02 22:04:54.172176+00	07910478-4de5-4ce3-b553-63923cc1f63c	KYC ozoaninnabuike@gmail.com - rejected	2	[{"changed": {"fields": ["Status", "Reviewer notes", "Rejection reason"]}}]	28	7
50	2026-03-02 22:07:36.501658+00	8f88c1d5-e278-4b93-8f41-0166d3a536fc	KYC jamescodegh@gmail.com - rejected	3		28	1
51	2026-03-02 22:07:36.505109+00	47401109-46b4-48a7-8248-bd7c11cfaef5	KYC teddybjorn72@live.no - rejected	3		28	1
52	2026-03-03 06:44:01.290423+00	1bc38944-d6cb-414a-9c05-b8c465c54491	KYC teddybjorn72@live.no - approved	2	[{"changed": {"fields": ["Status", "Reviewed by", "Reviewed at", "Reviewer notes"]}}]	28	7
53	2026-03-03 06:45:35.075581+00	07910478-4de5-4ce3-b553-63923cc1f63c	KYC ozoaninnabuike@gmail.com - approved	2	[{"changed": {"fields": ["Status"]}}]	28	7
54	2026-03-11 23:02:20.823736+00	b6554e64-c357-418b-9427-fb1fdf029954	ozoaninnabuike@gmail.com - visa - Pending	2	[{"changed": {"fields": ["Status", "Is active", "Approved by"]}}]	37	7
55	2026-03-11 23:04:24.475768+00	b6554e64-c357-418b-9427-fb1fdf029954	ozoaninnabuike@gmail.com - visa - Pending	2	[{"changed": {"fields": ["Status"]}}]	37	7
56	2026-03-12 14:13:02.070417+00	b6554e64-c357-418b-9427-fb1fdf029954	ozoaninnabuike@gmail.com - visa - 3595	2	[{"changed": {"fields": ["Card number", "Cardholder name", "Expiry month", "Expiry year"]}}]	37	7
57	2026-03-18 01:42:53.366648+00	12	sdwzbioqpivmntromy@xfavaj.com	3		24	7
58	2026-03-18 01:42:53.551785+00	13	ponmtqbhdtnzoolutm@nespj.com	3		24	7
59	2026-03-18 01:42:53.719849+00	15	box_i1r6@riskdotmp3.me	3		24	7
60	2026-03-29 10:00:40.887713+00	2db59e4a-89ed-4d33-8417-06f0b929d398	jamescodegh@gmail.com - deposit - $500 - completed	1	[{"added": {}}]	36	7
61	2026-03-29 15:19:40.212875+00	18	richsmearl@gmail.com	3		24	7
62	2026-03-29 15:21:22.79627+00	19	richsmearl@gmail.com	3		24	7
\.


--
-- TOC entry 3979 (class 0 OID 16398)
-- Dependencies: 220
-- Data for Name: django_content_type; Type: TABLE DATA; Schema: public; Owner: -
--

COPY public.django_content_type (id, app_label, model) FROM stdin;
1	admin	logentry
2	auth	permission
3	auth	group
4	contenttypes	contenttype
5	sessions	session
6	sites	site
7	authtoken	token
8	authtoken	tokenproxy
9	token_blacklist	blacklistedtoken
10	token_blacklist	outstandingtoken
11	account	emailaddress
12	account	emailconfirmation
13	socialaccount	socialaccount
14	socialaccount	socialapp
15	socialaccount	socialtoken
16	core	incomingemail
17	core	platformcertificate
18	core	agreement
19	core	emailtemplate
20	core	emailattachment
21	core	supportrequest
22	core	emailinbox
23	core	useragreementacceptance
24	users	user
25	users	profile
26	users	userwallet
27	users	emailverification
28	users	kycapplication
29	users	usernotification
30	investments	dailyroipayout
31	investments	userinvestment
32	investments	investmentplan
33	transactions	adminauditlog
34	transactions	adminnotification
35	transactions	cryptocurrencywallet
36	transactions	transaction
37	transactions	virtualcard
38	referrals	referral
39	referrals	referralcode
40	referrals	referralreward
41	referrals	referralsetting
42	users	kycdocument
43	cards	virtualcard
44	cards	cardtransaction
\.


--
-- TOC entry 3977 (class 0 OID 16390)
-- Dependencies: 218
-- Data for Name: django_migrations; Type: TABLE DATA; Schema: public; Owner: -
--

COPY public.django_migrations (id, app, name, applied) FROM stdin;
1	contenttypes	0001_initial	2026-01-08 13:29:35.716696+00
2	contenttypes	0002_remove_content_type_name	2026-01-08 13:29:37.513248+00
3	auth	0001_initial	2026-01-08 13:29:44.003287+00
4	auth	0002_alter_permission_name_max_length	2026-01-08 13:29:45.180352+00
5	auth	0003_alter_user_email_max_length	2026-01-08 13:29:45.887238+00
6	auth	0004_alter_user_username_opts	2026-01-08 13:29:47.003103+00
7	auth	0005_alter_user_last_login_null	2026-01-08 13:29:48.67074+00
8	auth	0006_require_contenttypes_0002	2026-01-08 13:29:50.188471+00
9	auth	0007_alter_validators_add_error_messages	2026-01-08 13:29:51.481113+00
10	auth	0008_alter_user_username_max_length	2026-01-08 13:29:53.134591+00
11	auth	0009_alter_user_last_name_max_length	2026-01-08 13:29:57.581964+00
12	auth	0010_alter_group_name_max_length	2026-01-08 13:29:59.417548+00
13	auth	0011_update_proxy_permissions	2026-01-08 13:30:00.812469+00
14	auth	0012_alter_user_first_name_max_length	2026-01-08 13:30:02.039429+00
15	users	0001_initial	2026-01-08 13:30:20.467585+00
16	account	0001_initial	2026-01-08 13:30:24.851254+00
17	account	0002_email_max_length	2026-01-08 13:30:26.060212+00
18	account	0003_alter_emailaddress_create_unique_verified_email	2026-01-08 13:30:28.537801+00
19	account	0004_alter_emailaddress_drop_unique_email	2026-01-08 13:30:31.338714+00
20	account	0005_emailaddress_idx_upper_email	2026-01-08 13:30:32.877782+00
21	account	0006_emailaddress_lower	2026-01-08 13:30:34.771129+00
22	account	0007_emailaddress_idx_email	2026-01-08 13:30:37.202235+00
23	account	0008_emailaddress_unique_primary_email_fixup	2026-01-08 13:30:38.842855+00
24	account	0009_emailaddress_unique_primary_email	2026-01-08 13:30:40.483201+00
25	admin	0001_initial	2026-01-08 13:30:43.869601+00
26	admin	0002_logentry_remove_auto_add	2026-01-08 13:30:44.364221+00
27	admin	0003_logentry_add_action_flag_choices	2026-01-08 13:30:45.657234+00
28	authtoken	0001_initial	2026-01-08 13:30:48.72002+00
29	authtoken	0002_auto_20160226_1747	2026-01-08 13:30:49.793296+00
30	authtoken	0003_tokenproxy	2026-01-08 13:30:50.854807+00
31	authtoken	0004_alter_tokenproxy_options	2026-01-08 13:30:52.504173+00
32	core	0001_initial	2026-01-08 13:31:14.440415+00
33	investments	0001_initial	2026-01-08 13:31:20.037841+00
34	investments	0002_initial	2026-01-08 13:31:26.44772+00
35	referrals	0001_initial	2026-01-08 13:31:30.094407+00
36	referrals	0002_initial	2026-01-08 13:31:39.447309+00
37	sessions	0001_initial	2026-01-08 13:31:41.729996+00
38	sites	0001_initial	2026-01-08 13:31:42.897689+00
39	sites	0002_alter_domain_unique	2026-01-08 13:31:44.843589+00
40	socialaccount	0001_initial	2026-01-08 13:31:53.493013+00
41	socialaccount	0002_token_max_lengths	2026-01-08 13:31:55.958297+00
42	socialaccount	0003_extra_data_default_dict	2026-01-08 13:31:56.752312+00
43	socialaccount	0004_app_provider_id_settings	2026-01-08 13:32:00.138551+00
44	socialaccount	0005_socialtoken_nullable_app	2026-01-08 13:32:03.229472+00
45	socialaccount	0006_alter_socialaccount_extra_data	2026-01-08 13:32:04.964959+00
46	token_blacklist	0001_initial	2026-01-08 13:32:08.801717+00
47	token_blacklist	0002_outstandingtoken_jti_hex	2026-01-08 13:32:10.034781+00
48	token_blacklist	0003_auto_20171017_2007	2026-01-08 13:32:11.607864+00
49	token_blacklist	0004_auto_20171017_2013	2026-01-08 13:32:14.292336+00
50	token_blacklist	0005_remove_outstandingtoken_jti	2026-01-08 13:32:17.000972+00
51	token_blacklist	0006_auto_20171017_2113	2026-01-08 13:32:19.41937+00
52	token_blacklist	0007_auto_20171017_2214	2026-01-08 13:32:25.287243+00
53	token_blacklist	0008_migrate_to_bigautofield	2026-01-08 13:32:32.486842+00
54	token_blacklist	0010_fix_migrate_to_bigautofield	2026-01-08 13:32:33.859037+00
55	token_blacklist	0011_linearizes_history	2026-01-08 13:32:34.936297+00
56	token_blacklist	0012_alter_outstandingtoken_user	2026-01-08 13:32:36.178171+00
57	transactions	0001_initial	2026-01-08 13:32:42.39753+00
58	transactions	0002_initial	2026-01-08 13:33:01.126439+00
59	investments	0003_sync_canonical_plans	2026-01-09 00:33:29.890739+00
60	investments	0004_remove_dailyroipayout_investments_payout__eff298_idx_and_more	2026-01-09 00:33:30.048728+00
61	investments	0005_add_roi_payout_auto_credit_fields	2026-01-11 09:36:30.385149+00
62	transactions	0003_add_completed_status	2026-01-11 09:36:30.413144+00
63	transactions	0004_add_profit_transaction_type	2026-01-11 09:36:30.555365+00
64	investments	0006_alter_dailyroipayout_unique_together_and_more	2026-01-15 02:03:42.51708+00
65	transactions	0005_transaction_uniq_transaction_reference	2026-01-15 19:52:30.957981+00
66	users	0002_kycdocument	2026-02-28 19:08:06.886585+00
67	cards	0001_initial	2026-03-11 20:56:45.102268+00
\.


--
-- TOC entry 4034 (class 0 OID 16913)
-- Dependencies: 275
-- Data for Name: django_session; Type: TABLE DATA; Schema: public; Owner: -
--

COPY public.django_session (session_key, session_data, expire_date) FROM stdin;
ec2gkg8cj5j1ogjzkzr2mr8gqs0dmgmo	.eJxVjDsOwjAQRO_iGkX-e0NHLmKt14scETkSsSvE3UlQCijnzcx7iYi9ldg3fsY5i6vQ4vLLEtKD61Hgshx4QKK11zZ8N2e9Dbc9cW0zYZvXOp2vP1XBreweCqhzMNoSaAXSabSGwHt7Z6OC1HJ0YMglzCMBgXHSJ6kyJ1ajh6TE-wOUpTt-:1vfgTz:4m2fd1vjvUz7xdQRqATEslIiGnBpDa4Xjj6dPsO6J24	2026-01-20 15:38:59.862013+00
twh82yrejk680pwo427yzuqnmc6i14t1	.eJxVjDsOwjAQRO_iGkX-e0NHLmKt14scETkSsSvE3UlQCijnzcx7iYi9ldg3fsY5i6vQ4vLLEtKD61Hgshx4QKK11zZ8N2e9Dbc9cW0zYZvXOp2vP1XBreweCqhzMNoSaAXSabSGwHt7Z6OC1HJ0YMglzCMBgXHSJ6kyJ1ajh6TE-wOUpTt-:1verRY:DFacNdaxo6sUOXA9hRzbhfpqoddjmVCsVqCBPzv_DQA	2026-01-18 09:09:04.743314+00
5ctfzozwxjnoapr28f9ws4fngkwfxywe	.eJxVjDsOwjAQRO_iGkX-e0NHLmKt14scETkSsSvE3UlQCijnzcx7iYi9ldg3fsY5i6vQ4vLLEtKD61Hgshx4QKK11zZ8N2e9Dbc9cW0zYZvXOp2vP1XBreweCqhzMNoSaAXSabSGwHt7Z6OC1HJ0YMglzCMBgXHSJ6kyJ1ajh6TE-wOUpTt-:1vhs9s:s38k8mKbnL4UPJ6mcytJZ_9OqgV7eOmyZiti--zrPRo	2026-01-26 16:31:16.480294+00
6y1glbh74wfhi0l4j87j3qs8xkbgvght	.eJxVjDsOwjAQBe_iGlnxJ_5Q0ucM1q7txQFkS3FSIe5OIqWAdmbee7MA21rC1vMS5sSuTLDLL0OIz1wPkR5Q743HVtdlRn4k_LSdTy3l1-1s_w4K9LKvkQRphx5N9GhHRTE5EFa7QTkTnUQUg85S2h1rZSl5sCMZLWUUQMKzzxftqjfd:1vgGM0:g_OG1D-fs-Wz1mk6cDgR2RuDkj1TlCdOwe_HGVtFnEA	2026-01-22 05:57:08.740633+00
xg3d0j87i8urgtxy69bxnba7hrslm2m6	.eJxVjM0OwiAQhN-FsyG0sPx4sy9CtsuaNjY0ETgZ311qetDjfN_MvETEVpfYCj_jmsRVjOLyy2akB-dD4LYdWCLR3nKV386pi7z1xLmuhHXd83Su_q4WLEv_CegVDdY5ME47pmEwGixYBRBs8jpAMujIE5hZexxd8iPre69ZxQxBvD98qjrh:1ve3YW:i3o_itSNxywZqup5gVF6fYMMm-ANFB_q0gNU64gJXKA	2026-01-16 03:52:56.923568+00
v3j7m7oh2r8itap7hii7n6kj6abwsu10	.eJxVjM0OwiAQhN-FsyG0sPx4sy9CtsuaNjY0ETgZ311qetDjfN_MvETEVpfYCj_jmsRVjOLyy2akB-dD4LYdWCLR3nKV386pi7z1xLmuhHXd83Su_q4WLEv_CegVDdY5ME47pmEwGixYBRBs8jpAMujIE5hZexxd8iPre69ZxQxBvD98qjrh:1vdrEn:EC_aiCo8SxSDC6t8jlKHbhzQt2xuxy1eIsHOpHkFHG8	2026-01-15 14:43:45.9174+00
hz4jds8lugcmy15ad4m75pb3s50blp3u	.eJxVjMsOwiAQRf-FtSEDyMul-34DAWaQqoGktCvjv2uTLnR7zzn3xULc1hq2QUuYkV2YZqffLcX8oLYDvMd26zz3ti5z4rvCDzr41JGe18P9O6hx1G-drVQWSRTjXIazclYWUxALoQGdCTLKBCoJkB68FNpY7X1yRVjwVBR7fwDk3zeE:1vf9oS:mbI_-hapMJNtVATX86gYPV4zCWuGeh2zmBis9NEMMrs	2026-01-19 04:45:56.235099+00
p0f6ze7ggip71m8d3wlktly8mzaoxsvu	.eJxVjM0OwiAQhN-FsyG0sPx4sy9CtsuaNjY0ETgZ311qetDjfN_MvETEVpfYCj_jmsRVjOLyy2akB-dD4LYdWCLR3nKV386pi7z1xLmuhHXd83Su_q4WLEv_CegVDdY5ME47pmEwGixYBRBs8jpAMujIE5hZexxd8iPre69ZxQxBvD98qjrh:1vdrhZ:38d1SKXRyjY-JEdUoJUvPif3O5CP5BFvbMUY8X_Mj5Y	2026-01-15 15:13:29.894757+00
w57agm3rwwjb6gdiinpwpgumkx4j0cpi	.eJxVjM0OwiAQhN-FsyG0sPx4sy9CtsuaNjY0ETgZ311qetDjfN_MvETEVpfYCj_jmsRVjOLyy2akB-dD4LYdWCLR3nKV386pi7z1xLmuhHXd83Su_q4WLEv_CegVDdY5ME47pmEwGixYBRBs8jpAMujIE5hZexxd8iPre69ZxQxBvD98qjrh:1vdsEj:4_ov1uJi-A2lSTXt54O0pKIc8Mreh9Ma_Dahg6xpvAE	2026-01-15 15:47:45.667729+00
7sdfpe258axl0thj43va8oqrxp22xvwy	.eJxVjMsOwiAQRf-FtSEDyMul-34DAWaQqoGktCvjv2uTLnR7zzn3xULc1hq2QUuYkV2YZqffLcX8oLYDvMd26zz3ti5z4rvCDzr41JGe18P9O6hx1G-drVQWSRTjXIazclYWUxALoQGdCTLKBCoJkB68FNpY7X1yRVjwVBR7fwDk3zeE:1vf9uG:Th9zXRLFPFJbQRIy5HG-mQ48_8MvkByFpQWCWX9UikA	2026-01-19 04:51:56.073954+00
5fbxj7b3je63rprgqay9x8iktqdstkxf	.eJxVjMsOwiAQRf-FtSEDyMul-34DAWaQqoGktCvjv2uTLnR7zzn3xULc1hq2QUuYkV2YZqffLcX8oLYDvMd26zz3ti5z4rvCDzr41JGe18P9O6hx1G-drVQWSRTjXIazclYWUxALoQGdCTLKBCoJkB68FNpY7X1yRVjwVBR7fwDk3zeE:1vebdF:PCbcF5iuT5QE-Wa8CNef17K3VGqBrNa1drEkerLcUGc	2026-01-17 16:16:05.34269+00
nbs7ze0e4sw7xxz8ce2bukjvwq0ntqy0	.eJxVjDsOwjAQRO_iGkX-e0NHLmKt14scETkSsSvE3UlQCijnzcx7iYi9ldg3fsY5i6vQ4vLLEtKD61Hgshx4QKK11zZ8N2e9Dbc9cW0zYZvXOp2vP1XBreweCqhzMNoSaAXSabSGwHt7Z6OC1HJ0YMglzCMBgXHSJ6kyJ1ajh6TE-wOUpTt-:1vfmD1:Ox7CyAcVHUO95hArYuwpi1jqBFEX4oFuRqkI2mwpWmI	2026-01-20 21:45:51.545509+00
f9a7834243vigr4pbrm2f5zpao4q01h7	.eJxVjMsOwiAQRf-FtSEDyMul-34DAWaQqoGktCvjv2uTLnR7zzn3xULc1hq2QUuYkV2YZqffLcX8oLYDvMd26zz3ti5z4rvCDzr41JGe18P9O6hx1G-drVQWSRTjXIazclYWUxALoQGdCTLKBCoJkB68FNpY7X1yRVjwVBR7fwDk3zeE:1vedok:7wW73kRPDjaLvEBPjiffvYYoAn9eQsQaXtRm0knRmQo	2026-01-17 18:36:06.175194+00
9hxudxx7238knqn01ps3xz391xuobqd0	.eJxVjMsOwiAQRf-FtSEDyMul-34DAWaQqoGktCvjv2uTLnR7zzn3xULc1hq2QUuYkV2YZqffLcX8oLYDvMd26zz3ti5z4rvCDzr41JGe18P9O6hx1G-drVQWSRTjXIazclYWUxALoQGdCTLKBCoJkB68FNpY7X1yRVjwVBR7fwDk3zeE:1vg23R:gzASRaEtqSrcodZndVdgygZzGK9gCanTjsDFqahERVE	2026-01-21 14:41:01.797294+00
quolvvlz3hge2hhmpt97ik8rcqzx1tzx	.eJxVjMsOwiAQRf-FtSEDyMul-34DAWaQqoGktCvjv2uTLnR7zzn3xULc1hq2QUuYkV2YZqffLcX8oLYDvMd26zz3ti5z4rvCDzr41JGe18P9O6hx1G-drVQWSRTjXIazclYWUxALoQGdCTLKBCoJkB68FNpY7X1yRVjwVBR7fwDk3zeE:1vg29y:mrPWykUD9jZuNPbkoHX1cv1d2FhClki_EOYfvZFee3o	2026-01-21 14:47:46.265707+00
v1djajo27j5lg2gk7cfnv09wvogouwu5	.eJxVjMsOwiAQRf-FtSEDyMul-34DAWaQqoGktCvjv2uTLnR7zzn3xULc1hq2QUuYkV2YZqffLcX8oLYDvMd26zz3ti5z4rvCDzr41JGe18P9O6hx1G-drVQWSRTjXIazclYWUxALoQGdCTLKBCoJkB68FNpY7X1yRVjwVBR7fwDk3zeE:1vg3SE:HyTJVqtkgwHQPrpARoejIvTIE66MOy2V5P1nc6Sm_nw	2026-01-21 16:10:42.084603+00
30q64i7xr2k4xfbtptffqrpmff1lih70	.eJxVjMsOwiAQRf-FtSEDyMul-34DAWaQqoGktCvjv2uTLnR7zzn3xULc1hq2QUuYkV2YZqffLcX8oLYDvMd26zz3ti5z4rvCDzr41JGe18P9O6hx1G-drVQWSRTjXIazclYWUxALoQGdCTLKBCoJkB68FNpY7X1yRVjwVBR7fwDk3zeE:1vfMMj:Y84q9SfTyAKS3vK_4_tyR6gB7bVHTs_f5cV5wNF6fXg	2026-01-19 18:10:09.364036+00
bbtkhij3m4fhekwz329y83f8d9kk1jex	.eJxVjMsOwiAQRf-FtSEDyMul-34DAWaQqoGktCvjv2uTLnR7zzn3xULc1hq2QUuYkV2YZqffLcX8oLYDvMd26zz3ti5z4rvCDzr41JGe18P9O6hx1G-drVQWSRTjXIazclYWUxALoQGdCTLKBCoJkB68FNpY7X1yRVjwVBR7fwDk3zeE:1vePyZ:wOuUsi_I0WHKmwp57tO-NCRtQwNeCRscU6WuvxGQvwQ	2026-01-17 03:49:19.434264+00
xnpqkyiayybhkx3yx8x8rf0uk247cdvm	.eJxVjMsOgjAQRf-la9OUsQ9w6Z5vILfTqUUNJBRWxn9XEha6veec-1IDtrUMW5VlGJO6KKtOv1sEP2TaQbpjus2a52ldxqh3RR-06n5O8rwe7t9BQS3fumPAkyGfwdnB-wBCJC-Qhk0Qw9ZRC4OYUkMdu9w6ckGCOedso1fvDwNEOH4:1vgDUa:ABNkwf6PEcVe6QIK9ewpZr6icOU9zP6gyPVRHWDefbg	2026-01-22 02:53:48.550421+00
mphu6bf18mt3alorwpjwo6wkccq30grz	eyJfcGFzc3dvcmRfcmVzZXRfa2V5IjoiZDI1MmllLWI2MjI5NGY4MmI0ZjcxNGRhNGRlZWU2MDc1YmNhYWRjIn0:1veC0z:KEQeZM_iq_NsJtSWKg8_3luPDV4YQ4gKNMm3pzxDDO0	2026-01-16 12:54:53.11455+00
zn6nqgrzrakir2qzkqvmj08tk2ht4f9r	eyJfcGFzc3dvcmRfcmVzZXRfa2V5IjoiZDI1MmllLWI2MjI5NGY4MmI0ZjcxNGRhNGRlZWU2MDc1YmNhYWRjIn0:1veC1V:tzbQp_C3olnX2wk77X_vzH3x2X5dhOqG9cbn5TFxBWs	2026-01-16 12:55:25.504847+00
21hg8oazluawb2yufhcge0d3zt3gl0sh	.eJxdjEtuwzAMRO-idWpIlKlPd81FBIqiayOpnVoygiDo3esE2bTLmTdv7ipdqNbrspa0SpWWTnJT76qA__r-fEMUZI8C4HpBryNBdnqIA4PV2oA6qERbG9NWZU1T2c1_XSY-yfwAdD4_6o6Yl21u3XPzwrX72JPMbWJq0zIfX9afq5HquP-wJyjeQs8BTNAI1FsOzvWDWOM16IjBMmYqkQMHi9plbYpkMdGFbNTPLwfBTtI:1veh7L:jQlpb0j4ty7IODisGYdRIZasUs6t_FuKAOT4HlHEdCY	2026-01-17 22:07:31.2097+00
6i42uieq84p8bx0wa3huwthst43fsud5	.eJxVjDsOwjAQRO_iGkX-e0NHLmKt14scETkSsSvE3UlQCijnzcx7iYi9ldg3fsY5i6vQ4vLLEtKD61Hgshx4QKK11zZ8N2e9Dbc9cW0zYZvXOp2vP1XBreweCqhzMNoSaAXSabSGwHt7Z6OC1HJ0YMglzCMBgXHSJ6kyJ1ajh6TE-wOUpTt-:1veh85:phyMr80AAIjKQlbF49xSiSiXUagNssJQWduY8vXgQJE	2026-01-17 22:08:17.606803+00
96ikb543q6t7elwnstn9fyoeern2n1c5	.eJxVjMsOwiAQRf-FtSEDyMul-34DAWaQqoGktCvjv2uTLnR7zzn3xULc1hq2QUuYkV2YZqffLcX8oLYDvMd26zz3ti5z4rvCDzr41JGe18P9O6hx1G-drVQWSRTjXIazclYWUxALoQGdCTLKBCoJkB68FNpY7X1yRVjwVBR7fwDk3zeE:1veob6:FjPbqVUZ44r3p-Lz5BA7ZmU7ptgqGq3njoGi2vasa_A	2026-01-18 06:06:44.588759+00
v8185qh217azjydlbqsye4rf0fzbttw5	.eJxVjEEOwiAURO_C2jTwCwju7EXIBz6B2NDEwsp4d4vpQmc382bmxRz2ll3f6elKZDcG7PKbeQwPqgPguo54whC2Xtv07Zx4n-6Ho9pKwFa2upyrv6uMez5-KFwFCg-gfCJlAiUTZZTARQQPEmeebOJpSM-z9NEAISoNSlqrSbL3B-C5PQU:1veRt0:WNEkWS3RIeexhGHvFSSkaOm3ZbkqrvN8V6G7lqd4woI	2026-01-17 05:51:42.781128+00
pt7aupvp797v23vye9m8pz46utwfr4gu	.eJxVjDsOwjAQBe_iGln-xR9Kes5grb1rHEC2FCcV4u4QKQW0b2bei0XY1hq3QUuckZ2ZY6ffLUF-UNsB3qHdOs-9rcuc-K7wgw5-7UjPy-H-HVQY9VsTgNNCYC7WSongivYliUkbryCIEBC8cVIlnYhIWpeFNQowOJ_LBJm9P-6wODM:1vglHU:_BB9JmP9Ki0N5ok4HANApw43xsuEaQhwASk0w5c9HbA	2026-01-23 14:58:32.276189+00
hsbu8foyd921x4g35yuonmw9gxoat2lh	.eJxVjMsOgjAQRf-la9OUsQ9w6Z5vILfTqUUNJBRWxn9XEha6veec-1IDtrUMW5VlGJO6KKtOv1sEP2TaQbpjus2a52ldxqh3RR-06n5O8rwe7t9BQS3fumPAkyGfwdnB-wBCJC-Qhk0Qw9ZRC4OYUkMdu9w6ckGCOedso1fvDwNEOH4:1vgF9j:twsBd-WXevyViRHT9vHJygTkQ9SBeR71ch0qGtl8Tz8	2026-01-22 04:40:23.023273+00
c46g4aq0662r5ba4c0ec0ywdf8asx56e	.eJxVjDsOwjAQRO_iGkX-e0NHLmKt14scETkSsSvE3UlQCijnzcx7iYi9ldg3fsY5i6vQ4vLLEtKD61Hgshx4QKK11zZ8N2e9Dbc9cW0zYZvXOp2vP1XBreweCqhzMNoSaAXSabSGwHt7Z6OC1HJ0YMglzCMBgXHSJ6kyJ1ajh6TE-wOUpTt-:1vgKaY:TDLTiPkhMdD1LLj-pMYdfvVaVSoos_hvtdlHFs4nnvY	2026-01-22 10:28:26.836165+00
50vx5b9da9rzks10wqvpw8svmr5o23if	.eJxVjDsOwjAQRO_iGkX-e0NHLmKt14scETkSsSvE3UlQCijnzcx7iYi9ldg3fsY5i6vQ4vLLEtKD61Hgshx4QKK11zZ8N2e9Dbc9cW0zYZvXOp2vP1XBreweCqhzMNoSaAXSabSGwHt7Z6OC1HJ0YMglzCMBgXHSJ6kyJ1ajh6TE-wOUpTt-:1vgmkd:V3bSw9eD6r8dlh5lClDuTPNSDz80mAM6rihP63K7mS4	2026-01-23 16:32:43.810199+00
7agtxv32fu662lkz4c12zd1gamp3b55r	.eJxVjDsOwjAQRO_iGkX-e0NHLmKt14scETkSsSvE3UlQCijnzcx7iYi9ldg3fsY5i6vQ4vLLEtKD61Hgshx4QKK11zZ8N2e9Dbc9cW0zYZvXOp2vP1XBreweCqhzMNoSaAXSabSGwHt7Z6OC1HJ0YMglzCMBgXHSJ6kyJ1ajh6TE-wOUpTt-:1vgT0i:pTbuKUbUiCMWyUXU7fToH6_juBOYdnZhibdGRtfuVnk	2026-01-22 19:28:00.528537+00
lkkcj5kxljozfucoigshiqv22k40uvn3	.eJxVjMsOgjAQRf-la9OUsQ9w6Z5vILfTqUUNJBRWxn9XEha6veec-1IDtrUMW5VlGJO6KKtOv1sEP2TaQbpjus2a52ldxqh3RR-06n5O8rwe7t9BQS3fumPAkyGfwdnB-wBCJC-Qhk0Qw9ZRC4OYUkMdu9w6ckGCOedso1fvDwNEOH4:1vh6Gx:ztkzTsAsiypwQ1Qgp-5lMtPtGY3fsqqXOO-BvE7mQlk	2026-01-24 13:23:23.84063+00
5d4sfbdvnxf76uqu56tosgz7391gf7u4	.eJxVjMsOgjAQRf-la9OUsQ9w6Z5vILfTqUUNJBRWxn9XEha6veec-1IDtrUMW5VlGJO6KKtOv1sEP2TaQbpjus2a52ldxqh3RR-06n5O8rwe7t9BQS3fumPAkyGfwdnB-wBCJC-Qhk0Qw9ZRC4OYUkMdu9w6ckGCOedso1fvDwNEOH4:1vhA4y:MagS1nZt9YQyG6NMjhT2k13PG8fiMKxccykHX5HcfHI	2026-01-24 17:27:16.759601+00
cctau0wnptx63091nzszxy44owih57t1	.eJxVjMsOgjAQRf-la9OUsQ9w6Z5vILfTqUUNJBRWxn9XEha6veec-1IDtrUMW5VlGJO6KKtOv1sEP2TaQbpjus2a52ldxqh3RR-06n5O8rwe7t9BQS3fumPAkyGfwdnB-wBCJC-Qhk0Qw9ZRC4OYUkMdu9w6ckGCOedso1fvDwNEOH4:1vhA5C:2lbz4VWOo5qbh_EzkcSzaEa--H0dXz0adjgAVZhlP8s	2026-01-24 17:27:30.053819+00
fhonax1ebaiopukp1u8fcx6gcubl0hls	.eJxVjMsOgjAQRf-la9OUsQ9w6Z5vILfTqUUNJBRWxn9XEha6veec-1IDtrUMW5VlGJO6KKtOv1sEP2TaQbpjus2a52ldxqh3RR-06n5O8rwe7t9BQS3fumPAkyGfwdnB-wBCJC-Qhk0Qw9ZRC4OYUkMdu9w6ckGCOedso1fvDwNEOH4:1vhA7I:toTIA8lG7c0VLhw2DoiCNTERhXTDXqsuusgFh7krDg8	2026-01-24 17:29:40.93183+00
9tdrtp89fl3f93i3mjzdg3ru1x9sbair	.eJxVjMsOgjAQRf-la9OUsQ9w6Z5vILfTqUUNJBRWxn9XEha6veec-1IDtrUMW5VlGJO6KKtOv1sEP2TaQbpjus2a52ldxqh3RR-06n5O8rwe7t9BQS3fumPAkyGfwdnB-wBCJC-Qhk0Qw9ZRC4OYUkMdu9w6ckGCOedso1fvDwNEOH4:1vhAgR:dqmfVuNw6W55UjVIE0p_PCydSbcSLmFbhrLznbQ6ZpI	2026-01-24 18:05:59.121025+00
c7prpngz0zz44ynujunwxttmuqv553p4	.eJxVjMsOgjAQRf-la9OUsQ9w6Z5vILfTqUUNJBRWxn9XEha6veec-1IDtrUMW5VlGJO6KKtOv1sEP2TaQbpjus2a52ldxqh3RR-06n5O8rwe7t9BQS3fumPAkyGfwdnB-wBCJC-Qhk0Qw9ZRC4OYUkMdu9w6ckGCOedso1fvDwNEOH4:1vhG8N:xLx46MLeS8PeUUO_esyB_RwGkzFAc3tRbbEWJaFMtEU	2026-01-24 23:55:11.305682+00
h925h7g6iwr7a94rf5pkte2xpegtjw67	.eJxVjMsOgjAQRf-la9OUsQ9w6Z5vILfTqUUNJBRWxn9XEha6veec-1IDtrUMW5VlGJO6KKtOv1sEP2TaQbpjus2a52ldxqh3RR-06n5O8rwe7t9BQS3fumPAkyGfwdnB-wBCJC-Qhk0Qw9ZRC4OYUkMdu9w6ckGCOedso1fvDwNEOH4:1vhG9A:UfEvSgIiS33BNAfZqPiTJ-etm-cgxNvd5rBpzbdnZsk	2026-01-24 23:56:00.130131+00
b6tf3pah0gvnf6vu3c65s4j0i6h822ob	.eJxVjMsOgjAQRf-la9OUsQ9w6Z5vILfTqUUNJBRWxn9XEha6veec-1IDtrUMW5VlGJO6KKtOv1sEP2TaQbpjus2a52ldxqh3RR-06n5O8rwe7t9BQS3fumPAkyGfwdnB-wBCJC-Qhk0Qw9ZRC4OYUkMdu9w6ckGCOedso1fvDwNEOH4:1vhHUh:7wZkqKqfbeCrw7dyXfLzjxgq01lPCZov_Eg_fnZY538	2026-01-25 01:22:19.83354+00
ixs8338diz2w51toxslicfzlb9h2o8x2	.eJxVjMsOgjAQRf-la9OUsQ9w6Z5vILfTqUUNJBRWxn9XEha6veec-1IDtrUMW5VlGJO6KKtOv1sEP2TaQbpjus2a52ldxqh3RR-06n5O8rwe7t9BQS3fumPAkyGfwdnB-wBCJC-Qhk0Qw9ZRC4OYUkMdu9w6ckGCOedso1fvDwNEOH4:1vhHbS:_dn6jB9SmNxxjEKBIzu2XVPuCgDdbtJj8n1BVMaXxxs	2026-01-25 01:29:18.564282+00
gerv4q9m23xnqf4ypfh3pbqbe9pnj9wa	.eJxVjDsOwjAQBe_iGlnxJ_5Q0ucM1q7txQFkS3FSIe5OIqWAdmbee7MA21rC1vMS5sSuTLDLL0OIz1wPkR5Q743HVtdlRn4k_LSdTy3l1-1s_w4K9LKvkQRphx5N9GhHRTE5EFa7QTkTnUQUg85S2h1rZSl5sCMZLWUUQMKzzxftqjfd:1vovGn:x_Rib_e3OwN-EdICtRc254iDIvQsc7M8IV0meZ9MtmY	2026-02-15 03:15:33.743357+00
6s2zti4szimrszh2l417vjp2l6qddloy	.eJxVjE0OgjAYBe_StWkoBVtcuucMzffzsKiBhMLKeHclYaHbNzPvZRJta05bwZJGNRfjzOl3Y5IHph3onabbbGWe1mVkuyv2oMX2s-J5Pdy_g0wlf2s48KDo4lnA1FKspW65qoOjyCG02on4RqUJ3nOMoRqADvCVghROzfsDFYg5WA:1vxLON:q-aZS8Fw5Z4fRTjntuPueH4PG9h5K55PxWD-M8PyNp8	2026-03-10 08:46:11.530725+00
co2zinlfy4p0xgmxzuow8narp99qtq6v	.eJxVjDsOwjAQRO_iGkX-e0NHLmKt14scETkSsSvE3UlQCijnzcx7iYi9ldg3fsY5i6vQ4vLLEtKD61Hgshx4QKK11zZ8N2e9Dbc9cW0zYZvXOp2vP1XBreweCqhzMNoSaAXSabSGwHt7Z6OC1HJ0YMglzCMBgXHSJ6kyJ1ajh6TE-wOUpTt-:1vwatU:zCAE8mI4u4Gq3gha2Jy6wKsbSgvTvs0OdxmJHjgym0Y	2026-03-08 07:07:12.839942+00
2ppiuq014hmryppwjn7w4fvobqj2prbm	.eJxVjDsOwjAQBe_iGln-xR9Kes5grb1rHEC2FCcV4u4QKQW0b2bei0XY1hq3QUuckZ2ZY6ffLUF-UNsB3qHdOs-9rcuc-K7wgw5-7UjPy-H-HVQY9VsTgNNCYC7WSongivYliUkbryCIEBC8cVIlnYhIWpeFNQowOJ_LBJm9P-6wODM:1w6rxI:w8RGhaxjyZks2PIVXwWrOA8oMUqqWJcLkg5WIlbTajo	2026-04-05 15:21:36.531965+00
ytau71ze6kfmuxypmcdminzjhdvrgnmw	.eJxVjE0OgjAYBe_StWkoBVtcuucMzffzsKiBhMLKeHclYaHbNzPvZRJta05bwZJGNRfjzOl3Y5IHph3onabbbGWe1mVkuyv2oMX2s-J5Pdy_g0wlf2s48KDo4lnA1FKspW65qoOjyCG02on4RqUJ3nOMoRqADvCVghROzfsDFYg5WA:1vwbeX:u9llt-Oo0FB9msnb_-JRtvP4EDzLRfSR7NjVfgyv-Ho	2026-03-08 07:55:49.135189+00
iukzlo8vlk8y27lypvl525mhuwn9rtbc	.eJxVjE0OgjAYBe_StWkoBVtcuucMzffzsKiBhMLKeHclYaHbNzPvZRJta05bwZJGNRfjzOl3Y5IHph3onabbbGWe1mVkuyv2oMX2s-J5Pdy_g0wlf2s48KDo4lnA1FKspW65qoOjyCG02on4RqUJ3nOMoRqADvCVghROzfsDFYg5WA:1w6hK5:4QEZiUsEMQbYdg_xM5lwGsKIwU6vXvD0RIBe4bcjzhE	2026-04-05 04:00:25.048266+00
9583w2vq8rc0h7nnl35eire4da4qsj8d	.eJxVjMsOwiAQRf-FtSEDyMul-34DAWaQqoGktCvjv2uTLnR7zzn3xULc1hq2QUuYkV2YZqffLcX8oLYDvMd26zz3ti5z4rvCDzr41JGe18P9O6hx1G-drVQWSRTjXIazclYWUxALoQGdCTLKBCoJkB68FNpY7X1yRVjwVBR7fwDk3zeE:1vgFPu:HOai_LQVw7LarIE4nLygAMnKrwJHzbmcUekuDLRoLDc	2026-01-22 04:57:06.674143+00
eem6e5k62cl6jtliu8dfnrswxqpjqpej	.eJxVjMsOwiAQRf-FtSEDyMul-34DAWaQqoGktCvjv2uTLnR7zzn3xULc1hq2QUuYkV2YZqffLcX8oLYDvMd26zz3ti5z4rvCDzr41JGe18P9O6hx1G-drVQWSRTjXIazclYWUxALoQGdCTLKBCoJkB68FNpY7X1yRVjwVBR7fwDk3zeE:1vgNXW:1E4KWhoodyV0bl3YebrO0OUahe-vOjUKQMCzRtwvvFc	2026-01-22 13:37:30.113002+00
id7nqhenetk6vdzbfrv3jd14s2llfqi2	.eJxVjMsOgjAQRf-la9OUsQ9w6Z5vILfTqUUNJBRWxn9XEha6veec-1IDtrUMW5VlGJO6KKtOv1sEP2TaQbpjus2a52ldxqh3RR-06n5O8rwe7t9BQS3fumPAkyGfwdnB-wBCJC-Qhk0Qw9ZRC4OYUkMdu9w6ckGCOedso1fvDwNEOH4:1vh4rz:Odnvq3ZDaYev9JYh3kxV-1xDBqtcu9CroDbJPUArwJI	2026-01-24 11:53:31.879436+00
3862u7u4w4n0as2glj6x7f4oiuoer80k	.eJxVjMsOgjAQRf-la9OUsQ9w6Z5vILfTqUUNJBRWxn9XEha6veec-1IDtrUMW5VlGJO6KKtOv1sEP2TaQbpjus2a52ldxqh3RR-06n5O8rwe7t9BQS3fumPAkyGfwdnB-wBCJC-Qhk0Qw9ZRC4OYUkMdu9w6ckGCOedso1fvDwNEOH4:1vh6g4:RJim8QcwzKDQ6W6j4E_nN7HUv0VbcZa2J7AZOZWj2-s	2026-01-24 13:49:20.021178+00
2qkt6m8427ecl97qr3epfxwzg6n0lxox	.eJxVjMsOgjAQRf-la9OUsQ9w6Z5vILfTqUUNJBRWxn9XEha6veec-1IDtrUMW5VlGJO6KKtOv1sEP2TaQbpjus2a52ldxqh3RR-06n5O8rwe7t9BQS3fumPAkyGfwdnB-wBCJC-Qhk0Qw9ZRC4OYUkMdu9w6ckGCOedso1fvDwNEOH4:1vhA9d:jf-KMMKEUAgvvQXgeagK9Buev7MduZUue5bP--P8E6A	2026-01-24 17:32:05.348296+00
xprsyta3vzizc7x44rvldpvjroolfuqm	.eJxVjMsOgjAQRf-la9OUsQ9w6Z5vILfTqUUNJBRWxn9XEha6veec-1IDtrUMW5VlGJO6KKtOv1sEP2TaQbpjus2a52ldxqh3RR-06n5O8rwe7t9BQS3fumPAkyGfwdnB-wBCJC-Qhk0Qw9ZRC4OYUkMdu9w6ckGCOedso1fvDwNEOH4:1vhBEj:tJpCE4dNcdyKvaeRBaBrDziq_zgFUCr7menscLOqJqU	2026-01-24 18:41:25.433836+00
con3impaiekp1pclyhmlsfuia686qtrz	.eJxVjMsOgjAQRf-la9OUsQ9w6Z5vILfTqUUNJBRWxn9XEha6veec-1IDtrUMW5VlGJO6KKtOv1sEP2TaQbpjus2a52ldxqh3RR-06n5O8rwe7t9BQS3fumPAkyGfwdnB-wBCJC-Qhk0Qw9ZRC4OYUkMdu9w6ckGCOedso1fvDwNEOH4:1vhGNf:jtjzpL_EwsBswaeAb0YhGWbSnGGk7RqIeyUnWYp1I5E	2026-01-25 00:10:59.618962+00
n9bppm7dc4zzeoaani08fdzjd3kq9p4e	.eJxVjDsOwjAQBe_iGlnxJ_5Q0ucM1q7txQFkS3FSIe5OIqWAdmbee7MA21rC1vMS5sSuTLDLL0OIz1wPkR5Q743HVtdlRn4k_LSdTy3l1-1s_w4K9LKvkQRphx5N9GhHRTE5EFa7QTkTnUQUg85S2h1rZSl5sCMZLWUUQMKzzxftqjfd:1vhdyA:pd75vPhuO4kVX6SjMHVI1q0zp-7yyMEi-RH5Jh08MYc	2026-01-26 01:22:14.176845+00
ubpztxppu8s8r6317humozrjwavi8jxe	.eJxVjMsOwiAQRf-FtSEDyMul-34DAWaQqoGktCvjv2uTLnR7zzn3xULc1hq2QUuYkV2YZqffLcX8oLYDvMd26zz3ti5z4rvCDzr41JGe18P9O6hx1G-drVQWSRTjXIazclYWUxALoQGdCTLKBCoJkB68FNpY7X1yRVjwVBR7fwDk3zeE:1vgGBl:zu5Ex1e5eWbMmbvnJhBZ0vSFIhUHKX4QEHEHNFCLVXY	2026-01-22 05:46:33.916586+00
kytgkx1t3l4c746jqmsp3w4pystfwion	.eJxVjMsOgjAQRf-la9OUsQ9w6Z5vILfTqUUNJBRWxn9XEha6veec-1IDtrUMW5VlGJO6KKtOv1sEP2TaQbpjus2a52ldxqh3RR-06n5O8rwe7t9BQS3fumPAkyGfwdnB-wBCJC-Qhk0Qw9ZRC4OYUkMdu9w6ckGCOedso1fvDwNEOH4:1vgGIY:h_BirA6p6I3vvITG4J-DzCNlP4Y8QdPArZ8heLqd9Qg	2026-01-22 05:53:34.466053+00
h3dzff5rntnyf3hc0ba63awnnvk0v9rl	.eJxVjMsOgjAQRf-la9OUsQ9w6Z5vILfTqUUNJBRWxn9XEha6veec-1IDtrUMW5VlGJO6KKtOv1sEP2TaQbpjus2a52ldxqh3RR-06n5O8rwe7t9BQS3fumPAkyGfwdnB-wBCJC-Qhk0Qw9ZRC4OYUkMdu9w6ckGCOedso1fvDwNEOH4:1vgQij:qkkDwmr4H1D7ifgFOGlUTJlunWKTlWhy2NG0_aeDiZo	2026-01-22 17:01:17.420393+00
p018smxvr6fou7zbsh1qmcv1tv40xk0l	.eJxVjMsOgjAQRf-la9OUsQ9w6Z5vILfTqUUNJBRWxn9XEha6veec-1IDtrUMW5VlGJO6KKtOv1sEP2TaQbpjus2a52ldxqh3RR-06n5O8rwe7t9BQS3fumPAkyGfwdnB-wBCJC-Qhk0Qw9ZRC4OYUkMdu9w6ckGCOedso1fvDwNEOH4:1vh5HU:T9VH6rDmmBaRsCC7_2Ksb4XnsJ9GM37MhI2TuOmooOc	2026-01-24 12:19:52.409164+00
pazcnx2zna1nllrc9lr7ukpv4nqkwk44	.eJxVjMsOgjAQRf-la9OUsQ9w6Z5vILfTqUUNJBRWxn9XEha6veec-1IDtrUMW5VlGJO6KKtOv1sEP2TaQbpjus2a52ldxqh3RR-06n5O8rwe7t9BQS3fumPAkyGfwdnB-wBCJC-Qhk0Qw9ZRC4OYUkMdu9w6ckGCOedso1fvDwNEOH4:1vh9gH:M3PB2tGK8zJFSH5naOnVt9LweXlY3lGQny8JiSOgXg4	2026-01-24 17:01:45.642446+00
zxaf0ukde0vxtcd0nqj09fs9lzxoin0u	.eJxVjMsOgjAQRf-la9OUsQ9w6Z5vILfTqUUNJBRWxn9XEha6veec-1IDtrUMW5VlGJO6KKtOv1sEP2TaQbpjus2a52ldxqh3RR-06n5O8rwe7t9BQS3fumPAkyGfwdnB-wBCJC-Qhk0Qw9ZRC4OYUkMdu9w6ckGCOedso1fvDwNEOH4:1vhAHN:RE9fhAX_UASgk2zZmYtTKPqi03aSbTrVcQt1KA1UZ4w	2026-01-24 17:40:05.863037+00
ctmmebzmqpmaa1kdy3btbtpyobcbune1	.eJxVjMsOgjAQRf-la9OUsQ9w6Z5vILfTqUUNJBRWxn9XEha6veec-1IDtrUMW5VlGJO6KKtOv1sEP2TaQbpjus2a52ldxqh3RR-06n5O8rwe7t9BQS3fumPAkyGfwdnB-wBCJC-Qhk0Qw9ZRC4OYUkMdu9w6ckGCOedso1fvDwNEOH4:1vhFyO:ELOKat3WzsBwfD-mg7gHnw7boEie50oFBIbsmANm2Uk	2026-01-24 23:44:52.601875+00
xu7ppznzhs2ajrgr1pxfhc4546won3q8	.eJxVjMsOgjAQRf-la9OUsQ9w6Z5vILfTqUUNJBRWxn9XEha6veec-1IDtrUMW5VlGJO6KKtOv1sEP2TaQbpjus2a52ldxqh3RR-06n5O8rwe7t9BQS3fumPAkyGfwdnB-wBCJC-Qhk0Qw9ZRC4OYUkMdu9w6ckGCOedso1fvDwNEOH4:1vhFz5:QQjtyL8ejd1nCpHGWpyvQpAxZHcQqEG9f7xYRI3R9-A	2026-01-24 23:45:35.862934+00
urssaz52fnbiu08f40qjli5ski6gciyg	.eJxVjMsOgjAQRf-la9OUsQ9w6Z5vILfTqUUNJBRWxn9XEha6veec-1IDtrUMW5VlGJO6KKtOv1sEP2TaQbpjus2a52ldxqh3RR-06n5O8rwe7t9BQS3fumPAkyGfwdnB-wBCJC-Qhk0Qw9ZRC4OYUkMdu9w6ckGCOedso1fvDwNEOH4:1vhG4f:m585Yx72aTDWP_Q53qermoxpPo1nleef6yJMRR0TTuM	2026-01-24 23:51:21.272941+00
1wqpnrf585mzoryftjeapydpagyhenb3	.eJxVjMsOgjAQRf-la9OUsQ9w6Z5vILfTqUUNJBRWxn9XEha6veec-1IDtrUMW5VlGJO6KKtOv1sEP2TaQbpjus2a52ldxqh3RR-06n5O8rwe7t9BQS3fumPAkyGfwdnB-wBCJC-Qhk0Qw9ZRC4OYUkMdu9w6ckGCOedso1fvDwNEOH4:1vhG4o:La2MYIBDhwSQ0XS9Ly30ePtzqYVCjILWFEqw6DKdA8E	2026-01-24 23:51:30.706281+00
ja6tkf3p894wk30wv9yt0hnc0w4uxdbz	.eJxVjMsOgjAQRf-la9OUsQ9w6Z5vILfTqUUNJBRWxn9XEha6veec-1IDtrUMW5VlGJO6KKtOv1sEP2TaQbpjus2a52ldxqh3RR-06n5O8rwe7t9BQS3fumPAkyGfwdnB-wBCJC-Qhk0Qw9ZRC4OYUkMdu9w6ckGCOedso1fvDwNEOH4:1vhGXo:TSL5qDk50Kxg1FetezWwG2Pht16fcwDrAPz_yyPDx7w	2026-01-25 00:21:28.466137+00
mg12a67papifinsikx0vheyowgwo98ej	.eJxVjDsOwjAQBe_iGln-xR9Kes5grb1rHEC2FCcV4u4QKQW0b2bei0XY1hq3QUuckZ2ZY6ffLUF-UNsB3qHdOs-9rcuc-K7wgw5-7UjPy-H-HVQY9VsTgNNCYC7WSongivYliUkbryCIEBC8cVIlnYhIWpeFNQowOJ_LBJm9P-6wODM:1vqknU:6bKYhAg55K4tBLYZE8q1TSwA-Adz6knNIeCbTHuJhT4	2026-02-20 04:28:52.634556+00
\.


--
-- TOC entry 4036 (class 0 OID 16923)
-- Dependencies: 277
-- Data for Name: django_site; Type: TABLE DATA; Schema: public; Owner: -
--

COPY public.django_site (id, domain, name) FROM stdin;
1	wolvcapital.com	WolvCapital
\.


--
-- TOC entry 4024 (class 0 OID 16784)
-- Dependencies: 265
-- Data for Name: investments_dailyroipayout; Type: TABLE DATA; Schema: public; Owner: -
--

COPY public.investments_dailyroipayout (id, payout_date, amount, created_at, investment_id, credited_at, credited_tx) FROM stdin;
1	2025-11-20	62.49	2026-01-08 13:42:53.954173+00	1	\N	\N
2	2025-11-21	62.49	2026-01-08 13:42:56.369578+00	1	\N	\N
3	2025-11-22	62.49	2026-01-08 13:42:59.598481+00	1	\N	\N
4	2025-11-23	62.49	2026-01-08 13:43:02.075574+00	1	\N	\N
5	2025-11-24	62.49	2026-01-08 13:43:05.069959+00	1	\N	\N
6	2025-11-25	62.49	2026-01-08 13:43:08.777948+00	1	\N	\N
7	2025-11-26	62.49	2026-01-08 13:43:11.883499+00	1	\N	\N
8	2025-11-27	62.49	2026-01-08 13:43:14.245876+00	1	\N	\N
9	2025-11-28	62.49	2026-01-08 13:43:16.491635+00	1	\N	\N
10	2025-11-29	62.49	2026-01-08 13:43:20.234093+00	1	\N	\N
11	2025-11-30	62.49	2026-01-08 13:43:22.99679+00	1	\N	\N
12	2025-12-01	62.49	2026-01-08 13:43:25.154888+00	1	\N	\N
13	2025-12-02	62.49	2026-01-08 13:43:27.877139+00	1	\N	\N
14	2025-12-03	62.49	2026-01-08 13:43:30.076134+00	1	\N	\N
15	2025-12-04	62.49	2026-01-08 13:43:32.354167+00	1	\N	\N
16	2025-12-05	62.49	2026-01-08 13:43:34.549707+00	1	\N	\N
17	2025-12-06	62.49	2026-01-08 13:43:37.267309+00	1	\N	\N
18	2025-12-07	62.49	2026-01-08 13:43:39.637534+00	1	\N	\N
19	2025-12-08	62.49	2026-01-08 13:43:41.988794+00	1	\N	\N
20	2025-12-09	62.49	2026-01-08 13:43:44.358413+00	1	\N	\N
21	2025-12-10	62.49	2026-01-08 13:43:46.750984+00	1	\N	\N
22	2025-11-23	135.00	2026-01-08 13:43:49.893746+00	2	\N	\N
23	2025-11-24	135.00	2026-01-08 13:43:52.99355+00	2	\N	\N
24	2025-11-25	135.00	2026-01-08 13:43:55.713167+00	2	\N	\N
25	2025-11-26	135.00	2026-01-08 13:43:58.47697+00	2	\N	\N
26	2025-11-27	135.00	2026-01-08 13:44:00.680381+00	2	\N	\N
27	2025-11-28	135.00	2026-01-08 13:44:02.867986+00	2	\N	\N
28	2025-11-29	135.00	2026-01-08 13:44:04.967266+00	2	\N	\N
29	2025-11-30	135.00	2026-01-08 13:44:07.635078+00	2	\N	\N
30	2025-12-01	135.00	2026-01-08 13:44:09.884634+00	2	\N	\N
31	2025-12-02	135.00	2026-01-08 13:44:12.048325+00	2	\N	\N
32	2025-12-03	135.00	2026-01-08 13:44:15.622749+00	2	\N	\N
33	2025-12-04	135.00	2026-01-08 13:44:18.369671+00	2	\N	\N
34	2025-12-05	135.00	2026-01-08 13:44:20.472472+00	2	\N	\N
35	2025-12-06	135.00	2026-01-08 13:44:22.688238+00	2	\N	\N
36	2025-12-07	135.00	2026-01-08 13:44:24.841217+00	2	\N	\N
37	2025-12-08	135.00	2026-01-08 13:44:27.769103+00	2	\N	\N
38	2025-12-09	135.00	2026-01-08 13:44:30.571821+00	2	\N	\N
39	2025-12-10	135.00	2026-01-08 13:44:32.932073+00	2	\N	\N
40	2025-12-11	135.00	2026-01-08 13:44:36.204007+00	2	\N	\N
41	2025-12-12	135.00	2026-01-08 13:44:39.070359+00	2	\N	\N
42	2025-12-13	135.00	2026-01-08 13:44:41.415145+00	2	\N	\N
43	2025-12-14	135.00	2026-01-08 13:44:44.633548+00	2	\N	\N
44	2025-12-15	135.00	2026-01-08 13:44:47.037314+00	2	\N	\N
45	2025-12-16	135.00	2026-01-08 13:44:49.832726+00	2	\N	\N
46	2025-12-17	135.00	2026-01-08 13:44:52.796626+00	2	\N	\N
47	2025-12-18	135.00	2026-01-08 13:44:54.935197+00	2	\N	\N
48	2025-12-19	135.00	2026-01-08 13:44:58.099027+00	2	\N	\N
49	2025-12-20	135.00	2026-01-08 13:45:01.352882+00	2	\N	\N
50	2025-12-21	135.00	2026-01-08 13:45:03.771063+00	2	\N	\N
51	2025-12-22	135.00	2026-01-08 13:45:06.125271+00	2	\N	\N
52	2025-11-28	117.00	2026-01-08 13:45:09.737551+00	3	\N	\N
53	2025-11-29	117.00	2026-01-08 13:45:13.579714+00	3	\N	\N
54	2025-11-30	117.00	2026-01-08 13:45:16.199531+00	3	\N	\N
55	2025-12-01	117.00	2026-01-08 13:45:19.524606+00	3	\N	\N
56	2025-12-02	117.00	2026-01-08 13:45:25.980951+00	3	\N	\N
57	2025-12-03	117.00	2026-01-08 13:45:28.631682+00	3	\N	\N
58	2025-12-04	117.00	2026-01-08 13:45:30.82544+00	3	\N	\N
59	2025-12-05	117.00	2026-01-08 13:45:34.175657+00	3	\N	\N
60	2025-12-06	117.00	2026-01-08 13:45:37.399873+00	3	\N	\N
61	2025-12-07	117.00	2026-01-08 13:45:40.304929+00	3	\N	\N
62	2025-12-08	117.00	2026-01-08 13:45:43.033205+00	3	\N	\N
63	2025-12-09	117.00	2026-01-08 13:45:45.34615+00	3	\N	\N
64	2025-12-10	117.00	2026-01-08 13:45:48.143733+00	3	\N	\N
65	2025-12-11	117.00	2026-01-08 13:45:50.487512+00	3	\N	\N
66	2025-12-12	117.00	2026-01-08 13:45:52.901725+00	3	\N	\N
67	2025-12-13	117.00	2026-01-08 13:45:55.122177+00	3	\N	\N
68	2025-12-14	117.00	2026-01-08 13:45:57.773247+00	3	\N	\N
69	2025-12-15	117.00	2026-01-08 13:46:00.070562+00	3	\N	\N
70	2025-12-16	117.00	2026-01-08 13:46:03.650876+00	3	\N	\N
71	2025-12-17	117.00	2026-01-08 13:46:06.276437+00	3	\N	\N
72	2025-12-18	117.00	2026-01-08 13:46:08.621116+00	3	\N	\N
73	2025-12-19	117.00	2026-01-08 13:46:11.208459+00	3	\N	\N
74	2025-12-20	117.00	2026-01-08 13:46:13.539622+00	3	\N	\N
75	2025-12-21	117.00	2026-01-08 13:46:15.78429+00	3	\N	\N
76	2025-12-22	117.00	2026-01-08 13:46:19.118428+00	3	\N	\N
77	2025-12-23	117.00	2026-01-08 13:46:21.365102+00	3	\N	\N
78	2025-12-24	117.00	2026-01-08 13:46:25.976205+00	3	\N	\N
79	2025-12-25	117.00	2026-01-08 13:46:29.476478+00	3	\N	\N
80	2025-12-26	117.00	2026-01-08 13:46:31.698826+00	3	\N	\N
81	2025-12-27	117.00	2026-01-08 13:46:33.969863+00	3	\N	\N
82	2026-01-15	62.49	2026-01-15 02:06:08.103693+00	1	2026-01-15 02:06:09.663674+00	d9cc2cbc-418e-49d2-a934-ebe79b40fd63
83	2026-01-15	135.00	2026-01-15 02:06:14.304241+00	2	2026-01-15 02:06:15.885108+00	32735d35-a843-448d-ac04-23b74c730874
84	2026-01-15	117.00	2026-01-15 02:06:19.600765+00	3	2026-01-15 02:06:21.220924+00	17a5120d-b8f8-4f71-9354-0ea25ff5f36c
85	2026-01-15	14.98	2026-01-15 02:23:46.306294+00	6	2026-01-15 02:23:47.882153+00	6043655f-b170-4ed1-969b-4d753449b529
86	2026-01-16	117.00	2026-01-16 04:45:48.890373+00	3	2026-01-16 04:45:50.526094+00	d2e364a5-9716-4a03-9e47-7da4d9d3af06
87	2026-01-16	62.49	2026-01-16 04:45:55.205657+00	1	2026-01-16 04:45:56.773589+00	01dc341d-1b3f-4c2c-99c0-664753c57cdf
88	2026-01-16	135.00	2026-01-16 04:46:00.726065+00	2	2026-01-16 04:46:02.325715+00	61bff5e0-2579-4c5c-8d12-e773f50aecb0
89	2026-01-16	14.98	2026-01-16 04:46:05.988245+00	6	2026-01-16 04:46:07.609448+00	ab99c803-0ed2-4cf2-aab5-43e13a39aabd
90	2026-01-16	2.00	2026-01-16 04:46:11.369382+00	7	2026-01-16 04:46:12.913283+00	de443ae1-b658-4596-8789-dd7db5d38ff0
91	2026-01-19	117.00	2026-01-19 04:37:50.758916+00	3	2026-01-19 04:37:52.404389+00	02747f01-fd96-4b74-b0f4-853add81616b
92	2026-01-19	62.49	2026-01-19 04:37:58.34841+00	1	2026-01-19 04:38:00.112491+00	a60167b3-b1cf-4113-bec4-2593919aca61
93	2026-01-19	135.00	2026-01-19 04:38:05.075778+00	2	2026-01-19 04:38:06.819345+00	91c2b45f-c9cc-4656-8ab9-3b75d859eaeb
94	2026-01-19	14.98	2026-01-19 04:38:11.969079+00	6	2026-01-19 04:38:13.714635+00	22a5ee6e-2888-489a-a16d-706b2cfc4e03
95	2026-01-19	2.00	2026-01-19 04:38:18.658348+00	7	2026-01-19 04:38:20.392171+00	0300c188-6d04-462b-8765-fa9b33a8a14c
96	2026-01-19	3.00	2026-01-19 04:38:25.11653+00	9	2026-01-19 04:38:26.77436+00	8718e9d1-5bbb-4414-8c7b-7fdc0e91ce8a
98	2026-01-17	9.99	2026-01-19 16:16:56.617686+00	12	2026-01-19 16:16:56.625236+00	1a6c0ba2-0139-45cc-baca-132924f060f8
99	2026-01-18	9.99	2026-01-19 16:16:56.635719+00	12	2026-01-19 16:16:56.643124+00	5adf78eb-bf33-4109-a965-5dd052843bb6
100	2026-01-19	9.99	2026-01-19 16:27:25.793702+00	12	2026-01-19 16:27:25.803223+00	a188dfd7-3721-452d-8dd4-4a75b3e87417
101	2026-01-20	117.00	2026-01-20 23:04:16.457596+00	3	2026-01-20 23:04:16.467369+00	ecde89ef-95ab-4d33-8478-d7cfd0ec4550
102	2026-01-20	62.49	2026-01-20 23:04:16.482386+00	1	2026-01-20 23:04:16.491921+00	398ce1da-1d84-46f3-b200-cf38f713c583
103	2026-01-20	135.00	2026-01-20 23:04:16.504481+00	2	2026-01-20 23:04:16.514564+00	e3c62425-883b-438b-a485-9ff594205f33
104	2026-01-20	14.98	2026-01-20 23:04:16.527696+00	6	2026-01-20 23:04:16.536502+00	85367eb8-fd10-4771-8b08-7be9fe6b8cd4
105	2026-01-20	2.00	2026-01-20 23:04:16.552536+00	7	2026-01-20 23:04:16.562714+00	73639ede-f55e-46ae-abb9-d066528ca7c8
106	2026-01-20	3.00	2026-01-20 23:04:16.580247+00	9	2026-01-20 23:04:16.595616+00	436ccd68-1166-4c83-8fcf-efcd571089f5
108	2026-01-20	9.99	2026-01-20 23:04:16.634944+00	12	2026-01-20 23:04:16.646578+00	94fff64d-c928-4735-ac59-4263aa9db48d
109	2026-01-21	117.00	2026-01-21 02:04:28.853422+00	3	2026-01-21 02:04:28.863421+00	3d92d20c-21ae-4627-9af3-77b4700a52aa
110	2026-01-21	62.49	2026-01-21 02:04:29.146691+00	1	2026-01-21 02:04:29.156907+00	7e69f9f3-13f9-4dd9-aa09-159790b389bb
111	2026-01-21	135.00	2026-01-21 02:04:29.371843+00	2	2026-01-21 02:04:29.38038+00	b1c8acf6-2991-422f-af0a-8a1bc003b86c
112	2026-01-21	14.98	2026-01-21 02:04:29.552757+00	6	2026-01-21 02:04:29.560209+00	b24bda7a-96e7-4921-a0f1-810a8d18e733
113	2026-01-21	2.00	2026-01-21 02:04:29.759707+00	7	2026-01-21 02:04:29.768809+00	a82c3353-8a45-42e5-ae54-92f744ef28ce
114	2026-01-21	3.00	2026-01-21 02:04:29.95807+00	9	2026-01-21 02:04:29.966143+00	b0e2c05b-b916-4524-8a51-0777ca020957
116	2026-01-21	9.99	2026-01-21 02:04:30.400662+00	12	2026-01-21 02:04:30.409532+00	32e4ca3f-4207-4cd0-991b-a1f700526ba7
117	2026-01-22	117.00	2026-01-22 11:02:14.377448+00	3	2026-01-22 11:02:14.388393+00	8044584f-be94-4677-b2e1-dea0f7e9f009
118	2026-01-22	62.49	2026-01-22 11:02:14.613128+00	1	2026-01-22 11:02:14.620712+00	2f3f32c2-f3bc-4654-a42f-0ffb51d10d1f
119	2026-01-22	135.00	2026-01-22 11:02:14.793644+00	2	2026-01-22 11:02:14.800983+00	bf17ebd1-c09a-4381-ba65-47e41e3887f3
120	2026-01-22	2.00	2026-01-22 11:02:14.991047+00	7	2026-01-22 11:02:14.998453+00	0327b2f0-ac37-4eb5-8397-cd06b7fd3730
121	2026-01-22	3.00	2026-01-22 11:02:15.303408+00	9	2026-01-22 11:02:15.310694+00	2072b2df-0ba5-4b72-990a-69724a63d2eb
123	2026-01-22	9.99	2026-01-22 11:02:15.676752+00	12	2026-01-22 11:02:15.683697+00	82e03bd2-d9b8-4a94-9b84-9a1b888a90af
124	2026-01-23	117.00	2026-01-23 06:39:34.148402+00	3	2026-01-23 06:39:34.157075+00	9e469f3c-e144-4d63-98a8-fb2c45263832
125	2026-01-23	62.49	2026-01-23 06:39:35.495008+00	1	2026-01-23 06:39:35.50265+00	4c98cd24-6381-48ed-b572-dff7434ecea8
126	2026-01-23	135.00	2026-01-23 06:39:35.710142+00	2	2026-01-23 06:39:35.717899+00	1696112c-4edc-4209-8a1a-b0f7d7611770
127	2026-01-23	2.00	2026-01-23 06:39:35.899679+00	7	2026-01-23 06:39:35.906676+00	c834e82e-1a10-4ad1-baf8-20257c4e53cb
128	2026-01-23	3.00	2026-01-23 06:39:36.075101+00	9	2026-01-23 06:39:36.081532+00	2a17c7c8-50b4-420a-af4b-58273d7d795a
130	2026-01-23	9.99	2026-01-23 06:39:36.45704+00	12	2026-01-23 06:39:36.463076+00	9f10b535-e24b-4cbe-9f4e-516e66d7efa7
131	2026-01-24	117.00	2026-01-24 22:53:56.119346+00	3	2026-01-24 22:53:56.129318+00	d8b052a7-b0f9-49c2-b75c-f76ba5543bbe
132	2026-01-24	62.49	2026-01-24 22:53:56.373344+00	1	2026-01-24 22:53:56.383924+00	48985e5a-f3bb-4807-83a0-387c61102fdd
133	2026-01-24	135.00	2026-01-24 22:53:56.584191+00	2	2026-01-24 22:53:56.591913+00	52c5efda-9056-4a44-a244-488719369059
134	2026-01-24	2.00	2026-01-24 22:53:56.767034+00	7	2026-01-24 22:53:56.776057+00	0858a7f9-e587-4cea-98f9-7d9cf89112ea
135	2026-01-24	3.00	2026-01-24 22:53:56.954452+00	9	2026-01-24 22:53:56.962445+00	a2cd8b1e-4486-42be-9496-048ab868712b
137	2026-01-24	9.99	2026-01-24 22:53:57.312534+00	12	2026-01-24 22:53:57.320045+00	adee85c0-94d4-40d6-99df-f8d48d2c68de
138	2026-01-25	117.00	2026-01-25 22:43:48.154643+00	3	2026-01-25 22:43:48.270365+00	1e4c354f-469c-424a-bbae-ebbdefb32433
139	2026-01-25	62.49	2026-01-25 22:43:48.811298+00	1	2026-01-25 22:43:48.926044+00	924b0511-d79c-4407-a08d-97acdbc0d5d3
140	2026-01-25	135.00	2026-01-25 22:43:49.316985+00	2	2026-01-25 22:43:49.431033+00	f829f09f-62ce-4ff5-9514-acaba9e209e1
141	2026-01-25	2.00	2026-01-25 22:43:49.848256+00	7	2026-01-25 22:43:49.965578+00	bb4af6d6-5aa9-4644-a701-8fde5592afb6
142	2026-01-25	3.00	2026-01-25 22:43:50.398669+00	9	2026-01-25 22:43:50.514519+00	7811b6d2-8be4-44c6-bcfb-bbc44631a2f1
144	2026-01-25	9.99	2026-01-25 22:43:51.452076+00	12	2026-01-25 22:43:51.567079+00	b07fa888-d3b8-420e-b2d6-8039064a5cbf
145	2026-01-26	117.00	2026-01-26 16:33:04.918401+00	3	2026-01-26 16:33:04.929023+00	ec84627b-5ddb-43cc-923c-f0f47c5cae14
146	2026-01-26	62.49	2026-01-26 16:33:05.19825+00	1	2026-01-26 16:33:05.206452+00	df519e48-de78-4863-87e9-c7c3b1475c25
147	2026-01-26	135.00	2026-01-26 16:33:05.403512+00	2	2026-01-26 16:33:05.417088+00	abee84b6-6b4e-4f1d-9b23-fef455855bd0
148	2026-01-26	2.00	2026-01-26 16:33:05.611208+00	7	2026-01-26 16:33:05.623497+00	e97b428f-8945-483d-af41-b15b7207cd42
149	2026-01-26	3.00	2026-01-26 16:33:05.82984+00	9	2026-01-26 16:33:05.837409+00	235a060e-7130-4806-b415-b6c32778ed75
151	2026-01-26	9.99	2026-01-26 16:33:06.221967+00	12	2026-01-26 16:33:06.229492+00	c401c236-6dc3-44ea-a4e8-a33df1b12a57
152	2026-01-27	117.00	2026-01-27 22:54:51.822609+00	3	2026-01-27 22:54:51.833428+00	5bb631ea-f80f-434b-b990-0c88448469b6
153	2026-01-27	62.49	2026-01-27 22:54:52.098139+00	1	2026-01-27 22:54:52.106344+00	20c6ecde-27be-48cf-a246-5e4dd5cbd959
154	2026-01-27	135.00	2026-01-27 22:54:52.306495+00	2	2026-01-27 22:54:52.316597+00	b56c6d61-8045-40b3-beb5-5323792c2778
155	2026-01-27	2.00	2026-01-27 22:54:52.545901+00	7	2026-01-27 22:54:52.553762+00	469b5de5-d858-47f7-bafd-42db685ff92a
156	2026-01-27	3.00	2026-01-27 22:54:52.761554+00	9	2026-01-27 22:54:52.76868+00	f23250f2-c9db-4283-af87-7a7179582630
158	2026-01-27	9.99	2026-01-27 22:54:53.155833+00	12	2026-01-27 22:54:53.167211+00	21c833b1-b336-4759-a532-29f1567d6aa8
159	2026-01-28	117.00	2026-01-28 21:45:07.466396+00	3	2026-01-28 21:45:07.475145+00	6e17a286-64ee-44e7-95f6-4f4b78f6cb47
160	2026-01-28	62.49	2026-01-28 21:45:07.724915+00	1	2026-01-28 21:45:07.734025+00	a560be51-7a10-4853-9436-357f37b69287
161	2026-01-28	135.00	2026-01-28 21:45:07.943458+00	2	2026-01-28 21:45:07.955994+00	8bcd175f-6a78-477a-8319-1895a26bcd91
162	2026-01-28	2.00	2026-01-28 21:45:08.153554+00	7	2026-01-28 21:45:08.164965+00	2146e34f-58fa-4cd9-bcbc-8edb8fb8d249
163	2026-01-28	3.00	2026-01-28 21:45:08.35219+00	9	2026-01-28 21:45:08.362334+00	ae9b0971-df16-4326-98ef-4b629d62dc98
165	2026-01-28	9.99	2026-01-28 21:45:08.777348+00	12	2026-01-28 21:45:08.790605+00	722f6219-dd21-45c1-ac88-92e2838d845b
166	2026-01-29	117.00	2026-01-29 22:12:22.741867+00	3	2026-01-29 22:12:22.751481+00	b345f4bb-b061-4ffc-9ab4-5776715db893
167	2026-01-29	62.49	2026-01-29 22:12:22.991171+00	1	2026-01-29 22:12:23.001161+00	cd185222-aca2-4654-9a64-23ef223a1e19
168	2026-01-29	135.00	2026-01-29 22:12:23.288558+00	2	2026-01-29 22:12:23.299264+00	e6ba1fcc-2dc6-4016-b5e8-f9bc29a5dab2
169	2026-01-29	2.00	2026-01-29 22:12:23.491648+00	7	2026-01-29 22:12:23.500463+00	b4498121-3a0a-4087-8e54-7e403b6c2da7
170	2026-01-29	3.00	2026-01-29 22:12:23.705354+00	9	2026-01-29 22:12:23.715736+00	8dd05312-4350-40b6-b6a6-f70977cb697a
172	2026-01-29	9.99	2026-01-29 22:12:24.326736+00	12	2026-01-29 22:12:24.337641+00	bb8f22fb-38aa-4795-b8a6-d0821162810f
173	2026-01-31	117.00	2026-01-31 22:44:49.00875+00	3	2026-01-31 22:44:49.021518+00	d88fba10-b9fb-41a6-8729-ddd8bc7bcd1f
174	2026-01-31	62.49	2026-01-31 22:44:49.346726+00	1	2026-01-31 22:44:49.358908+00	c49a56bf-ef90-40fd-b2c6-9dd470ee5ae8
175	2026-01-31	135.00	2026-01-31 22:44:49.559652+00	2	2026-01-31 22:44:49.568471+00	44d8b777-e24f-48ae-b119-b7a3e6b24965
176	2026-01-31	2.00	2026-01-31 22:44:49.796037+00	7	2026-01-31 22:44:49.803882+00	93003ace-48e4-4aa8-87a6-f328518e10a7
177	2026-01-31	3.00	2026-01-31 22:44:49.998312+00	9	2026-01-31 22:44:50.007436+00	65fae701-2d34-4897-bfaa-c0a263c9378a
179	2026-01-31	9.99	2026-01-31 22:44:50.374426+00	12	2026-01-31 22:44:50.383778+00	2270fb56-0904-407f-b663-6d09a6be2c5b
180	2026-02-01	117.00	2026-02-01 22:55:30.542138+00	3	2026-02-01 22:55:30.660416+00	e31f1923-41f7-475a-bc61-736edd0c4813
181	2026-02-01	62.49	2026-02-01 22:55:31.360755+00	1	2026-02-01 22:55:31.478732+00	4c2e50ca-4ffe-4b32-af9a-f0f4e5d10b61
182	2026-02-01	135.00	2026-02-01 22:55:32.463185+00	2	2026-02-01 22:55:32.57751+00	c61ee422-c747-4871-806a-7e6df5ca83a9
183	2026-02-01	2.00	2026-02-01 22:55:33.025161+00	7	2026-02-01 22:55:33.139429+00	8283413f-b8e7-48cb-9c89-971a368de5fc
184	2026-02-01	3.00	2026-02-01 22:55:33.581484+00	9	2026-02-01 22:55:33.692905+00	fee26a32-370a-4f00-bb84-adc1d0930e8c
186	2026-02-01	9.99	2026-02-01 22:55:34.628067+00	12	2026-02-01 22:55:34.74063+00	71916411-7185-4f3f-b11f-a8f39018c2af
187	2026-02-02	117.00	2026-02-02 16:23:50.12593+00	3	2026-02-02 16:23:50.136524+00	cd4cc3c9-69d7-4313-9ed2-036d1faeca73
188	2026-02-02	62.49	2026-02-02 16:23:50.665386+00	1	2026-02-02 16:23:50.674547+00	24b18ca5-e569-4ad2-800d-0d8d87eb859a
189	2026-02-02	135.00	2026-02-02 16:23:50.940616+00	2	2026-02-02 16:23:50.950173+00	8b413e4a-a086-4a33-a56a-1b97ff75057b
190	2026-02-02	2.00	2026-02-02 16:23:51.16002+00	7	2026-02-02 16:23:51.171944+00	dcdaea66-0c24-4f29-9a5d-ff7cab9ec174
191	2026-02-02	3.00	2026-02-02 16:23:51.412187+00	9	2026-02-02 16:23:51.42418+00	96efe9a0-7cf3-4fb3-9946-234da1fc5958
255	2026-02-15	117.00	2026-02-15 00:58:18.025813+00	3	2026-02-15 00:58:18.045014+00	78f4a716-b419-40e1-a5da-3c3c33951868
193	2026-02-02	9.99	2026-02-02 16:23:51.91888+00	12	2026-02-02 16:23:51.931836+00	71193aac-2597-428b-9c1f-94807fefe554
194	2026-02-04	117.00	2026-02-04 02:26:20.658037+00	3	2026-02-04 02:26:22.711494+00	f28709e4-2b08-4614-b899-795413056fe2
195	2026-02-04	62.49	2026-02-04 02:26:26.605087+00	1	2026-02-04 02:26:28.487899+00	b8ddac55-d651-41a2-a0f2-15fd56bf7d33
196	2026-02-04	135.00	2026-02-04 02:26:31.300282+00	2	2026-02-04 02:26:33.056098+00	63a371d5-6534-4773-95aa-4e09b1548e82
197	2026-02-04	2.00	2026-02-04 02:26:35.969404+00	7	2026-02-04 02:26:37.971778+00	9a336108-8561-481a-8806-2c6b8a7d9024
198	2026-02-04	3.00	2026-02-04 02:26:40.621965+00	9	2026-02-04 02:26:42.410526+00	215dff35-33bb-4983-b93e-3828fee0e893
200	2026-02-04	9.99	2026-02-04 02:26:49.290736+00	12	2026-02-04 02:26:50.908388+00	7a4cd1b4-8ffd-4e82-b3ae-74e5718c3ebd
201	2026-02-06	117.00	2026-02-06 02:52:22.410323+00	3	2026-02-06 02:52:22.431503+00	5d3415b7-c2f3-4154-8502-3bedf348aa3c
202	2026-02-06	62.49	2026-02-06 02:52:22.654808+00	1	2026-02-06 02:52:22.660669+00	df757006-5ef6-4591-92f4-06b0416b80c8
203	2026-02-06	135.00	2026-02-06 02:52:22.928669+00	2	2026-02-06 02:52:22.936392+00	55360d94-cd0d-42a2-b088-ce91461d3a16
204	2026-02-06	2.00	2026-02-06 02:52:23.117228+00	7	2026-02-06 02:52:23.124389+00	c7714615-0525-4197-8022-d27c523ec66a
205	2026-02-06	3.00	2026-02-06 02:52:23.328582+00	9	2026-02-06 02:52:23.334584+00	e87b7928-48b6-420d-8c18-b0f10a963f8a
256	2026-02-15	62.49	2026-02-15 00:58:18.256657+00	1	2026-02-15 00:58:18.269862+00	328b6201-38b1-4097-b010-297c59c09eec
207	2026-02-06	9.99	2026-02-06 02:52:23.681338+00	12	2026-02-06 02:52:23.688398+00	36541975-7a85-4e89-85cd-f59a33c66ad6
208	2026-02-07	117.00	2026-02-07 03:27:38.982753+00	3	2026-02-07 03:27:39.73507+00	bc98d783-cb14-4418-b5a3-44e2a022822c
209	2026-02-07	62.49	2026-02-07 03:27:41.181376+00	1	2026-02-07 03:27:41.924875+00	763e88ec-fb99-488d-bc6e-2bd38926e7b7
210	2026-02-07	135.00	2026-02-07 03:27:43.291919+00	2	2026-02-07 03:27:44.032009+00	72ba7747-91a9-48eb-84da-7e33ca15fa75
211	2026-02-07	2.00	2026-02-07 03:27:45.423775+00	7	2026-02-07 03:27:46.16483+00	8e19d136-d9ba-4571-944b-a23831a2e091
212	2026-02-07	3.00	2026-02-07 03:27:47.561015+00	9	2026-02-07 03:27:48.302147+00	2ac51d47-0280-46f7-9b47-830ccde56f8c
214	2026-02-07	9.99	2026-02-07 03:27:52.072962+00	12	2026-02-07 03:27:52.812145+00	2212b0fc-528e-4999-b7c1-60c4b53b48b9
215	2026-02-08	117.00	2026-02-08 16:21:12.426288+00	3	2026-02-08 16:21:13.17572+00	553d327c-ff61-4af8-aa77-b0655127684a
216	2026-02-08	62.49	2026-02-08 16:21:14.651008+00	1	2026-02-08 16:21:15.402318+00	b6d85757-6acc-4829-87e3-be5948998758
217	2026-02-08	135.00	2026-02-08 16:21:16.838878+00	2	2026-02-08 16:21:17.581+00	546372ba-59d2-415c-986c-8f80352bc807
218	2026-02-08	2.00	2026-02-08 16:21:19.003854+00	7	2026-02-08 16:21:19.750354+00	19638319-5b88-4de0-9bbf-634883b05bfb
219	2026-02-08	3.00	2026-02-08 16:21:21.129915+00	9	2026-02-08 16:21:21.87274+00	4d7330e8-82e0-4f90-8be9-112dae633a76
257	2026-02-15	135.00	2026-02-15 00:58:18.470733+00	2	2026-02-15 00:58:18.483214+00	6c36b2d1-31e0-4f8b-afcd-d97cc0366fae
221	2026-02-08	9.99	2026-02-08 16:21:25.497684+00	12	2026-02-08 16:21:26.239389+00	9f0e7600-4461-434c-be70-030a50a0b277
222	2026-02-09	117.00	2026-02-09 22:49:09.688851+00	3	2026-02-09 22:49:10.432539+00	15f4a849-5be0-49e9-afaf-3c01797e3f9b
223	2026-02-09	62.49	2026-02-09 22:49:11.870508+00	1	2026-02-09 22:49:12.611722+00	2a8f1b45-8e48-4ff9-acf7-756a9f07ff8d
224	2026-02-09	135.00	2026-02-09 22:49:14.008523+00	2	2026-02-09 22:49:14.766591+00	b3480c09-0144-4b08-a6f3-98185d2582bf
225	2026-02-09	2.00	2026-02-09 22:49:16.195951+00	7	2026-02-09 22:49:16.9419+00	673c4233-7bee-4c64-bae8-8c8513ec57a4
226	2026-02-09	3.00	2026-02-09 22:49:18.349994+00	9	2026-02-09 22:49:19.09705+00	5bd26ba4-a585-49c8-8ead-b0fc312f2194
228	2026-02-09	9.99	2026-02-09 22:49:22.676387+00	12	2026-02-09 22:49:23.422707+00	e506a432-47c7-47d0-a2ba-1391135fc2cb
229	2026-02-09	12.50	2026-02-09 22:49:24.856624+00	13	2026-02-09 22:49:25.60462+00	bcfb7315-7968-45ca-aabb-3f6a6b6e9df3
230	2026-02-10	117.00	2026-02-10 21:19:16.965908+00	3	2026-02-10 21:19:17.707018+00	0d0e61c3-9acb-478e-b07c-eb53fb793660
231	2026-02-10	62.49	2026-02-10 21:19:19.20823+00	1	2026-02-10 21:19:19.961316+00	5cca3cae-b560-4397-8797-996d1210d062
232	2026-02-10	135.00	2026-02-10 21:19:21.373994+00	2	2026-02-10 21:19:22.115597+00	cc63aac2-085e-42f7-ab8d-8aa005d0a268
233	2026-02-10	2.00	2026-02-10 21:19:23.492858+00	7	2026-02-10 21:19:24.243544+00	11c62fc6-d283-4a0a-a1f8-5514a7c959a3
234	2026-02-10	3.00	2026-02-10 21:19:25.700141+00	9	2026-02-10 21:19:26.438167+00	21e53bb4-81f0-4663-bef3-93805f26f6f2
258	2026-02-15	2.00	2026-02-15 00:58:18.660836+00	7	2026-02-15 00:58:18.673149+00	fda1211b-60f4-4dc3-b661-11c9c4d26e2e
236	2026-02-10	9.99	2026-02-10 21:19:30.015143+00	12	2026-02-10 21:19:30.763066+00	c3040239-ce95-46e2-bec4-e439591ade1a
237	2026-02-10	12.50	2026-02-10 21:19:32.265995+00	13	2026-02-10 21:19:33.029206+00	2ec6b061-6860-4612-9c5d-1d554c967a25
238	2026-02-11	117.00	2026-02-11 22:44:50.875001+00	3	2026-02-11 22:44:51.615967+00	a12773d6-a814-4f20-a58b-8cbac1526903
239	2026-02-11	62.49	2026-02-11 22:44:53.068359+00	1	2026-02-11 22:44:53.813495+00	e9f7c337-621e-40b3-98e1-66028e337567
240	2026-02-11	135.00	2026-02-11 22:44:55.215285+00	2	2026-02-11 22:44:55.958083+00	0469b8d9-7c98-412a-8b5a-a12666f0fb5f
241	2026-02-11	2.00	2026-02-11 22:44:57.344786+00	7	2026-02-11 22:44:58.08687+00	f0de623a-d887-4348-9ee6-d93c6ca860f8
242	2026-02-11	3.00	2026-02-11 22:44:59.479945+00	9	2026-02-11 22:45:00.2253+00	b67ca3c6-91fb-4fd1-ba49-2fbb9088b4a9
244	2026-02-11	9.99	2026-02-11 22:45:04.013817+00	12	2026-02-11 22:45:04.755455+00	9618987f-487f-498e-b3fc-a0218092fc3c
245	2026-02-11	12.50	2026-02-11 22:45:06.138323+00	13	2026-02-11 22:45:06.884204+00	7059eb58-109d-4e5f-bd02-b7ddd24b4a27
246	2026-02-13	117.00	2026-02-13 03:13:27.204397+00	3	2026-02-13 03:13:27.944222+00	4452888d-6cea-42b8-92a2-20a3c575e9f8
247	2026-02-13	62.49	2026-02-13 03:13:29.720909+00	1	2026-02-13 03:13:30.460335+00	39619b0f-859a-4693-b6bd-3074f6b40ffe
248	2026-02-13	135.00	2026-02-13 03:13:31.830069+00	2	2026-02-13 03:13:32.567947+00	a164c7d6-cde5-4f3b-8d4e-5481ed48448e
249	2026-02-13	2.00	2026-02-13 03:13:33.934918+00	7	2026-02-13 03:13:34.67589+00	ee7b73be-6bb6-4aaf-b963-1b7b12fa269a
250	2026-02-13	3.00	2026-02-13 03:13:36.095096+00	9	2026-02-13 03:13:36.833907+00	2478f5b0-ded1-42bf-b3e8-b7b211342240
259	2026-02-15	3.00	2026-02-15 00:58:18.852779+00	9	2026-02-15 00:58:18.865343+00	d42ae664-9bd1-4303-b381-e823768f4e03
252	2026-02-13	9.99	2026-02-13 03:13:40.396867+00	12	2026-02-13 03:13:41.137863+00	bcecf9eb-6086-4f5b-b915-9a04d334c24a
253	2026-02-13	12.50	2026-02-13 03:13:42.581948+00	13	2026-02-13 03:13:43.338455+00	fb7340b0-d3be-4d4d-b928-3c144918dbbc
254	2026-02-13	75.00	2026-02-13 03:13:44.749535+00	14	2026-02-13 03:13:45.491793+00	558a9179-d45c-49e1-8ab5-bc8687cebca0
260	2026-02-15	9.99	2026-02-15 00:58:19.034486+00	12	2026-02-15 00:58:19.04709+00	3fdd3e20-a974-4cf6-91fb-3f13a6eb97c5
261	2026-02-15	12.50	2026-02-15 00:58:19.214108+00	13	2026-02-15 00:58:19.230613+00	3edf62a3-d732-42b0-8ae2-80737451ebbc
262	2026-02-15	75.00	2026-02-15 00:58:19.425802+00	14	2026-02-15 00:58:19.442408+00	35de5842-372d-40b1-bfe9-346f3c6f058c
263	2026-02-16	117.00	2026-02-16 19:15:05.786279+00	3	2026-02-16 19:15:05.800688+00	914582ac-5f4e-4645-9ed0-ae49b825671b
264	2026-02-16	62.49	2026-02-16 19:15:06.061475+00	1	2026-02-16 19:15:06.076036+00	a311d84b-119e-4eba-bf7c-b25656559bf6
265	2026-02-16	135.00	2026-02-16 19:15:06.282734+00	2	2026-02-16 19:15:06.296723+00	54401c7b-0b48-41b3-8fed-5a4f3bf1717d
266	2026-02-16	2.00	2026-02-16 19:15:06.479281+00	7	2026-02-16 19:15:06.493317+00	cb5dea7a-fd97-4568-a1c3-3f87a2bef29d
267	2026-02-16	3.00	2026-02-16 19:15:06.679206+00	9	2026-02-16 19:15:06.695799+00	d325e257-2c50-416a-a298-a177c2fe5ec3
268	2026-02-16	9.99	2026-02-16 19:15:06.870482+00	12	2026-02-16 19:15:06.887266+00	62d602c4-fcc8-40cd-b099-f85b5ed67fd3
269	2026-02-16	12.50	2026-02-16 19:15:07.069961+00	13	2026-02-16 19:15:07.084591+00	c4b4b4ee-29a2-4d42-9073-c608a727a369
270	2026-02-16	75.00	2026-02-16 19:15:07.284153+00	14	2026-02-16 19:15:07.306646+00	5d307767-caf0-4e14-899c-ec72d32f4dfd
271	2026-02-18	117.00	2026-02-18 09:33:26.678141+00	3	2026-02-18 09:33:27.039756+00	b96f80d9-5741-4b02-b9fa-bdaad262d01f
272	2026-02-18	62.49	2026-02-18 09:33:28.058487+00	1	2026-02-18 09:33:28.407537+00	47ccbda6-b6df-459c-82c7-af63533ee328
273	2026-02-18	135.00	2026-02-18 09:33:29.087833+00	2	2026-02-18 09:33:29.437661+00	afd760dd-ae83-4658-86e7-eead2d4aa0b0
274	2026-02-18	2.00	2026-02-18 09:33:30.149052+00	7	2026-02-18 09:33:30.499172+00	692941df-4bfe-423d-9e9e-aa94b6d2144d
275	2026-02-18	3.00	2026-02-18 09:33:31.159869+00	9	2026-02-18 09:33:31.510383+00	0c83308d-276a-47c9-a90c-a9ac3a858419
276	2026-02-18	9.99	2026-02-18 09:33:32.181465+00	12	2026-02-18 09:33:32.530624+00	6756f61d-8008-4f4b-81f6-5e413ffe856e
277	2026-02-18	12.50	2026-02-18 09:33:33.206784+00	13	2026-02-18 09:33:33.558303+00	831d01f3-43e1-4287-8cf6-6dac8300a8ed
278	2026-02-18	75.00	2026-02-18 09:33:34.234723+00	14	2026-02-18 09:33:34.58949+00	e424f289-819e-442f-9acc-fd05b400bf97
279	2026-02-19	117.00	2026-02-19 18:58:08.492814+00	3	2026-02-19 18:58:08.874004+00	bb935b35-0b25-4a11-9a76-f03827e7b609
280	2026-02-19	62.49	2026-02-19 18:58:09.788672+00	1	2026-02-19 18:58:10.174064+00	c3a3d550-c2fe-4b9a-9bc6-296ebdff3087
281	2026-02-19	135.00	2026-02-19 18:58:10.873613+00	2	2026-02-19 18:58:11.210914+00	47fe18c8-0f3f-4cc9-901c-fe33afaa26f0
282	2026-02-19	2.00	2026-02-19 18:58:11.927675+00	7	2026-02-19 18:58:12.271532+00	5ef4d32f-0853-4f10-8d3a-e98b19bc29c5
283	2026-02-19	3.00	2026-02-19 18:58:12.925192+00	9	2026-02-19 18:58:13.268593+00	85018cec-aa56-49df-8702-3c1ce77cfa32
284	2026-02-19	9.99	2026-02-19 18:58:13.924281+00	12	2026-02-19 18:58:14.266896+00	a06824df-05f5-4836-adb0-0428cba5c678
285	2026-02-19	12.50	2026-02-19 18:58:14.921742+00	13	2026-02-19 18:58:15.265935+00	483bd33a-c89b-40e6-9b59-7237e692fc1e
286	2026-02-19	75.00	2026-02-19 18:58:15.927243+00	14	2026-02-19 18:58:16.282944+00	b5fa4bf4-e835-4f31-a587-1e2d132e4114
287	2026-02-20	117.00	2026-02-20 22:54:10.24274+00	3	2026-02-20 22:54:10.272368+00	07a808af-f9da-4d30-869d-e088ad40dd99
288	2026-02-20	62.49	2026-02-20 22:54:10.521679+00	1	2026-02-20 22:54:10.534787+00	848ea9ee-7479-4c9c-9273-1d8c329ce810
289	2026-02-20	135.00	2026-02-20 22:54:10.731211+00	2	2026-02-20 22:54:10.744377+00	a96e8355-4608-4e82-b0a0-6125776dfc36
290	2026-02-20	2.00	2026-02-20 22:54:10.922265+00	7	2026-02-20 22:54:10.937392+00	9299486d-aab3-42b8-b4d6-e6273c287a2f
291	2026-02-20	3.00	2026-02-20 22:54:11.108976+00	9	2026-02-20 22:54:11.123038+00	1d6b72b5-dcab-4cfa-8d3b-33fcc617bcf6
292	2026-02-20	9.99	2026-02-20 22:54:11.305876+00	12	2026-02-20 22:54:11.321043+00	6e6276a2-42cb-49bc-8b2a-572dc47b353f
293	2026-02-20	12.50	2026-02-20 22:54:11.539133+00	13	2026-02-20 22:54:11.553023+00	1049cc87-7743-421a-93b5-81afb6689b5c
294	2026-02-20	75.00	2026-02-20 22:54:11.753729+00	14	2026-02-20 22:54:11.768063+00	272875c4-ad57-449b-b156-b728b942286b
295	2026-02-21	117.00	2026-02-21 22:54:30.59582+00	3	2026-02-21 22:54:30.613944+00	dc4cb284-f6fa-4066-95c2-33babdc67f2a
296	2026-02-21	62.49	2026-02-21 22:54:30.925539+00	1	2026-02-21 22:54:30.942118+00	f69e48ca-4d97-4cce-a241-939714fc7d0f
297	2026-02-21	135.00	2026-02-21 22:54:31.153698+00	2	2026-02-21 22:54:31.174534+00	d880c525-d1e0-43b2-b32b-e015b086af52
298	2026-02-21	2.00	2026-02-21 22:54:31.360377+00	7	2026-02-21 22:54:31.398073+00	b32d8a4d-a0ce-46e7-a230-6f0c4af9437c
299	2026-02-21	3.00	2026-02-21 22:54:31.645476+00	9	2026-02-21 22:54:31.663169+00	5563d42f-c951-437e-9e9a-4800e8e5962b
300	2026-02-21	9.99	2026-02-21 22:54:31.848191+00	12	2026-02-21 22:54:31.862738+00	095f3370-0cf8-4885-9d98-9951c722e456
301	2026-02-21	12.50	2026-02-21 22:54:32.119156+00	13	2026-02-21 22:54:32.135995+00	b8508a39-0de9-4021-8d86-190b3d5fbe8b
302	2026-02-21	75.00	2026-02-21 22:54:32.345014+00	14	2026-02-21 22:54:32.359989+00	7bf7e738-00ca-45ad-a732-ef74d26924f7
303	2026-02-23	117.00	2026-02-23 01:08:40.90615+00	3	2026-02-23 01:08:40.925385+00	16c9ce9a-af36-482f-808d-122b0dd1007d
304	2026-02-23	62.49	2026-02-23 01:08:41.170181+00	1	2026-02-23 01:08:41.185926+00	35c955a8-2a5f-4184-af0a-c6be56dda7ce
305	2026-02-23	135.00	2026-02-23 01:08:41.388095+00	2	2026-02-23 01:08:41.40468+00	18139635-508c-4442-b69a-30f9a23097e4
306	2026-02-23	2.00	2026-02-23 01:08:41.598452+00	7	2026-02-23 01:08:41.612922+00	876cc3e4-88c7-4ca4-a96d-c2131bac4dcb
307	2026-02-23	3.00	2026-02-23 01:08:41.793379+00	9	2026-02-23 01:08:41.807032+00	8d36ef6d-c15d-4437-be79-9ae610b194d3
308	2026-02-23	9.99	2026-02-23 01:08:41.995926+00	12	2026-02-23 01:08:42.014414+00	6896dfd7-231f-4001-801d-106b156f8311
309	2026-02-23	12.50	2026-02-23 01:08:42.242942+00	13	2026-02-23 01:08:42.256885+00	a3931778-abc9-47df-93c7-eddb9eab2af1
310	2026-02-23	75.00	2026-02-23 01:08:42.477305+00	14	2026-02-23 01:08:42.491212+00	038d3867-fa4d-460b-b246-909ba2c20f41
311	2026-02-26	117.00	2026-02-26 04:08:48.965473+00	3	2026-02-26 04:08:48.986857+00	cab65d32-4358-48c6-b6ea-b454c08cabc1
312	2026-02-26	62.49	2026-02-26 04:08:49.256804+00	1	2026-02-26 04:08:49.265031+00	ebef31c7-8ac8-4849-af78-f14525031e63
313	2026-02-26	135.00	2026-02-26 04:08:49.505015+00	2	2026-02-26 04:08:49.513296+00	9fda87bf-570a-4bbc-89c7-1d16687cd3fc
314	2026-02-26	2.00	2026-02-26 04:08:49.701877+00	7	2026-02-26 04:08:49.710412+00	badc73b8-1595-4867-9c7f-a8a437e838c0
315	2026-02-26	3.00	2026-02-26 04:08:49.876362+00	9	2026-02-26 04:08:49.884795+00	c881e369-5936-45f1-8d12-ee4ad074f7ec
316	2026-02-26	12.50	2026-02-26 04:08:50.062077+00	13	2026-02-26 04:08:50.070711+00	e4c6649e-ffdc-4b06-99fc-cbeec6e1f9c5
317	2026-02-26	75.00	2026-02-26 04:08:50.252797+00	14	2026-02-26 04:08:50.261232+00	021db978-eccd-4923-b233-50c3f8f53b30
318	2026-03-01	117.00	2026-03-01 04:44:10.91881+00	3	2026-03-01 04:44:10.937565+00	dc16f834-0d1f-44db-9b71-8b1ca6acb678
319	2026-03-01	62.49	2026-03-01 04:44:11.170243+00	1	2026-03-01 04:44:11.178865+00	9680d9f5-5854-40ec-a557-691f52c6dd7a
320	2026-03-01	135.00	2026-03-01 04:44:11.360167+00	2	2026-03-01 04:44:11.367481+00	4b323eb1-2040-450a-b44c-945340c108b1
321	2026-03-01	2.00	2026-03-01 04:44:11.52683+00	7	2026-03-01 04:44:11.534331+00	75ef4f83-765d-4989-ae3c-5fbe2c0bff58
322	2026-03-01	3.00	2026-03-01 04:44:11.718921+00	9	2026-03-01 04:44:11.726022+00	a1fdf12b-b254-4422-9989-3cb886eff191
323	2026-03-01	12.50	2026-03-01 04:44:11.892579+00	13	2026-03-01 04:44:11.899582+00	48dca48e-5081-4820-9a1b-5d521888f45d
324	2026-03-01	75.00	2026-03-01 04:44:12.110431+00	14	2026-03-01 04:44:12.117904+00	ffe8b342-26ab-47c0-a54c-78231de32952
325	2026-03-02	117.00	2026-03-02 16:17:19.500623+00	3	2026-03-02 16:17:19.549651+00	b8e02c01-7755-4734-8e3f-65d29460560f
326	2026-03-02	62.49	2026-03-02 16:17:19.806666+00	1	2026-03-02 16:17:19.815216+00	e269aa0f-19d6-4296-9093-bbca1f1393f8
327	2026-03-02	135.00	2026-03-02 16:17:20.004067+00	2	2026-03-02 16:17:20.014256+00	cce048e2-3f41-4093-813a-4765891367ad
328	2026-03-02	2.00	2026-03-02 16:17:20.207813+00	7	2026-03-02 16:17:20.215916+00	074371d6-dab8-4f8f-a0fa-49c0cbe747f3
329	2026-03-02	3.00	2026-03-02 16:17:20.369861+00	9	2026-03-02 16:17:20.377612+00	d92889eb-89e5-4c6b-86e3-09f5b80edcc4
330	2026-03-02	12.50	2026-03-02 16:17:20.545201+00	13	2026-03-02 16:17:20.553882+00	8f8106d7-e4f2-4e55-983b-0e097328abfd
331	2026-03-02	75.00	2026-03-02 16:17:20.737973+00	14	2026-03-02 16:17:20.746597+00	a2f50576-1a3e-4259-b20c-820214051f95
332	2026-03-03	117.00	2026-03-03 21:20:30.272304+00	3	2026-03-03 21:20:30.280862+00	13495c3b-236c-4087-a29c-cce5fd648bb5
333	2026-03-03	62.49	2026-03-03 21:20:30.514109+00	1	2026-03-03 21:20:30.52207+00	18207c6d-7cfe-4c5b-9394-57cef008e34b
334	2026-03-03	135.00	2026-03-03 21:20:30.720082+00	2	2026-03-03 21:20:30.729398+00	c590aa32-23c8-4bb3-9c90-8cf1c8cc78c2
335	2026-03-03	2.00	2026-03-03 21:20:30.89144+00	7	2026-03-03 21:20:30.900319+00	b0437804-1079-4013-beba-c2a102e226d7
336	2026-03-03	3.00	2026-03-03 21:20:31.065535+00	9	2026-03-03 21:20:31.07283+00	6c00d211-4e38-4140-a877-9a016f0cc607
337	2026-03-03	12.50	2026-03-03 21:20:31.242877+00	13	2026-03-03 21:20:31.252499+00	2a640b30-bd42-45dd-b089-759fae5be9b4
338	2026-03-03	75.00	2026-03-03 21:20:31.435414+00	14	2026-03-03 21:20:31.450534+00	16edbb87-9bb2-48b7-91fb-1f4ece28b01b
339	2026-03-04	117.00	2026-03-04 22:31:00.419082+00	3	2026-03-04 22:31:00.433818+00	e51643bd-ea51-4bcd-986c-e91e1548aca7
340	2026-03-04	62.49	2026-03-04 22:31:00.75076+00	1	2026-03-04 22:31:00.763506+00	cc2d43ef-e0a6-4f8a-8fd9-f88943e2cebb
341	2026-03-04	135.00	2026-03-04 22:31:01.01398+00	2	2026-03-04 22:31:01.022917+00	7a646f58-9393-4165-9cba-ed9eba944a76
342	2026-03-04	2.00	2026-03-04 22:31:01.203914+00	7	2026-03-04 22:31:01.213072+00	348910a2-0675-4bb0-bf94-a5c5bf80cc1f
343	2026-03-04	3.00	2026-03-04 22:31:01.395187+00	9	2026-03-04 22:31:01.405816+00	363360e6-963d-4b58-a192-cc41c2ca1f7d
344	2026-03-04	12.50	2026-03-04 22:31:01.667046+00	13	2026-03-04 22:31:01.675968+00	eda88c06-4c16-4ec6-a39b-d28d6de2555f
345	2026-03-04	75.00	2026-03-04 22:31:01.846818+00	14	2026-03-04 22:31:01.859825+00	2ca09aa4-f548-4ecb-8794-29d3d166eb9d
346	2026-03-08	117.00	2026-03-08 17:29:53.941541+00	3	2026-03-08 17:29:54.694321+00	405cad63-b133-48b0-ac1d-e6540fbce905
347	2026-03-08	62.49	2026-03-08 17:29:56.15821+00	1	2026-03-08 17:29:56.895063+00	83959f0c-bd39-41ee-942f-d294456d4a91
348	2026-03-08	135.00	2026-03-08 17:29:58.328517+00	2	2026-03-08 17:29:59.069737+00	e0450999-03c9-4ccb-b52b-206ad6bbe20d
349	2026-03-08	2.00	2026-03-08 17:30:00.710181+00	7	2026-03-08 17:30:01.451326+00	d837ab37-965b-4d86-bf9b-352530139eaf
350	2026-03-08	3.00	2026-03-08 17:30:02.816181+00	9	2026-03-08 17:30:03.555425+00	dd88c107-2c7b-4e62-a479-c12e5d1aa07b
351	2026-03-08	12.50	2026-03-08 17:30:04.927708+00	13	2026-03-08 17:30:05.6686+00	83d1e253-659c-4e6e-95dd-5e89c60356a4
352	2026-03-08	75.00	2026-03-08 17:30:07.04482+00	14	2026-03-08 17:30:07.788206+00	f27df863-cdb2-45ab-8b1a-ca65db44cf66
353	2026-03-09	117.00	2026-03-09 13:26:55.043274+00	3	2026-03-09 13:26:55.067456+00	2b1220d0-e7d3-44f3-a644-3b7fdfbb76c7
354	2026-03-09	62.49	2026-03-09 13:26:55.361525+00	1	2026-03-09 13:26:55.37241+00	6b4808eb-0df0-4fd1-8c30-049140101fb6
355	2026-03-09	135.00	2026-03-09 13:26:55.572876+00	2	2026-03-09 13:26:55.589476+00	964019c0-d96d-4852-8c2b-9982a6110cba
356	2026-03-09	2.00	2026-03-09 13:26:55.798035+00	7	2026-03-09 13:26:55.81758+00	e4c285cc-a96e-4b4a-a1f7-644e9d22b013
357	2026-03-09	3.00	2026-03-09 13:26:56.028602+00	9	2026-03-09 13:26:56.041155+00	659f4dfd-d891-4625-b78c-70afb32b0653
358	2026-03-09	12.50	2026-03-09 13:26:56.24266+00	13	2026-03-09 13:26:56.27757+00	0d0417fd-c9b2-4fec-a6dd-05de93ddadc1
359	2026-03-09	75.00	2026-03-09 13:26:56.476931+00	14	2026-03-09 13:26:56.49263+00	9c7ad809-dd0e-4ebe-b697-c4f0c253fcbf
360	2026-03-10	117.00	2026-03-10 18:38:30.749368+00	3	2026-03-10 18:38:30.760594+00	25afbe6a-f1b1-4c04-972e-1dd5c671213f
361	2026-03-10	62.49	2026-03-10 18:38:30.99208+00	1	2026-03-10 18:38:31.00154+00	d0bf8109-d1d7-4bdc-b9c3-f1b938b24d2e
362	2026-03-10	135.00	2026-03-10 18:38:31.210204+00	2	2026-03-10 18:38:31.223511+00	1ba55fd1-98c4-4b7f-a900-56d4ee0c106d
363	2026-03-10	2.00	2026-03-10 18:38:31.395343+00	7	2026-03-10 18:38:31.408642+00	1cfcd1fe-95f2-49a2-bdda-6a22fc27e30f
364	2026-03-10	3.00	2026-03-10 18:38:31.586669+00	9	2026-03-10 18:38:31.597107+00	2d6868e7-adea-4029-8971-c78ca6f10b73
365	2026-03-10	12.50	2026-03-10 18:38:31.767576+00	13	2026-03-10 18:38:31.776393+00	ab3b1ae1-1d78-4452-b22e-6d70e6124562
366	2026-03-10	75.00	2026-03-10 18:38:32.218158+00	14	2026-03-10 18:38:32.225953+00	29f0833c-8c05-4c5a-8bc5-057b2ff4c30e
367	2026-03-12	117.00	2026-03-12 17:53:06.396355+00	3	2026-03-12 17:53:06.76849+00	eb7d886b-2f66-4198-a3aa-c8e6238569fc
368	2026-03-12	62.49	2026-03-12 17:53:07.495872+00	1	2026-03-12 17:53:07.852411+00	73f17b07-2b04-4b46-8183-247a26abe70a
369	2026-03-12	135.00	2026-03-12 17:53:08.56958+00	2	2026-03-12 17:53:08.927642+00	87b4a3b9-3bf3-4747-b788-474c486a596a
370	2026-03-12	2.00	2026-03-12 17:53:09.684279+00	7	2026-03-12 17:53:10.037085+00	c3535b7f-c05d-4f9b-826d-091f1b73f5f8
371	2026-03-12	3.00	2026-03-12 17:53:10.750363+00	9	2026-03-12 17:53:11.113886+00	6439c8eb-ded0-403c-9516-4e10d4f63f2d
372	2026-03-12	12.50	2026-03-12 17:53:11.823444+00	13	2026-03-12 17:53:12.229043+00	3a3fa05e-0114-4ca2-95bc-04d822817b81
373	2026-03-12	75.00	2026-03-12 17:53:13.681906+00	14	2026-03-12 17:53:14.043669+00	deef79e8-f672-4f5b-b321-1ba1e908d557
374	2026-03-13	117.00	2026-03-13 14:31:37.341256+00	3	2026-03-13 14:31:37.709256+00	4d725587-3544-45c6-b1b1-a22733022ee2
375	2026-03-13	62.49	2026-03-13 14:31:38.471241+00	1	2026-03-13 14:31:38.830789+00	9fc0c838-5a0c-4295-955c-fc0c9f5a8d4e
376	2026-03-13	135.00	2026-03-13 14:31:39.564516+00	2	2026-03-13 14:31:39.919495+00	6aa2da6f-f4be-4fb0-bad0-ce50834d0098
377	2026-03-13	2.00	2026-03-13 14:31:40.61834+00	7	2026-03-13 14:31:40.977543+00	49201787-6ff4-4d0f-8d17-cd66783e6062
378	2026-03-13	3.00	2026-03-13 14:31:41.676331+00	9	2026-03-13 14:31:42.042759+00	267644cc-b936-4fb4-bd0d-6ae1451e0268
379	2026-03-13	12.50	2026-03-13 14:31:42.766376+00	13	2026-03-13 14:31:43.138824+00	151d3c56-0937-4972-bb6a-7ca6d47c16ef
380	2026-03-13	75.00	2026-03-13 14:31:44.19973+00	14	2026-03-13 14:31:44.5574+00	27140ae5-a3af-4b31-9ead-9a07af88fae2
381	2026-03-14	117.00	2026-03-14 16:02:41.697196+00	3	2026-03-14 16:02:42.052386+00	9d039d4d-3a90-4485-88da-74afadb62a49
382	2026-03-14	62.49	2026-03-14 16:02:42.779048+00	1	2026-03-14 16:02:43.135346+00	4ecb44f3-c211-4b37-990d-a7a9dccf135e
383	2026-03-14	135.00	2026-03-14 16:02:44.085745+00	2	2026-03-14 16:02:44.446383+00	7d48871e-a404-4101-9791-94eb5221cb8f
384	2026-03-14	2.00	2026-03-14 16:02:45.151438+00	7	2026-03-14 16:02:45.511089+00	e5040a11-a1e5-4e31-9585-94200f67e1c6
385	2026-03-14	3.00	2026-03-14 16:02:46.70687+00	9	2026-03-14 16:02:47.062076+00	3c642a21-e87f-45dc-91df-611c7edc2dc0
386	2026-03-14	12.50	2026-03-14 16:02:47.75668+00	13	2026-03-14 16:02:48.115513+00	aaa54b5b-4c26-4ecb-a79e-114088ecacef
387	2026-03-14	75.00	2026-03-14 16:02:48.8176+00	14	2026-03-14 16:02:49.173188+00	3e84887b-562b-49e7-90e2-2a3f97e2ca4a
388	2026-03-15	117.00	2026-03-15 02:17:14.551721+00	3	2026-03-15 02:17:15.430195+00	1f7182a2-f920-414f-8f6c-a620633c1e7d
389	2026-03-15	62.49	2026-03-15 02:17:17.213226+00	1	2026-03-15 02:17:18.051549+00	9c1dbb3f-b706-42fb-9dde-2960acafaa71
390	2026-03-15	135.00	2026-03-15 02:17:19.725887+00	2	2026-03-15 02:17:20.564412+00	cf81007d-01e6-4ecc-8530-382adc2ae1e7
391	2026-03-15	2.00	2026-03-15 02:17:22.265434+00	7	2026-03-15 02:17:23.103656+00	2db65b51-8e63-4017-ad02-ec7c126a8792
392	2026-03-15	3.00	2026-03-15 02:17:24.778524+00	9	2026-03-15 02:17:25.617741+00	c26c6241-a935-4dff-bb57-61e0264d23c3
393	2026-03-15	12.50	2026-03-15 02:17:27.996114+00	13	2026-03-15 02:17:28.835262+00	da2f8b1a-5f0c-43e1-a02d-683c1bb5d5ad
394	2026-03-15	75.00	2026-03-15 02:17:30.517571+00	14	2026-03-15 02:17:31.356206+00	8e3295f8-5f2a-472e-abb5-8c04c49b2104
395	2026-03-16	117.00	2026-03-16 07:16:18.985822+00	3	2026-03-16 07:16:19.849076+00	899fe0e2-add3-472d-8aec-9dff4be7466b
396	2026-03-16	62.49	2026-03-16 07:16:21.622357+00	1	2026-03-16 07:16:22.463784+00	d7a102f7-9e92-436a-b3b7-dc51ecba3534
397	2026-03-16	135.00	2026-03-16 07:16:24.15838+00	2	2026-03-16 07:16:24.99729+00	eee8c97e-f606-43d8-977d-08fe877f7429
398	2026-03-16	2.00	2026-03-16 07:16:26.691397+00	7	2026-03-16 07:16:27.530639+00	56c753d9-0a4c-4e73-a50e-d538e3331cbf
399	2026-03-16	3.00	2026-03-16 07:16:29.205473+00	9	2026-03-16 07:16:30.049407+00	4b156b1a-855c-45d5-a2ec-48de1c6b1527
400	2026-03-16	12.50	2026-03-16 07:16:31.739018+00	13	2026-03-16 07:16:32.582664+00	6f5c24c6-89f6-4fc9-a358-30ca1be93c3e
401	2026-03-16	75.00	2026-03-16 07:16:34.302355+00	14	2026-03-16 07:16:35.141843+00	95d3f397-2cfc-4523-979a-447d54af6b0e
402	2026-03-17	117.00	2026-03-17 01:37:47.702339+00	3	2026-03-17 01:37:48.544401+00	09f23577-e8c2-4c31-ba2e-a92f5b9b83e2
403	2026-03-17	62.49	2026-03-17 01:37:50.311479+00	1	2026-03-17 01:37:51.151578+00	2ca6c91e-0086-41ca-b852-e7f971926d96
404	2026-03-17	135.00	2026-03-17 01:37:52.825407+00	2	2026-03-17 01:37:53.706329+00	b62bbc01-76e8-4448-afc6-8707d994406e
405	2026-03-17	2.00	2026-03-17 01:37:55.381412+00	7	2026-03-17 01:37:56.222023+00	3c55c6b1-e348-4f87-ad59-31187494ca98
406	2026-03-17	3.00	2026-03-17 01:37:57.942624+00	9	2026-03-17 01:37:58.784632+00	51fc3f15-86b3-4e65-a275-f23f4f677845
407	2026-03-17	12.50	2026-03-17 01:38:00.548896+00	13	2026-03-17 01:38:01.391124+00	5aadf5d7-dab5-4222-b861-83603c0b0ac9
408	2026-03-17	75.00	2026-03-17 01:38:03.081409+00	14	2026-03-17 01:38:03.925283+00	0ddfe9cb-cec1-4cb5-a441-b7ef5baed51e
409	2026-03-18	117.00	2026-03-18 21:43:25.846604+00	3	2026-03-18 21:43:26.73594+00	039478f8-0424-40f3-ada8-989b8ae86b79
410	2026-03-18	62.49	2026-03-18 21:43:28.512555+00	1	2026-03-18 21:43:29.359182+00	7df62b53-bfbb-45ea-9a81-1443e9961fa0
411	2026-03-18	135.00	2026-03-18 21:43:31.082152+00	2	2026-03-18 21:43:31.962593+00	6311006f-e8a5-411a-9d1d-fd482f7ab3e7
412	2026-03-18	2.00	2026-03-18 21:43:34.345708+00	7	2026-03-18 21:43:35.18802+00	4043769f-b997-4245-97a7-d4505325df01
413	2026-03-18	3.00	2026-03-18 21:43:36.913634+00	9	2026-03-18 21:43:37.757767+00	c1f2b0e0-3205-4b6a-8a96-5589a16fc19d
414	2026-03-18	12.50	2026-03-18 21:43:39.459507+00	13	2026-03-18 21:43:40.312651+00	e500c337-3c50-4706-bb26-30822ddb4cf3
415	2026-03-18	75.00	2026-03-18 21:43:42.679133+00	14	2026-03-18 21:43:43.526499+00	c1c47fdb-1309-4ec0-b7b8-b47d7938a4c2
416	2026-03-21	117.00	2026-03-21 01:48:16.309794+00	3	2026-03-21 01:48:17.199224+00	c7072c94-f67f-4d19-a734-4ddce64e3187
417	2026-03-21	62.49	2026-03-21 01:48:18.975062+00	1	2026-03-21 01:48:19.814434+00	eaf07dd5-1305-425b-b2eb-49465f3a12ad
418	2026-03-21	135.00	2026-03-21 01:48:21.499719+00	2	2026-03-21 01:48:22.340312+00	22a45d08-c5c0-47c1-9886-f703b06bbb53
419	2026-03-21	2.00	2026-03-21 01:48:24.101586+00	7	2026-03-21 01:48:24.946932+00	9300b1aa-61b3-4b79-85af-b1a13c1b94ce
420	2026-03-21	3.00	2026-03-21 01:48:27.348166+00	9	2026-03-21 01:48:28.19117+00	295168c3-e3bc-4a56-b055-056712b2536a
421	2026-03-21	12.50	2026-03-21 01:48:30.593863+00	13	2026-03-21 01:48:31.437497+00	58007a0d-be42-4efe-8468-eb2f3241b33f
422	2026-03-21	75.00	2026-03-21 01:48:33.128466+00	14	2026-03-21 01:48:33.969015+00	7f5e0dd2-4cf2-4ec9-91f7-8adc04fd0d4c
423	2026-03-23	117.00	2026-03-23 12:44:20.516089+00	3	2026-03-23 12:44:21.356865+00	f5bb7563-f71f-471e-98c4-888cd139cec6
424	2026-03-23	62.49	2026-03-23 12:44:23.126725+00	1	2026-03-23 12:44:23.966282+00	841a00b2-ab31-43bc-b7c0-4f323b49c5e9
425	2026-03-23	135.00	2026-03-23 12:44:25.691064+00	2	2026-03-23 12:44:26.535827+00	e3502ded-013e-4bce-9874-76c5d013cc70
426	2026-03-23	2.00	2026-03-23 12:44:28.541563+00	7	2026-03-23 12:44:29.39275+00	ec2ac251-e530-4db3-af0d-7e6786a9eddb
427	2026-03-23	3.00	2026-03-23 12:44:31.834735+00	9	2026-03-23 12:44:32.687656+00	4029f857-99e2-4761-8b03-417d36309505
428	2026-03-23	12.50	2026-03-23 12:44:34.377829+00	13	2026-03-23 12:44:35.262714+00	d5ac66f5-2b15-43c5-874d-736c8f618bd1
429	2026-03-23	75.00	2026-03-23 12:44:36.960863+00	14	2026-03-23 12:44:37.80494+00	d348d244-0336-43b9-bca7-ca0de5b27df8
430	2026-03-24	117.00	2026-03-24 16:54:39.776072+00	3	2026-03-24 16:54:40.722247+00	ef53e36b-2e2b-42a8-b2db-09eba50d75c4
431	2026-03-24	62.49	2026-03-24 16:54:42.478441+00	1	2026-03-24 16:54:43.319975+00	fb434d30-a2c4-4ce0-8163-0536adcfaa9c
432	2026-03-24	135.00	2026-03-24 16:54:45.946281+00	2	2026-03-24 16:54:46.786757+00	76f306fb-d61f-4c91-9835-2d2cdfcbc05e
433	2026-03-24	2.00	2026-03-24 16:54:48.545682+00	7	2026-03-24 16:54:49.386354+00	49fd1a70-aa1b-405f-ba7a-7fa2a700f4c0
434	2026-03-24	3.00	2026-03-24 16:54:51.066039+00	9	2026-03-24 16:54:51.907787+00	7ffa8101-93a5-4cb1-bf9f-25555e9fc21c
435	2026-03-24	12.50	2026-03-24 16:54:53.648524+00	13	2026-03-24 16:54:54.488725+00	6f3f3e84-864f-4ca2-926b-2e2068155959
436	2026-03-24	75.00	2026-03-24 16:54:56.18401+00	14	2026-03-24 16:54:57.024537+00	8299759d-004a-4cc9-8f9e-d53bf708eba5
437	2026-03-27	117.00	2026-03-27 13:27:37.233681+00	3	2026-03-27 13:27:38.075298+00	054743d5-51ba-4565-8b40-a76cf977cc69
438	2026-03-27	62.49	2026-03-27 13:27:39.930416+00	1	2026-03-27 13:27:40.769194+00	2c553c04-2dfe-42a2-99da-4daa37041ffe
439	2026-03-27	135.00	2026-03-27 13:27:42.465165+00	2	2026-03-27 13:27:43.30117+00	7c5051ff-6234-46d7-80c8-0ffe0a24c276
440	2026-03-27	2.00	2026-03-27 13:27:44.993866+00	7	2026-03-27 13:27:45.858606+00	de120a3e-0618-45c6-a086-0786a8b804b7
441	2026-03-27	3.00	2026-03-27 13:27:47.555349+00	9	2026-03-27 13:27:48.393752+00	4779d992-f5fd-4f5f-b058-2510dce6752b
442	2026-03-27	12.50	2026-03-27 13:27:50.070737+00	13	2026-03-27 13:27:50.91147+00	840f351d-f401-40bd-ac1e-54e9d81b1591
443	2026-03-27	75.00	2026-03-27 13:27:52.591634+00	14	2026-03-27 13:27:53.428241+00	559a3d1d-a331-4856-93ee-299ff66df7e4
444	2026-03-28	117.00	2026-03-28 10:40:37.321255+00	3	2026-03-28 10:40:38.189492+00	5894530d-0ca4-48bd-9be9-23ac7b3ed2ee
445	2026-03-28	62.49	2026-03-28 10:40:39.927477+00	1	2026-03-28 10:40:40.768437+00	2168b9be-c2f5-4d14-98f6-f4a2dbf6f28f
446	2026-03-28	135.00	2026-03-28 10:40:42.466702+00	2	2026-03-28 10:40:43.30749+00	fbf0a862-f167-4f72-98a9-488ec0dd1c69
447	2026-03-28	2.00	2026-03-28 10:40:45.006864+00	7	2026-03-28 10:40:45.850575+00	ab3c51ae-8ae6-48ad-9d91-28c4e0f0a14c
448	2026-03-28	3.00	2026-03-28 10:40:47.559709+00	9	2026-03-28 10:40:48.403569+00	7f1acec4-29e7-4dd2-9309-12725d0a7cf6
449	2026-03-28	12.50	2026-03-28 10:40:50.801859+00	13	2026-03-28 10:40:51.6471+00	7e5710ea-eb20-46c7-9b19-d1b4dad95e43
450	2026-03-28	75.00	2026-03-28 10:40:53.402743+00	14	2026-03-28 10:40:54.244177+00	78869ecb-4506-49da-832f-1fa4837b4e1e
\.


--
-- TOC entry 4028 (class 0 OID 16796)
-- Dependencies: 269
-- Data for Name: investments_plan; Type: TABLE DATA; Schema: public; Owner: -
--

COPY public.investments_plan (id, name, description, daily_roi, duration_days, min_amount, max_amount, created_at) FROM stdin;
1	Pioneer	Entry-level plan for new investors (90-day term).	1.00	90	100.00	999.00	2026-01-08 13:35:30.423929+00
2	Vanguard	Balanced growth plan (150-day term).	1.25	150	1000.00	4999.00	2026-01-08 13:35:31.849663+00
3	Horizon	Advanced plan for experienced investors (180-day term).	1.50	180	5000.00	14999.00	2026-01-08 13:35:33.494594+00
4	Summit	Premium annual plan for high allocations (365-day term).	2.00	365	15000.00	100000.00	2026-01-08 13:35:35.441004+00
\.


--
-- TOC entry 4026 (class 0 OID 16790)
-- Dependencies: 267
-- Data for Name: investments_user_investment; Type: TABLE DATA; Schema: public; Owner: -
--

COPY public.investments_user_investment (id, amount, status, started_at, ends_at, created_at, plan_id, user_id) FROM stdin;
3	7800.00	active	2025-11-28 00:00:00+00	2026-04-27 00:00:00+00	2025-11-28 00:00:00+00	3	2
1	4999.00	active	2025-11-20 00:00:00+00	2026-11-20 00:00:00+00	2025-11-20 00:00:00+00	2	2
2	9000.00	active	2025-11-23 00:00:00+00	2026-05-22 00:00:00+00	2025-11-23 00:00:00+00	3	2
7	200.00	approved	2026-01-16 03:17:22.568193+00	2026-04-16 03:17:22.568193+00	2026-01-16 03:13:26.03181+00	1	4
8	300.00	pending	\N	\N	2026-01-18 06:57:33.410784+00	1	4
9	300.00	approved	2026-01-18 16:27:53.373061+00	2026-04-18 16:27:53.373061+00	2026-01-18 16:25:07.724683+00	1	4
13	1000.00	approved	2026-02-09 20:07:12.885283+00	2026-07-09 20:07:12.885283+00	2026-02-09 20:04:16.535607+00	2	9
14	5000.00	approved	2026-02-12 23:52:36.248322+00	2026-08-11 23:52:36.248322+00	2026-02-12 23:50:55.842759+00	3	10
15	2000.00	pending	\N	\N	2026-02-14 19:07:56.627477+00	2	11
6	999.00	completed	2026-01-14 02:22:05.650957+00	2026-01-22 02:22:05.650957+00	2026-01-15 02:22:05.660363+00	3	4
12	999.00	completed	2025-11-28 00:00:00+00	2026-02-26 00:00:00+00	2025-11-28 00:00:00+00	1	2
16	500.00	pending	\N	\N	2026-03-29 03:53:31.283707+00	1	4
17	999.00	approved	2026-03-29 04:00:22.91573+00	2026-06-27 04:00:22.91573+00	2026-03-29 03:59:30.925292+00	1	9
18	200.00	pending	\N	\N	2026-03-29 11:19:07.844108+00	1	17
\.


--
-- TOC entry 4030 (class 0 OID 16844)
-- Dependencies: 271
-- Data for Name: referral_codes; Type: TABLE DATA; Schema: public; Owner: -
--

COPY public.referral_codes (id, code, active, created_at, meta, user_id) FROM stdin;
75e5af79-4f78-42c8-9c74-b9c81631d357	0482FE3D	t	2026-01-08 14:43:56.782505+00	{}	2
868a152d-4a1b-4454-ac72-aeeb63024180	7B454238	t	2026-01-15 02:53:52.889892+00	{}	4
\.


--
-- TOC entry 4031 (class 0 OID 16853)
-- Dependencies: 272
-- Data for Name: referral_rewards; Type: TABLE DATA; Schema: public; Owner: -
--

COPY public.referral_rewards (id, reward_type, amount, currency, created_at, approved, approved_at, meta, approved_by_id, created_by_id, referral_id) FROM stdin;
\.


--
-- TOC entry 4033 (class 0 OID 16861)
-- Dependencies: 274
-- Data for Name: referral_settings; Type: TABLE DATA; Schema: public; Owner: -
--

COPY public.referral_settings (id, key, value, updated_at) FROM stdin;
\.


--
-- TOC entry 4029 (class 0 OID 16837)
-- Dependencies: 270
-- Data for Name: referrals; Type: TABLE DATA; Schema: public; Owner: -
--

COPY public.referrals (id, code, created_at, reward_processed, reward_processed_at, status, meta, referred_user_id, referrer_id) FROM stdin;
\.


--
-- TOC entry 4038 (class 0 OID 16932)
-- Dependencies: 279
-- Data for Name: socialaccount_socialaccount; Type: TABLE DATA; Schema: public; Owner: -
--

COPY public.socialaccount_socialaccount (id, provider, uid, last_login, date_joined, extra_data, user_id) FROM stdin;
\.


--
-- TOC entry 4040 (class 0 OID 16940)
-- Dependencies: 281
-- Data for Name: socialaccount_socialapp; Type: TABLE DATA; Schema: public; Owner: -
--

COPY public.socialaccount_socialapp (id, provider, name, client_id, secret, key, provider_id, settings) FROM stdin;
\.


--
-- TOC entry 4042 (class 0 OID 16946)
-- Dependencies: 283
-- Data for Name: socialaccount_socialapp_sites; Type: TABLE DATA; Schema: public; Owner: -
--

COPY public.socialaccount_socialapp_sites (id, socialapp_id, site_id) FROM stdin;
\.


--
-- TOC entry 4044 (class 0 OID 16952)
-- Dependencies: 285
-- Data for Name: socialaccount_socialtoken; Type: TABLE DATA; Schema: public; Owner: -
--

COPY public.socialaccount_socialtoken (id, token, token_secret, expires_at, account_id, app_id) FROM stdin;
\.


--
-- TOC entry 4046 (class 0 OID 17016)
-- Dependencies: 287
-- Data for Name: token_blacklist_blacklistedtoken; Type: TABLE DATA; Schema: public; Owner: -
--

COPY public.token_blacklist_blacklistedtoken (id, blacklisted_at, token_id) FROM stdin;
\.


--
-- TOC entry 4048 (class 0 OID 17022)
-- Dependencies: 289
-- Data for Name: token_blacklist_outstandingtoken; Type: TABLE DATA; Schema: public; Owner: -
--

COPY public.token_blacklist_outstandingtoken (id, token, created_at, expires_at, user_id, jti) FROM stdin;
1	eyJhbGciOiJIUzI1NiIsInR5cCI6IkpXVCJ9.eyJ0b2tlbl90eXBlIjoicmVmcmVzaCIsImV4cCI6MTc2ODY5MjM5OSwiaWF0IjoxNzY4NjA1OTk5LCJqdGkiOiIwYjRmZDM4ZWI0ZDE0NTQwYTUyNDMwMjRlZDhmYjFjYiIsInVzZXJfaWQiOjJ9.03gPYqeGsWH38wvu5iuSImShKkZbVm_tMvVidvDOG3o	2026-01-16 23:26:39.71074+00	2026-01-17 23:26:39+00	2	0b4fd38eb4d14540a5243024ed8fb1cb
2	eyJhbGciOiJIUzI1NiIsInR5cCI6IkpXVCJ9.eyJ0b2tlbl90eXBlIjoicmVmcmVzaCIsImV4cCI6MTc2ODY5Mjc5OCwiaWF0IjoxNzY4NjA2Mzk4LCJqdGkiOiIzMDU3YjdlMGRhYWY0MDIzYWU4MWEzYTBjYTBjMGEwOSIsInVzZXJfaWQiOjJ9.UQ9orZJg24vufyCHAcxpJ2HDSvcqj5aHfzrMdXeK3m4	2026-01-16 23:33:18.526834+00	2026-01-17 23:33:18+00	2	3057b7e0daaf4023ae81a3a0ca0c0a09
3	eyJhbGciOiJIUzI1NiIsInR5cCI6IkpXVCJ9.eyJ0b2tlbl90eXBlIjoicmVmcmVzaCIsImV4cCI6MTc2ODc5MTE2MCwiaWF0IjoxNzY4NzA0NzYwLCJqdGkiOiI1OTExZDgyY2VmOWU0ZjQ1YTlmMGM4MzA4NDlmYzU3ZiIsInVzZXJfaWQiOjR9.FXRtCos7FFXXaEXbs_ECnkTLWTY6K5TMJNoVqlnPO1A	2026-01-18 02:52:40.652296+00	2026-01-19 02:52:40+00	4	5911d82cef9e4f45a9f0c830849fc57f
4	eyJhbGciOiJIUzI1NiIsInR5cCI6IkpXVCJ9.eyJ0b2tlbl90eXBlIjoicmVmcmVzaCIsImV4cCI6MTc2ODgwMjk5MywiaWF0IjoxNzY4NzE2NTkzLCJqdGkiOiI5OTM2ODQ0NjU4ODk0YmRlOTRjZWJjNDA1NDg5MjM5YiIsInVzZXJfaWQiOjR9.GDyBFKip0jBgpPGoMaNiqNIVll1W0fsDbiGdrcefmuc	2026-01-18 06:09:53.285346+00	2026-01-19 06:09:53+00	4	9936844658894bde94cebc405489239b
5	eyJhbGciOiJIUzI1NiIsInR5cCI6IkpXVCJ9.eyJ0b2tlbl90eXBlIjoicmVmcmVzaCIsImV4cCI6MTc2ODgwMzM3OSwiaWF0IjoxNzY4NzE2OTc5LCJqdGkiOiJkZTc1ZDYwNGUwNGU0N2FmOGNkOWIzMjU2N2IyNjljOCIsInVzZXJfaWQiOjR9.DlTZnXoDImE7AZUlFVp72eYT8UH5iT-QwX4hUI8H88w	2026-01-18 06:16:19.692276+00	2026-01-19 06:16:19+00	4	de75d604e04e47af8cd9b32567b269c8
6	eyJhbGciOiJIUzI1NiIsInR5cCI6IkpXVCJ9.eyJ0b2tlbl90eXBlIjoicmVmcmVzaCIsImV4cCI6MTc2ODgwMzgyNSwiaWF0IjoxNzY4NzE3NDI1LCJqdGkiOiI2MDY5ZDg4MzY3NWM0N2VkOWQ2ODExY2QxMGY4ZGFjMCIsInVzZXJfaWQiOjR9.5JgPNFyqyG3gVK0psaj6yPjyYRTCMCmNw8cO_C2I0T0	2026-01-18 06:23:45.055625+00	2026-01-19 06:23:45+00	4	6069d883675c47ed9d6811cd10f8dac0
7	eyJhbGciOiJIUzI1NiIsInR5cCI6IkpXVCJ9.eyJ0b2tlbl90eXBlIjoicmVmcmVzaCIsImV4cCI6MTc2ODgwNTc2MCwiaWF0IjoxNzY4NzE5MzYwLCJqdGkiOiIwNzBmNWU0YWQxZDI0M2FkYmFlZjU5YTk3M2FmMTRmZSIsInVzZXJfaWQiOjJ9.4OTIR1aSOVhHusp87uL2k09WlsS1t4FmnvKSMfTgvio	2026-01-18 06:56:00.963288+00	2026-01-19 06:56:00+00	2	070f5e4ad1d243adbaef59a973af14fe
8	eyJhbGciOiJIUzI1NiIsInR5cCI6IkpXVCJ9.eyJ0b2tlbl90eXBlIjoicmVmcmVzaCIsImV4cCI6MTc2ODgwNTc3MiwiaWF0IjoxNzY4NzE5MzcyLCJqdGkiOiI4YjhmNGM2NTRiODI0OGY2OThkMTczMWZhNjJiZjhiMSIsInVzZXJfaWQiOjR9.bQz-OdEv8mS-XfJqFxlKX1t5EQ0qOtXSW90y6NkcITM	2026-01-18 06:56:12.33677+00	2026-01-19 06:56:12+00	4	8b8f4c654b8248f698d1731fa62bf8b1
9	eyJhbGciOiJIUzI1NiIsInR5cCI6IkpXVCJ9.eyJ0b2tlbl90eXBlIjoicmVmcmVzaCIsImV4cCI6MTc2ODgxNDk1NywiaWF0IjoxNzY4NzI4NTU3LCJqdGkiOiI5YzY4MjMyZjAzNmU0ZjJiOWFkZmUzN2Y4NjAzMmM3MSIsInVzZXJfaWQiOjJ9.KF3Hb9fwFW7qn5TI_tjCzgnHzn_3WOx92aBRBtpRA5I	2026-01-18 09:29:17.340594+00	2026-01-19 09:29:17+00	2	9c68232f036e4f2b9adfe37f86032c71
10	eyJhbGciOiJIUzI1NiIsInR5cCI6IkpXVCJ9.eyJ0b2tlbl90eXBlIjoicmVmcmVzaCIsImV4cCI6MTc2ODg0MDE0OCwiaWF0IjoxNzY4NzUzNzQ4LCJqdGkiOiI1ODFiYTNmYWEzOTY0OGZlOWIzYTg3MDE5ZDRlYWZjOCIsInVzZXJfaWQiOjR9.qMhXUPC3Q8Dc7VwANsJzv1tlBaDUaGPqxRMYupy0xSY	2026-01-18 16:29:08.115808+00	2026-01-19 16:29:08+00	4	581ba3faa39648fe9b3a87019d4eafc8
11	eyJhbGciOiJIUzI1NiIsInR5cCI6IkpXVCJ9.eyJ0b2tlbl90eXBlIjoicmVmcmVzaCIsImV4cCI6MTc2ODg0NjcxNiwiaWF0IjoxNzY4NzYwMzE2LCJqdGkiOiI5NDI1MTMwNTk1YzI0YjEwYjJhM2Q5MzgzNzhkYzBiNyIsInVzZXJfaWQiOjJ9.pwqewk5utC2tcgjviV7yEyX9tfxB3O9rK8xTYYGO-HU	2026-01-18 18:18:36.574358+00	2026-01-19 18:18:36+00	2	9425130595c24b10b2a3d938378dc0b7
12	eyJhbGciOiJIUzI1NiIsInR5cCI6IkpXVCJ9.eyJ0b2tlbl90eXBlIjoicmVmcmVzaCIsImV4cCI6MTc2ODg0Njk0MywiaWF0IjoxNzY4NzYwNTQzLCJqdGkiOiI2NmNiZDljMWI0ZjQ0ZWM5YTdmNjRhYzMzMDE2MGFkYSIsInVzZXJfaWQiOjR9.HD7nRM_rWtjwkJR65ZVd_WbQ2pPG0httOPK-IRybomo	2026-01-18 18:22:23.196087+00	2026-01-19 18:22:23+00	4	66cbd9c1b4f44ec9a7f64ac330160ada
15	eyJhbGciOiJIUzI1NiIsInR5cCI6IkpXVCJ9.eyJ0b2tlbl90eXBlIjoicmVmcmVzaCIsImV4cCI6MTc2ODkyNjY4OCwiaWF0IjoxNzY4ODQwMjg4LCJqdGkiOiIxYzVhZDEwZTYwZjU0Nzk2OWRkODc2Mzg5MDVjYTg2MSIsInVzZXJfaWQiOjJ9.aAP219NmcuWAIrYXrV8lJ-kSy4gzJv-ZC6zeCnVG-m8	2026-01-19 16:31:28.960236+00	2026-01-20 16:31:28+00	2	1c5ad10e60f547969dd87638905ca861
17	eyJhbGciOiJIUzI1NiIsInR5cCI6IkpXVCJ9.eyJ0b2tlbl90eXBlIjoicmVmcmVzaCIsImV4cCI6MTc2ODkyNjgyNSwiaWF0IjoxNzY4ODQwNDI1LCJqdGkiOiI3NzUwODRkMDg4MGI0NjFjYjBhNzY5YjU2MWI2MTcwZSIsInVzZXJfaWQiOjR9.5y5gqiNHfDX0nfe_xQlMhJGFUwuyoAdSJIPNq5pIlBc	2026-01-19 16:33:45.264576+00	2026-01-20 16:33:45+00	4	775084d0880b461cb0a769b561b6170e
18	eyJhbGciOiJIUzI1NiIsInR5cCI6IkpXVCJ9.eyJ0b2tlbl90eXBlIjoicmVmcmVzaCIsImV4cCI6MTc2OTAyOTg0OCwiaWF0IjoxNzY4OTQzNDQ4LCJqdGkiOiJiMGQxOGYzZTBmODk0NDM0OWQ1NWRiYzIxYzU1OWRlZCIsInVzZXJfaWQiOjR9.dHCLrLLAT2TcjMfWUFKvc-xLAP1tGr9aot1MMK8v3_c	2026-01-20 21:10:48.202311+00	2026-01-21 21:10:48+00	4	b0d18f3e0f8944349d55dbc21c559ded
19	eyJhbGciOiJIUzI1NiIsInR5cCI6IkpXVCJ9.eyJ0b2tlbl90eXBlIjoicmVmcmVzaCIsImV4cCI6MTc2OTA0NzU0NSwiaWF0IjoxNzY4OTYxMTQ1LCJqdGkiOiJjNTUxNzJlMWFmZTQ0NWRjOGJjZDI2YjQzYzYwYWIyOCIsInVzZXJfaWQiOjR9.ZHuHrweSycI1Sg4FV8nDDK2zkattQAM0GN4SKBMBedg	2026-01-21 02:05:45.027965+00	2026-01-22 02:05:45+00	4	c55172e1afe445dc8bcd26b43c60ab28
20	eyJhbGciOiJIUzI1NiIsInR5cCI6IkpXVCJ9.eyJ0b2tlbl90eXBlIjoicmVmcmVzaCIsImV4cCI6MTc2OTA2NzgyOSwiaWF0IjoxNzY4OTgxNDI5LCJqdGkiOiIwMmViYjVjYTc1NTY0ZTg5YTczNDUxZWUyMDhiMTQwOSIsInVzZXJfaWQiOjJ9.ad5-UzidSd6RYyvyLm6eB4wzpONavYpyRa3EXgzaQVg	2026-01-21 07:43:49.2019+00	2026-01-22 07:43:49+00	2	02ebb5ca75564e89a73451ee208b1409
21	eyJhbGciOiJIUzI1NiIsInR5cCI6IkpXVCJ9.eyJ0b2tlbl90eXBlIjoicmVmcmVzaCIsImV4cCI6MTc2OTEwMTI4MSwiaWF0IjoxNzY5MDE0ODgxLCJqdGkiOiI5NmY4ZjEzNGI3NmU0OTIyOWYxZjdiNDczZjQ3N2I4ZiIsInVzZXJfaWQiOjR9.w6nZJNXNVyAtrVb-xJ29LY0WHBsandPs7TlbLuEMY-M	2026-01-21 17:01:21.373986+00	2026-01-22 17:01:21+00	4	96f8f134b76e49229f1f7b473f477b8f
22	eyJhbGciOiJIUzI1NiIsInR5cCI6IkpXVCJ9.eyJ0b2tlbl90eXBlIjoicmVmcmVzaCIsImV4cCI6MTc2OTExNTY3NSwiaWF0IjoxNzY5MDI5Mjc1LCJqdGkiOiJhZTJmODk3ZDkxZGI0ZTMzYmJkOTBmNzI5M2I4MWM3ZCIsInVzZXJfaWQiOjJ9.GpFX3anyBCUlTLhSUc_A2j7c-glwvQb2_tks1klnnrc	2026-01-21 21:01:15.351292+00	2026-01-22 21:01:15+00	2	ae2f897d91db4e33bbd90f7293b81c7d
23	eyJhbGciOiJIUzI1NiIsInR5cCI6IkpXVCJ9.eyJ0b2tlbl90eXBlIjoicmVmcmVzaCIsImV4cCI6MTc2OTE2NjgwNCwiaWF0IjoxNzY5MDgwNDA0LCJqdGkiOiI0OWUzYjc4MjZhNDg0MjJkYTAyZGI1NGEwOTJiYTAwMSIsInVzZXJfaWQiOjR9.x8h8IXVTuVg5nNsoMF6uSg0naSZsrhy7H3tVwuPqshk	2026-01-22 11:13:24.349811+00	2026-01-23 11:13:24+00	4	49e3b7826a48422da02db54a092ba001
24	eyJhbGciOiJIUzI1NiIsInR5cCI6IkpXVCJ9.eyJ0b2tlbl90eXBlIjoicmVmcmVzaCIsImV4cCI6MTc2OTE2NzA1NiwiaWF0IjoxNzY5MDgwNjU2LCJqdGkiOiIxYWEyNWNlNmIxYzk0NWY2OTU2MjczZTY3ZmVmMzU2YyIsInVzZXJfaWQiOjR9.NGtewNHP1jwjfM451I0C0CXWCB0MXQ1iG_RQ4qyq8ms	2026-01-22 11:17:36.909445+00	2026-01-23 11:17:36+00	4	1aa25ce6b1c945f6956273e67fef356c
25	eyJhbGciOiJIUzI1NiIsInR5cCI6IkpXVCJ9.eyJ0b2tlbl90eXBlIjoicmVmcmVzaCIsImV4cCI6MTc2OTM4NDc2MCwiaWF0IjoxNzY5Mjk4MzYwLCJqdGkiOiI3MDg3ODI3MzRhZjk0Njg0OWM5YzRlNWM2YzQwNTNkNyIsInVzZXJfaWQiOjJ9.yuVBCCPhV2-bRpBTqFB3_f_Ko9f0e_-RZ6_hq7hJ2aA	2026-01-24 23:46:00.28394+00	2026-01-25 23:46:00+00	2	708782734af946849c9c4e5c6c4053d7
26	eyJhbGciOiJIUzI1NiIsInR5cCI6IkpXVCJ9.eyJ0b2tlbl90eXBlIjoicmVmcmVzaCIsImV4cCI6MTc2OTUzMTY0MiwiaWF0IjoxNzY5NDQ1MjQyLCJqdGkiOiIwOTMzZjQ1MjNkY2U0N2E2OGQwYjI5YTkwMGNmOGNiZCIsInVzZXJfaWQiOjR9.0wqX0KrJw8X9iINU_mt6yPE8lZkhezR9dm5WWOYQ304	2026-01-26 16:34:02.569133+00	2026-01-27 16:34:02+00	4	0933f4523dce47a68d0b29a900cf8cbd
27	eyJhbGciOiJIUzI1NiIsInR5cCI6IkpXVCJ9.eyJ0b2tlbl90eXBlIjoicmVmcmVzaCIsImV4cCI6MTc2OTUzMjAzMSwiaWF0IjoxNzY5NDQ1NjMxLCJqdGkiOiJjODM2ODc2OWFlYWU0NjA5OTlmMTBiMTlhMTdhYjkyYiIsInVzZXJfaWQiOjR9.iRzS5b6DP0O35fICK3R1xXhZ27_OcplGgbAV55nv3PI	2026-01-26 16:40:31.91258+00	2026-01-27 16:40:31+00	4	c8368769aeae460999f10b19a17ab92b
28	eyJhbGciOiJIUzI1NiIsInR5cCI6IkpXVCJ9.eyJ0b2tlbl90eXBlIjoicmVmcmVzaCIsImV4cCI6MTc2OTYzMDk3NiwiaWF0IjoxNzY5NTQ0NTc2LCJqdGkiOiI2N2Y5OTRjMGMxMzI0NmI4YjU5ZmI3ZTE3NjZlZjgyMyIsInVzZXJfaWQiOjJ9.8cs2MmNLyXK9R8wHmMPy9d87urBt00p31WjW3kDGUTo	2026-01-27 20:09:36.758093+00	2026-01-28 20:09:36+00	2	67f994c0c13246b8b59fb7e1766ef823
29	eyJhbGciOiJIUzI1NiIsInR5cCI6IkpXVCJ9.eyJ0b2tlbl90eXBlIjoicmVmcmVzaCIsImV4cCI6MTc2OTY0MTQ4NywiaWF0IjoxNzY5NTU1MDg3LCJqdGkiOiI2ZWU0MmE2OGNkYTc0ZWM4ODFlMTRmYjk0NzY0YzEyNCIsInVzZXJfaWQiOjJ9.68ganq-Mhb4nwJRBCXsniOVrrOcC3vVubvAf0X_q7CM	2026-01-27 23:04:47.373234+00	2026-01-28 23:04:47+00	2	6ee42a68cda74ec881e14fb94764c124
30	eyJhbGciOiJIUzI1NiIsInR5cCI6IkpXVCJ9.eyJ0b2tlbl90eXBlIjoicmVmcmVzaCIsImV4cCI6MTc2OTY0MTg3MiwiaWF0IjoxNzY5NTU1NDcyLCJqdGkiOiI1ZTM2MTlmZDkxOGE0MjQ4YjY0MWYzMGE0MDQ4MTAxNyIsInVzZXJfaWQiOjJ9.IWQBL9ZO5WMsY57IyKqBPD4lvqdc2AkJA1rhIhBhrvk	2026-01-27 23:11:12.871215+00	2026-01-28 23:11:12+00	2	5e3619fd918a4248b641f30a40481017
31	eyJhbGciOiJIUzI1NiIsInR5cCI6IkpXVCJ9.eyJ0b2tlbl90eXBlIjoicmVmcmVzaCIsImV4cCI6MTc2OTY0MTkzNSwiaWF0IjoxNzY5NTU1NTM1LCJqdGkiOiI5YmVjOTEzMWJjNjI0ZGI0YjcwMzI1YjQzNGMyYmFhMSIsInVzZXJfaWQiOjJ9.J7GPFY0KqqHtawpqN5FXtF5JJS17LCESu7oxSNiWPjk	2026-01-27 23:12:15.927337+00	2026-01-28 23:12:15+00	2	9bec9131bc624db4b70325b434c2baa1
32	eyJhbGciOiJIUzI1NiIsInR5cCI6IkpXVCJ9.eyJ0b2tlbl90eXBlIjoicmVmcmVzaCIsImV4cCI6MTc2OTY0MTk3NywiaWF0IjoxNzY5NTU1NTc3LCJqdGkiOiJmNmFlNTViMjgzMDg0N2EyYmRjN2M4NGI2Mjc1MGM4ZiIsInVzZXJfaWQiOjR9.b75Lpa5LfOcNFi7Zht5BB-NpIeIHc2BM8-ZUF5SkIK8	2026-01-27 23:12:57.50125+00	2026-01-28 23:12:57+00	4	f6ae55b2830847a2bdc7c84b62750c8f
33	eyJhbGciOiJIUzI1NiIsInR5cCI6IkpXVCJ9.eyJ0b2tlbl90eXBlIjoicmVmcmVzaCIsImV4cCI6MTc2OTY0MjAwMSwiaWF0IjoxNzY5NTU1NjAxLCJqdGkiOiI1OThlOGIzMmEyMjQ0YTIyYmMyZmMxNmNiNDUwZGVhMCIsInVzZXJfaWQiOjR9.WOp4-DN5neSjmFQbPklG802J8LTy0hWqR1-Z9VhtrJQ	2026-01-27 23:13:21.255849+00	2026-01-28 23:13:21+00	4	598e8b32a2244a22bc2fc16cb450dea0
34	eyJhbGciOiJIUzI1NiIsInR5cCI6IkpXVCJ9.eyJ0b2tlbl90eXBlIjoicmVmcmVzaCIsImV4cCI6MTc2OTY4OTUxNywiaWF0IjoxNzY5NjAzMTE3LCJqdGkiOiI1YTA4NWM5OGQ2ZTk0NWM4YjU1MzQ1Yjg4NDAyZWFlYyIsInVzZXJfaWQiOjJ9.vWIHegNB5LEWhnAvfA1d8-Brgan01-hjOuRxGrZNSRE	2026-01-28 12:25:17.084497+00	2026-01-29 12:25:17+00	2	5a085c98d6e945c8b55345b88402eaec
35	eyJhbGciOiJIUzI1NiIsInR5cCI6IkpXVCJ9.eyJ0b2tlbl90eXBlIjoicmVmcmVzaCIsImV4cCI6MTc2OTgxMTM4NCwiaWF0IjoxNzY5NzI0OTg0LCJqdGkiOiJjODk0ZTA2NTA5Yzg0MzZmOWYwNzc1ZWEzZDg3NTRhOSIsInVzZXJfaWQiOjJ9.EzvA0xN_qtSJMbKRS7g2HYstCQ02B4UbRr9eKHR0SNc	2026-01-29 22:16:24.030074+00	2026-01-30 22:16:24+00	2	c894e06509c8436f9f0775ea3d8754a9
36	eyJhbGciOiJIUzI1NiIsInR5cCI6IkpXVCJ9.eyJ0b2tlbl90eXBlIjoicmVmcmVzaCIsImV4cCI6MTc2OTg2OTI2OCwiaWF0IjoxNzY5NzgyODY4LCJqdGkiOiI3ZjFlNzA3NGM3MTU0YWNmOWMyOWVjYzAxNjczNzNiZSIsInVzZXJfaWQiOjR9.AnnfBkTQAxSCy0TxLHUYTICVBYok0GUiX-s-hNq0HUc	2026-01-30 14:21:08.644603+00	2026-01-31 14:21:08+00	4	7f1e7074c7154acf9c29ecc0167373be
37	eyJhbGciOiJIUzI1NiIsInR5cCI6IkpXVCJ9.eyJ0b2tlbl90eXBlIjoicmVmcmVzaCIsImV4cCI6MTc2OTg2OTI3MywiaWF0IjoxNzY5NzgyODczLCJqdGkiOiJiM2FkZjk3YzM5YWY0YWE2YmRhY2UyNzBmNTAzZTdjNiIsInVzZXJfaWQiOjR9.3gzHKvC9m2Dlakw_19VGS6LqZeBZ5X1Q4Vqy9oMDg3I	2026-01-30 14:21:13.961354+00	2026-01-31 14:21:13+00	4	b3adf97c39af4aa6bdace270f503e7c6
38	eyJhbGciOiJIUzI1NiIsInR5cCI6IkpXVCJ9.eyJ0b2tlbl90eXBlIjoicmVmcmVzaCIsImV4cCI6MTc2OTg2OTI3NiwiaWF0IjoxNzY5NzgyODc2LCJqdGkiOiJiZDA4NWUzYmVhM2Y0Mzk1YTZlZjBlZDA1NjdlM2ZkNCIsInVzZXJfaWQiOjR9.tvNjY2HDRX64YuxLdmm3S_6c5qxByvAnYfQqQ6_Fdto	2026-01-30 14:21:16.556777+00	2026-01-31 14:21:16+00	4	bd085e3bea3f4395a6ef0ed0567e3fd4
39	eyJhbGciOiJIUzI1NiIsInR5cCI6IkpXVCJ9.eyJ0b2tlbl90eXBlIjoicmVmcmVzaCIsImV4cCI6MTc2OTg3OTQwMiwiaWF0IjoxNzY5NzkzMDAyLCJqdGkiOiIyZWU4YTVkYjMwNGU0OGFhOTNhNzAwMDE3YmI0NDQ4ZCIsInVzZXJfaWQiOjR9.V19h2uXQxeMuIrMi9HelCTtyPVBJzlPY_IrGVnFbPaM	2026-01-30 17:10:02.802188+00	2026-01-31 17:10:02+00	4	2ee8a5db304e48aa93a700017bb4448d
40	eyJhbGciOiJIUzI1NiIsInR5cCI6IkpXVCJ9.eyJ0b2tlbl90eXBlIjoicmVmcmVzaCIsImV4cCI6MTc2OTkxNzI2MywiaWF0IjoxNzY5ODMwODYzLCJqdGkiOiI3NjZlMzg1ZjQyYWE0MWU5YTkwY2ZjMTMwNWQ4M2VlNyIsInVzZXJfaWQiOjR9.vHfiMkW4KOFdkkR6Y4_0mFkmuusgR55wgUWcqy48nEU	2026-01-31 03:41:03.044718+00	2026-02-01 03:41:03+00	4	766e385f42aa41e9a90cfc1305d83ee7
41	eyJhbGciOiJIUzI1NiIsInR5cCI6IkpXVCJ9.eyJ0b2tlbl90eXBlIjoicmVmcmVzaCIsImV4cCI6MTc2OTkxNzY1NywiaWF0IjoxNzY5ODMxMjU3LCJqdGkiOiI2YWM2NTM4Yjc2ODM0NzU1ODNlNDlhYjdjMDcyYTcwYSIsInVzZXJfaWQiOjR9.v1kk2T7FW7qKehcm3dkHeRDz4icwlH7jFNQIj7ujLmo	2026-01-31 03:47:37.055542+00	2026-02-01 03:47:37+00	4	6ac6538b7683475583e49ab7c072a70a
42	eyJhbGciOiJIUzI1NiIsInR5cCI6IkpXVCJ9.eyJ0b2tlbl90eXBlIjoicmVmcmVzaCIsImV4cCI6MTc2OTkxODAyMiwiaWF0IjoxNzY5ODMxNjIyLCJqdGkiOiIzNmJkZDA3Y2Q4MDg0YTZhYjI5YTc2NWI2MDQ4NWZmZSIsInVzZXJfaWQiOjR9.qWUl5wdFnxyGO7xMpgzBm7oBEZb5tr4xCJx5p4KKsaI	2026-01-31 03:53:42.578115+00	2026-02-01 03:53:42+00	4	36bdd07cd8084a6ab29a765b60485ffe
43	eyJhbGciOiJIUzI1NiIsInR5cCI6IkpXVCJ9.eyJ0b2tlbl90eXBlIjoicmVmcmVzaCIsImV4cCI6MTc2OTkxODY5OSwiaWF0IjoxNzY5ODMyMjk5LCJqdGkiOiIzNzM3ZDE0MDFlZDY0N2Y2YTJhNmJjMGY3NzlmNTM3ZiIsInVzZXJfaWQiOjR9.609REgQfkWRDJi-dUPMsqlm8gQME1PTJ4eJ7fEbKJ3w	2026-01-31 04:04:59.439273+00	2026-02-01 04:04:59+00	4	3737d1401ed647f6a2a6bc0f779f537f
44	eyJhbGciOiJIUzI1NiIsInR5cCI6IkpXVCJ9.eyJ0b2tlbl90eXBlIjoicmVmcmVzaCIsImV4cCI6MTc2OTkxOTU1NCwiaWF0IjoxNzY5ODMzMTU0LCJqdGkiOiI4NDFkODU5YmU2YjU0NjBhODBjNWFjOTJlMDJjYjVkMyIsInVzZXJfaWQiOjR9.wfd0AD_NG3d_TfEkmgqLSyHnKS5-SxMalUJhglJnGpw	2026-01-31 04:19:14.450049+00	2026-02-01 04:19:14+00	4	841d859be6b5460a80c5ac92e02cb5d3
45	eyJhbGciOiJIUzI1NiIsInR5cCI6IkpXVCJ9.eyJ0b2tlbl90eXBlIjoicmVmcmVzaCIsImV4cCI6MTc2OTkyMDQ4OSwiaWF0IjoxNzY5ODM0MDg5LCJqdGkiOiI4ODEyZmE1YjZmMTQ0NDg2YmVhMTVmNzllYzE2NTk2MSIsInVzZXJfaWQiOjR9.Ons2yWKXbLr_uY0v0vlwMy7YURa6K9iH-flXMm0mJ5Q	2026-01-31 04:34:49.065088+00	2026-02-01 04:34:49+00	4	8812fa5b6f144486bea15f79ec165961
46	eyJhbGciOiJIUzI1NiIsInR5cCI6IkpXVCJ9.eyJ0b2tlbl90eXBlIjoicmVmcmVzaCIsImV4cCI6MTc2OTkyMTA4NSwiaWF0IjoxNzY5ODM0Njg1LCJqdGkiOiI3ZjQ3NWViZWM1NGY0Y2ZlYjYxNGFmMDVhYjIzNDNhZCIsInVzZXJfaWQiOjR9.Sco6BECkLBJPqZ9cBgKRX2wVh0HnQLASJqSKGYpXwlk	2026-01-31 04:44:45.694201+00	2026-02-01 04:44:45+00	4	7f475ebec54f4cfeb614af05ab2343ad
47	eyJhbGciOiJIUzI1NiIsInR5cCI6IkpXVCJ9.eyJ0b2tlbl90eXBlIjoicmVmcmVzaCIsImV4cCI6MTc2OTk1MDk2OSwiaWF0IjoxNzY5ODY0NTY5LCJqdGkiOiI4MGIwYzQ1ZGEzMzY0MmVlYmNlM2VjNWE5ZjljZmQzZiIsInVzZXJfaWQiOjJ9.S3DPEmBDmBxCzLEQIcfPkEefVaQcAFS4dzCFGDVOQqQ	2026-01-31 13:02:49.231528+00	2026-02-01 13:02:49+00	2	80b0c45da33642eebce3ec5a9f9cfd3f
48	eyJhbGciOiJIUzI1NiIsInR5cCI6IkpXVCJ9.eyJ0b2tlbl90eXBlIjoicmVmcmVzaCIsImV4cCI6MTc2OTk5MjkzMywiaWF0IjoxNzY5OTA2NTMzLCJqdGkiOiI2YzkxMGExODY3OWE0NDU2OWEzODZlZjU0NmZmMzI0NCIsInVzZXJfaWQiOjR9.BKmIKE4mvCl6YleZq5XOcPmyDX0Sth3wbRFnePUIvqY	2026-02-01 00:42:13.859114+00	2026-02-02 00:42:13+00	4	6c910a18679a44569a386ef546ff3244
49	eyJhbGciOiJIUzI1NiIsInR5cCI6IkpXVCJ9.eyJ0b2tlbl90eXBlIjoicmVmcmVzaCIsImV4cCI6MTc2OTk5MzM2MCwiaWF0IjoxNzY5OTA2OTYwLCJqdGkiOiI4OTU1ZTJkYTAxMTE0Yjk4YTk2NWI5MzM1MzRhNmI3NyIsInVzZXJfaWQiOjR9.Ef5GKsjel_070Qaqln5szvn3knasl7Xup9_4T0hz6bw	2026-02-01 00:49:20.29061+00	2026-02-02 00:49:20+00	4	8955e2da01114b98a965b933534a6b77
51	eyJhbGciOiJIUzI1NiIsInR5cCI6IkpXVCJ9.eyJ0b2tlbl90eXBlIjoicmVmcmVzaCIsImV4cCI6MTc3MDA3OTA2MCwiaWF0IjoxNzY5OTkyNjYwLCJqdGkiOiJjMmI5MjNkYWQ0ZTQ0ZGY2YWEwMGViNGY2YmU4OTY5ZiIsInVzZXJfaWQiOjR9.dRrga0djgp0ebE4bUwdVicvfCmlkPXkbpbY33eydMZ0	2026-02-02 00:37:40.836307+00	2026-02-03 00:37:40+00	4	c2b923dad4e44df6aa00eb4f6be8969f
52	eyJhbGciOiJIUzI1NiIsInR5cCI6IkpXVCJ9.eyJ0b2tlbl90eXBlIjoicmVmcmVzaCIsImV4cCI6MTc3MDA5NjI0NSwiaWF0IjoxNzcwMDA5ODQ1LCJqdGkiOiI4OTI3ZjBhMzEzOGE0NDY2OWZjNGQxNWZjYWFmYTkzNiIsInVzZXJfaWQiOjR9.ltrJZkHImUGfs1en_au67HI_tpM6RFvG9kEl1CuivBo	2026-02-02 05:24:05.84507+00	2026-02-03 05:24:05+00	4	8927f0a3138a44669fc4d15fcaafa936
53	eyJhbGciOiJIUzI1NiIsInR5cCI6IkpXVCJ9.eyJ0b2tlbl90eXBlIjoicmVmcmVzaCIsImV4cCI6MTc3MDEzNjQ3NywiaWF0IjoxNzcwMDUwMDc3LCJqdGkiOiI2YTNlZmY0ODhlN2Q0ZmU1OGQ2YzIxYzUwYjJkOTExOSIsInVzZXJfaWQiOjJ9.S472iGcJknHUYles16vyunjqsAkrvvWigEA9USFMmTI	2026-02-02 16:34:37.340814+00	2026-02-03 16:34:37+00	2	6a3eff488e7d4fe58d6c21c50b2d9119
54	eyJhbGciOiJIUzI1NiIsInR5cCI6IkpXVCJ9.eyJ0b2tlbl90eXBlIjoicmVmcmVzaCIsImV4cCI6MTc3MDEzNjc1NCwiaWF0IjoxNzcwMDUwMzU0LCJqdGkiOiI1ZWFhYzYzMjgwODg0OTQ3YTllMzMyMTRhNTZhMmQzOSIsInVzZXJfaWQiOjR9.FvSIcZ3tJcSVLJJ34Dsk33oMWPYjmIqaBaxZ5ForZdU	2026-02-02 16:39:14.061336+00	2026-02-03 16:39:14+00	4	5eaac63280884947a9e33214a56a2d39
55	eyJhbGciOiJIUzI1NiIsInR5cCI6IkpXVCJ9.eyJ0b2tlbl90eXBlIjoicmVmcmVzaCIsImV4cCI6MTc3MDEzNjkyMSwiaWF0IjoxNzcwMDUwNTIxLCJqdGkiOiIxNmNkZWJlZTliZDk0OTY5YmMxNTczYzhlNGQ3M2RkYyIsInVzZXJfaWQiOjR9.WdtxibHR_K5rhBdOSm0WjN-0zvStP44e_CPfm0GsjuM	2026-02-02 16:42:01.261013+00	2026-02-03 16:42:01+00	4	16cdebee9bd94969bc1573c8e4d73ddc
56	eyJhbGciOiJIUzI1NiIsInR5cCI6IkpXVCJ9.eyJ0b2tlbl90eXBlIjoicmVmcmVzaCIsImV4cCI6MTc3MDEzNjk5MCwiaWF0IjoxNzcwMDUwNTkwLCJqdGkiOiJjYzJmMDJmZjQ2ZjA0YzBhYWY1MTBmMGYzNDJkMjZiNSIsInVzZXJfaWQiOjR9.I-k-iPv-r9TUKpSUflH5xt8xBgk-WIrL7E-su5ZVtn8	2026-02-02 16:43:10.600778+00	2026-02-03 16:43:10+00	4	cc2f02ff46f04c0aaf510f0f342d26b5
57	eyJhbGciOiJIUzI1NiIsInR5cCI6IkpXVCJ9.eyJ0b2tlbl90eXBlIjoicmVmcmVzaCIsImV4cCI6MTc3MDEzNzUyMiwiaWF0IjoxNzcwMDUxMTIyLCJqdGkiOiIzODM4ZjExNjFlNzA0NTc1OTBhNGU4MjVlMzdmMzM3YiIsInVzZXJfaWQiOjR9.lhHpYZGBs8fdgpFE8XhvsYiRYW6n4LlUeot5Ad_B3kY	2026-02-02 16:52:02.091554+00	2026-02-03 16:52:02+00	4	3838f1161e70457590a4e825e37f337b
58	eyJhbGciOiJIUzI1NiIsInR5cCI6IkpXVCJ9.eyJ0b2tlbl90eXBlIjoicmVmcmVzaCIsImV4cCI6MTc3MDEzNzU4NCwiaWF0IjoxNzcwMDUxMTg0LCJqdGkiOiIyMWQzMWY2MjFkMTU0NjNlOTc4ZDhlMjQ4ZjZhZDdhZSIsInVzZXJfaWQiOjR9.P8gYVgbknPLbFZ0E12Gp7fPGepllUZr0ZkT8vozPoB0	2026-02-02 16:53:04.524949+00	2026-02-03 16:53:04+00	4	21d31f621d15463e978d8e248f6ad7ae
59	eyJhbGciOiJIUzI1NiIsInR5cCI6IkpXVCJ9.eyJ0b2tlbl90eXBlIjoicmVmcmVzaCIsImV4cCI6MTc3MDE2NDg4MCwiaWF0IjoxNzcwMDc4NDgwLCJqdGkiOiIwNGNjODgyY2M4YWE0ZDA1OTI3NTRiZTQ3MjQ5MzFiOSIsInVzZXJfaWQiOjR9.-S7lTvMNYbM55AUSkIBksNONkr2BMfqvpg_XhUFmDAY	2026-02-03 00:28:00.547401+00	2026-02-04 00:28:00+00	4	04cc882cc8aa4d0592754be4724931b9
60	eyJhbGciOiJIUzI1NiIsInR5cCI6IkpXVCJ9.eyJ0b2tlbl90eXBlIjoicmVmcmVzaCIsImV4cCI6MTc3MDIxNDEyMiwiaWF0IjoxNzcwMTI3NzIyLCJqdGkiOiI3YWI3ODQ0NjVhM2I0N2NiODA5MTZmYjgzMTZiNjQyOSIsInVzZXJfaWQiOjR9.UhY3__BlkQRPr1cTY1cuVGU_Vl9DU7llnUnE56sx5yU	2026-02-03 14:08:42.303429+00	2026-02-04 14:08:42+00	4	7ab784465a3b47cb80916fb8316b6429
61	eyJhbGciOiJIUzI1NiIsInR5cCI6IkpXVCJ9.eyJ0b2tlbl90eXBlIjoicmVmcmVzaCIsImV4cCI6MTc3MDIxNDY4MiwiaWF0IjoxNzcwMTI4MjgyLCJqdGkiOiI3OWIzMDYzYmQ0ZGI0NzE5OTliYTdjYjI0ZTFmYTIyOSIsInVzZXJfaWQiOjR9.RcYq_havCo1awu2M8kzKx50dnoIANdZOM0rzJyi5Du8	2026-02-03 14:18:02.666523+00	2026-02-04 14:18:02+00	4	79b3063bd4db471999ba7cb24e1fa229
62	eyJhbGciOiJIUzI1NiIsInR5cCI6IkpXVCJ9.eyJ0b2tlbl90eXBlIjoicmVmcmVzaCIsImV4cCI6MTc3MDIxNjQ1NywiaWF0IjoxNzcwMTMwMDU3LCJqdGkiOiIzMzE2MTBlOGI3NDk0NTRmYTY1YmU2MjkxZmMxYzQ4YSIsInVzZXJfaWQiOjR9.Slv7PxCpYX9GJ3aOBPcVljF1qN35q6B2u7D8Igco1VQ	2026-02-03 14:47:37.039851+00	2026-02-04 14:47:37+00	4	331610e8b749454fa65be6291fc1c48a
63	eyJhbGciOiJIUzI1NiIsInR5cCI6IkpXVCJ9.eyJ0b2tlbl90eXBlIjoicmVmcmVzaCIsImV4cCI6MTc3MDIzMDYzNywiaWF0IjoxNzcwMTQ0MjM3LCJqdGkiOiI1ZDQxYTgzYmFlOTM0ZTU0YTIzMDA1MWI4NTg3YjE5MSIsInVzZXJfaWQiOjR9.cH6l2ucgsFaQ8m_ufudwx7RQqD95EimMw3mU6zBL33o	2026-02-03 18:43:57.609809+00	2026-02-04 18:43:57+00	4	5d41a83bae934e54a230051b8587b191
64	eyJhbGciOiJIUzI1NiIsInR5cCI6IkpXVCJ9.eyJ0b2tlbl90eXBlIjoicmVmcmVzaCIsImV4cCI6MTc3MDI1NTA5MCwiaWF0IjoxNzcwMTY4NjkwLCJqdGkiOiIxMDY2MWU3NDFkODQ0NTI5Yjg5ZWUzZWJiYTM3Yjg4NiIsInVzZXJfaWQiOjR9.MKxXffEGhs-IZhhVBsSuQZ2axT-wzfRGA0KezZrqZ1Q	2026-02-04 01:31:30.972926+00	2026-02-05 01:31:30+00	4	10661e741d844529b89ee3ebba37b886
65	eyJhbGciOiJIUzI1NiIsInR5cCI6IkpXVCJ9.eyJ0b2tlbl90eXBlIjoicmVmcmVzaCIsImV4cCI6MTc3MDQzMjUyNiwiaWF0IjoxNzcwMzQ2MTI2LCJqdGkiOiJlYWMyNzM5YzU3MGY0MTQ2OTQ0ZDMyYzkxYmY5Nzk3MSIsInVzZXJfaWQiOjR9.akeV4IhnBeZtlB8zID5KzyhnJHBDeTZE3JHS9bo14CI	2026-02-06 02:48:46.273616+00	2026-02-07 02:48:46+00	4	eac2739c570f4146944d32c91bf97971
66	eyJhbGciOiJIUzI1NiIsInR5cCI6IkpXVCJ9.eyJ0b2tlbl90eXBlIjoicmVmcmVzaCIsImV4cCI6MTc3MDQzMjc1NCwiaWF0IjoxNzcwMzQ2MzU0LCJqdGkiOiJkOGI0NmE3YzRlNDI0NzEzYTgzNTY4N2VjYTU4YjY1NyIsInVzZXJfaWQiOjR9.PR0x_hp8yCxMZVYK_F1rPIlTxysXB9nLAmBLsN15H3A	2026-02-06 02:52:34.296889+00	2026-02-07 02:52:34+00	4	d8b46a7c4e424713a835687eca58b657
67	eyJhbGciOiJIUzI1NiIsInR5cCI6IkpXVCJ9.eyJ0b2tlbl90eXBlIjoicmVmcmVzaCIsImV4cCI6MTc3MDQzNzI3MywiaWF0IjoxNzcwMzUwODczLCJqdGkiOiIxYzMyNjFmMDA2NTE0OWI1OGRkNzQ0OWUzODY2YzNjOCIsInVzZXJfaWQiOjR9.j-nVrDvlJLAyBHXqqn1_UJfucFODEWauN37-5fpYQX0	2026-02-06 04:07:53.025631+00	2026-02-07 04:07:53+00	4	1c3261f0065149b58dd7449e3866c3c8
68	eyJhbGciOiJIUzI1NiIsInR5cCI6IkpXVCJ9.eyJ0b2tlbl90eXBlIjoicmVmcmVzaCIsImV4cCI6MTc3MDQ2NzEzOCwiaWF0IjoxNzcwMzgwNzM4LCJqdGkiOiJhYjY4YmNkMjU3MDE0ZjNkOGJhOWE4MzA5MjNlOTJmNyIsInVzZXJfaWQiOjR9.EyXDMtkAjMgHd3Xo8BhDPTCQvHipt69tfeM1ao-MJP0	2026-02-06 12:25:38.450198+00	2026-02-07 12:25:38+00	4	ab68bcd257014f3d8ba9a830923e92f7
69	eyJhbGciOiJIUzI1NiIsInR5cCI6IkpXVCJ9.eyJ0b2tlbl90eXBlIjoicmVmcmVzaCIsImV4cCI6MTc3MDUyMTE2NiwiaWF0IjoxNzcwNDM0NzY2LCJqdGkiOiI2MzJiMzNjMWJhNmI0Y2JmYTFiZmMxNzYyYTkyZTNlMCIsInVzZXJfaWQiOjR9.B0xSZt94MDN0823XRPegU-YNuFcifhji4E3GaGev8tY	2026-02-07 03:26:06.346704+00	2026-02-08 03:26:06+00	4	632b33c1ba6b4cbfa1bfc1762a92e3e0
70	eyJhbGciOiJIUzI1NiIsInR5cCI6IkpXVCJ9.eyJ0b2tlbl90eXBlIjoicmVmcmVzaCIsImV4cCI6MTc3MDY5NDU3MywiaWF0IjoxNzcwNjA4MTczLCJqdGkiOiJmNzk3ZWIyNDExYjc0NmNiYTk1OGQ2MWVhZjdlZWU5ZiIsInVzZXJfaWQiOjR9.w_4UMTTazTS4rUA843LXjTJSO8wTkiilexS_3XlFizE	2026-02-09 03:36:13.361846+00	2026-02-10 03:36:13+00	4	f797eb2411b746cba958d61eaf7eee9f
71	eyJhbGciOiJIUzI1NiIsInR5cCI6IkpXVCJ9.eyJ0b2tlbl90eXBlIjoicmVmcmVzaCIsImV4cCI6MTc3MDY5NTAxOSwiaWF0IjoxNzcwNjA4NjE5LCJqdGkiOiI5MjdhMDc4YjNhYmY0NDgxOWM1MzUwMDU2YjI1Y2JjMSIsInVzZXJfaWQiOjl9.QLydK3KpKLcEUluAvgf7l8IKV8D3qqT_BhFq3UKyO4A	2026-02-09 03:43:39.962481+00	2026-02-10 03:43:39+00	9	927a078b3abf44819c5350056b25cbc1
72	eyJhbGciOiJIUzI1NiIsInR5cCI6IkpXVCJ9.eyJ0b2tlbl90eXBlIjoicmVmcmVzaCIsImV4cCI6MTc3MDcxOTgyMCwiaWF0IjoxNzcwNjMzNDIwLCJqdGkiOiIwNTk1Nzk2ODA3MWE0NmQ1OWIzOWVmYmVhOGM4ODBjMiIsInVzZXJfaWQiOjJ9.UZQM0_v8SZrfUl9NJmpIAsaF_ioKFVfLdVMskDaM6rY	2026-02-09 10:37:00.634085+00	2026-02-10 10:37:00+00	2	05957968071a46d59b39efbea8c880c2
73	eyJhbGciOiJIUzI1NiIsInR5cCI6IkpXVCJ9.eyJ0b2tlbl90eXBlIjoicmVmcmVzaCIsImV4cCI6MTc3MDcxOTg1MywiaWF0IjoxNzcwNjMzNDUzLCJqdGkiOiJiY2RjMzA1NTZhMDA0ZTc0OWUxMGQwOGJmMmJlMzI5ZiIsInVzZXJfaWQiOjJ9.lF3nYHZoM3PNTNWkybf_WRX6z_fbp2joJcjSDa4GAt8	2026-02-09 10:37:33.849408+00	2026-02-10 10:37:33+00	2	bcdc30556a004e749e10d08bf2be329f
74	eyJhbGciOiJIUzI1NiIsInR5cCI6IkpXVCJ9.eyJ0b2tlbl90eXBlIjoicmVmcmVzaCIsImV4cCI6MTc3MDc1MzQ1OCwiaWF0IjoxNzcwNjY3MDU4LCJqdGkiOiJkOTcxMzIwNzkyOTU0MTZhOTA5ZTkxMjZhYmExNzg5NSIsInVzZXJfaWQiOjl9.KFH44lXqJRtgDfZpWVBW69tT1UvEauyJkXOm471lbtk	2026-02-09 19:57:38.559372+00	2026-02-10 19:57:38+00	9	d97132079295416a909e9126aba17895
75	eyJhbGciOiJIUzI1NiIsInR5cCI6IkpXVCJ9.eyJ0b2tlbl90eXBlIjoicmVmcmVzaCIsImV4cCI6MTc3MDc1MzQ2NSwiaWF0IjoxNzcwNjY3MDY1LCJqdGkiOiI5YTMyNzAwMGFhMGU0ZWU4ODUyOTY1ODBiZDA3Mzc2OSIsInVzZXJfaWQiOjl9.cO8hH5d7WsCHkfbyK2ijhJg3kjZKZuAFOVWup-renPs	2026-02-09 19:57:45.405015+00	2026-02-10 19:57:45+00	9	9a327000aa0e4ee885296580bd073769
76	eyJhbGciOiJIUzI1NiIsInR5cCI6IkpXVCJ9.eyJ0b2tlbl90eXBlIjoicmVmcmVzaCIsImV4cCI6MTc3MDc1MzgwNCwiaWF0IjoxNzcwNjY3NDA0LCJqdGkiOiJlM2RhYjc0Y2UzODQ0OTEyOWNlZTdlMWYwOWIzNDBhMCIsInVzZXJfaWQiOjl9.uhQk78nZjsnLUe_2oZK9WmFsCM6fL07r1oMplxlkkZo	2026-02-09 20:03:24.209169+00	2026-02-10 20:03:24+00	9	e3dab74ce38449129cee7e1f09b340a0
77	eyJhbGciOiJIUzI1NiIsInR5cCI6IkpXVCJ9.eyJ0b2tlbl90eXBlIjoicmVmcmVzaCIsImV4cCI6MTc3MDc1MzgyMCwiaWF0IjoxNzcwNjY3NDIwLCJqdGkiOiIxNjUyNmYyZTU0NDM0NjY2YTYzMzNjMDMwMGQyZjkwNyIsInVzZXJfaWQiOjl9.Ns4Z1TjntgwpReRRA1fBzgU6rnSNROdUcSOdDrXwaZk	2026-02-09 20:03:40.528781+00	2026-02-10 20:03:40+00	9	16526f2e54434666a6333c0300d2f907
78	eyJhbGciOiJIUzI1NiIsInR5cCI6IkpXVCJ9.eyJ0b2tlbl90eXBlIjoicmVmcmVzaCIsImV4cCI6MTc3MDgxMzI5MywiaWF0IjoxNzcwNzI2ODkzLCJqdGkiOiJjNDQ3YmU2Y2I2NzQ0NWUzODQzZWU2MTVlOTZmMjdlYyIsInVzZXJfaWQiOjJ9.0HtFM-Z30-T5-In3WzfrrNDwoQKM9_vyzN0KEjko1og	2026-02-10 12:34:53.074823+00	2026-02-11 12:34:53+00	2	c447be6cb67445e3843ee615e96f27ec
79	eyJhbGciOiJIUzI1NiIsInR5cCI6IkpXVCJ9.eyJ0b2tlbl90eXBlIjoicmVmcmVzaCIsImV4cCI6MTc3MDgxMzMxMCwiaWF0IjoxNzcwNzI2OTEwLCJqdGkiOiIyMTVhMjQ3YzFhYmY0NzJlYmE4MGM2NTcxNWQzNTM0ZiIsInVzZXJfaWQiOjl9.oxlijGH_8nOSH2tktdvn280KLmYPUTyXcwUMGiSEUqA	2026-02-10 12:35:10.391414+00	2026-02-11 12:35:10+00	9	215a247c1abf472eba80c65715d3534f
80	eyJhbGciOiJIUzI1NiIsInR5cCI6IkpXVCJ9.eyJ0b2tlbl90eXBlIjoicmVmcmVzaCIsImV4cCI6MTc3MDk2NTQ5OSwiaWF0IjoxNzcwODc5MDk5LCJqdGkiOiI1NTUyNWFiMWMyYjU0NTI0YWE5NGFlM2U1OWFiMTE5ZSIsInVzZXJfaWQiOjJ9.UaKssulOVWR-prI7jm7_yMLRCTQMWHA0q_YTmRn9w6k	2026-02-12 06:51:39.757155+00	2026-02-13 06:51:39+00	2	55525ab1c2b54524aa94ae3e59ab119e
81	eyJhbGciOiJIUzI1NiIsInR5cCI6IkpXVCJ9.eyJ0b2tlbl90eXBlIjoicmVmcmVzaCIsImV4cCI6MTc3MTAyMjA2MCwiaWF0IjoxNzcwOTM1NjYwLCJqdGkiOiIwZjcyZTVmOWYyYjI0OWVjYWI0MjYwYTAwMzBkZDAyMiIsInVzZXJfaWQiOjEwfQ.WS4eMlrCyQRcgtMA48ywCkMFe65qKQrvN6zsWmDp008	2026-02-12 22:34:20.387577+00	2026-02-13 22:34:20+00	10	0f72e5f9f2b249ecab4260a0030dd022
82	eyJhbGciOiJIUzI1NiIsInR5cCI6IkpXVCJ9.eyJ0b2tlbl90eXBlIjoicmVmcmVzaCIsImV4cCI6MTc3MTAyMzQzNCwiaWF0IjoxNzcwOTM3MDM0LCJqdGkiOiI0ZDNmNDBlY2ZiYWY0M2M0YmViNmFjNDFjNWVjNjJlMSIsInVzZXJfaWQiOjEwfQ.uJa0c_QFwSxI51btXjgKtJ4lUW6BDMjA5axP7AD7w98	2026-02-12 22:57:14.867017+00	2026-02-13 22:57:14+00	10	4d3f40ecfbaf43c4beb6ac41c5ec62e1
83	eyJhbGciOiJIUzI1NiIsInR5cCI6IkpXVCJ9.eyJ0b2tlbl90eXBlIjoicmVmcmVzaCIsImV4cCI6MTc3MTAyNjEwOCwiaWF0IjoxNzcwOTM5NzA4LCJqdGkiOiI2YWYwM2ExMTNkNmM0M2M4YWJkMTk3MjIxODQzNzIyYiIsInVzZXJfaWQiOjEwfQ.T80OmzrP4USfb-XswaZFO0RHYi6VP34dojlrmTdsY6w	2026-02-12 23:41:48.246391+00	2026-02-13 23:41:48+00	10	6af03a113d6c43c8abd197221843722b
84	eyJhbGciOiJIUzI1NiIsInR5cCI6IkpXVCJ9.eyJ0b2tlbl90eXBlIjoicmVmcmVzaCIsImV4cCI6MTc3MTAyNjQxMywiaWF0IjoxNzcwOTQwMDEzLCJqdGkiOiJkZGFhZTM5YWU0NjA0MzZmOWFmM2IzOTRlOTcxMDc5NSIsInVzZXJfaWQiOjEwfQ.6-jS6hkkmHq4APqdFuteoEXCpTl3JBzF_r9-c0-OInA	2026-02-12 23:46:53.579011+00	2026-02-13 23:46:53+00	10	ddaae39ae460436f9af3b394e9710795
85	eyJhbGciOiJIUzI1NiIsInR5cCI6IkpXVCJ9.eyJ0b2tlbl90eXBlIjoicmVmcmVzaCIsImV4cCI6MTc3MTAyNjg4NSwiaWF0IjoxNzcwOTQwNDg1LCJqdGkiOiJlYzYwNzc2ZTUwNTI0MWEwOTEwNzFhMWQxM2I1ZTRjOSIsInVzZXJfaWQiOjEwfQ.FmLOdj3Eb1csUi4g0hmC0Iqzo2OiMgvL-a7dnygpdEQ	2026-02-12 23:54:45.874103+00	2026-02-13 23:54:45+00	10	ec60776e505241a091071a1d13b5e4c9
86	eyJhbGciOiJIUzI1NiIsInR5cCI6IkpXVCJ9.eyJ0b2tlbl90eXBlIjoicmVmcmVzaCIsImV4cCI6MTc3MTAzODg2OCwiaWF0IjoxNzcwOTUyNDY4LCJqdGkiOiI2YTk2NWYyOGMyY2E0MmY4OGU0OGQyODFkYjEyZTdlYSIsInVzZXJfaWQiOjEwfQ.TKeSXjZEFHVcaaBY51Jfjf5c0-qIW_3uzm4DTBn0Luc	2026-02-13 03:14:28.756494+00	2026-02-14 03:14:28+00	10	6a965f28c2ca42f88e48d281db12e7ea
13	eyJhbGciOiJIUzI1NiIsInR5cCI6IkpXVCJ9.eyJ0b2tlbl90eXBlIjoicmVmcmVzaCIsImV4cCI6MTc2ODg0NzQyNywiaWF0IjoxNzY4NzYxMDI3LCJqdGkiOiJjMTEwNjJiYjM1ZjQ0NzU0OTVmYTljZWNkM2U5MDlmOSIsInVzZXJfaWQiOjV9.DLKQWJ4p4eUrEjHla4-hH3lUoSYY7G5LZw9BMQjM-9M	2026-01-18 18:30:27.660321+00	2026-01-19 18:30:27+00	\N	c11062bb35f4475495fa9cecd3e909f9
14	eyJhbGciOiJIUzI1NiIsInR5cCI6IkpXVCJ9.eyJ0b2tlbl90eXBlIjoicmVmcmVzaCIsImV4cCI6MTc2ODg0NzgyOCwiaWF0IjoxNzY4NzYxNDI4LCJqdGkiOiJkOTI5ZjU2NWI0NWU0ZWQyOTViOTA5MGI0MTcwNzYxYyIsInVzZXJfaWQiOjV9.X8597Kyn3BiZf_nxoxqv_H_tlnw-3fvttSQnrrUkuNU	2026-01-18 18:37:08.151552+00	2026-01-19 18:37:08+00	\N	d929f565b45e4ed295b9090b4170761c
16	eyJhbGciOiJIUzI1NiIsInR5cCI6IkpXVCJ9.eyJ0b2tlbl90eXBlIjoicmVmcmVzaCIsImV4cCI6MTc2ODkyNjcxOSwiaWF0IjoxNzY4ODQwMzE5LCJqdGkiOiIxNjQyMDhkN2YyYjc0OTkyYjgwOTgwYzU5NjdiMjI0OCIsInVzZXJfaWQiOjV9.s-Xxxt-SxoYFeqXj2ZqNOsnVs8FqLPMR1oqg0FVY0ig	2026-01-19 16:31:59.183044+00	2026-01-20 16:31:59+00	\N	164208d7f2b74992b80980c5967b2248
50	eyJhbGciOiJIUzI1NiIsInR5cCI6IkpXVCJ9.eyJ0b2tlbl90eXBlIjoicmVmcmVzaCIsImV4cCI6MTc3MDA1NTM1MywiaWF0IjoxNzY5OTY4OTUzLCJqdGkiOiI4NWRiNmIyMjA0ZTA0Yjk5ODdlMTg0NDU4ZmYyOTQ5YiIsInVzZXJfaWQiOjh9.lefVb_G8_KMkHoqG4ijIF55IFwqHPkICRC66RHowo3o	2026-02-01 18:02:33.49898+00	2026-02-02 18:02:33+00	\N	85db6b2204e04b9987e184458ff2949b
87	eyJhbGciOiJIUzI1NiIsInR5cCI6IkpXVCJ9.eyJ0b2tlbl90eXBlIjoicmVmcmVzaCIsImV4cCI6MTc3MTA1NjMxMiwiaWF0IjoxNzcwOTY5OTEyLCJqdGkiOiI4Y2Q4NTM0NTY3OGU0ZWZmODk0MTkyOGUwNjc2YTlhNyIsInVzZXJfaWQiOjl9.TEBAklfF7vowrv8HhU1rpxnVTuZIEE8eimzkNoLViPo	2026-02-13 08:05:12.882274+00	2026-02-14 08:05:12+00	9	8cd85345678e4eff8941928e0676a9a7
88	eyJhbGciOiJIUzI1NiIsInR5cCI6IkpXVCJ9.eyJ0b2tlbl90eXBlIjoicmVmcmVzaCIsImV4cCI6MTc3MTEwMTQ4NywiaWF0IjoxNzcxMDE1MDg3LCJqdGkiOiJmMTY4MWEwYmYyMjg0ZGRkODZlNmQ4YzkxZDEwNjZkMiIsInVzZXJfaWQiOjJ9.iNXP9M1xVohgS_-Jl77IeYBlLBm5grpZolsD9FfEdEY	2026-02-13 20:38:07.340901+00	2026-02-14 20:38:07+00	2	f1681a0bf2284ddd86e6d8c91d1066d2
89	eyJhbGciOiJIUzI1NiIsInR5cCI6IkpXVCJ9.eyJ0b2tlbl90eXBlIjoicmVmcmVzaCIsImV4cCI6MTc3MTE3Njk2MSwiaWF0IjoxNzcxMDkwNTYxLCJqdGkiOiIzOWEwZmUwMDcxODM0YmI1YjlmZGQxMDcxNjkzMDY1MSIsInVzZXJfaWQiOjR9.7qbvFlni-0pl21vN7ZSEBeL06uQ20UMCAK6NNbjLDl8	2026-02-14 17:36:01.849293+00	2026-02-15 17:36:01+00	4	39a0fe0071834bb5b9fdd10716930651
90	eyJhbGciOiJIUzI1NiIsInR5cCI6IkpXVCJ9.eyJ0b2tlbl90eXBlIjoicmVmcmVzaCIsImV4cCI6MTc3MTE3Njk5MiwiaWF0IjoxNzcxMDkwNTkyLCJqdGkiOiJiNTBhZTQxZTU5MzQ0OTRiYjVlNTBlY2RmYWE5MmQzNyIsInVzZXJfaWQiOjExfQ.nabDVD2jhI2RkVJGEFOp8NyAaQhgeFGs_dYvMFIgH2A	2026-02-14 17:36:32.265698+00	2026-02-15 17:36:32+00	11	b50ae41e5934494bb5e50ecdfaa92d37
91	eyJhbGciOiJIUzI1NiIsInR5cCI6IkpXVCJ9.eyJ0b2tlbl90eXBlIjoicmVmcmVzaCIsImV4cCI6MTc3MTE4MTM4MywiaWF0IjoxNzcxMDk0OTgzLCJqdGkiOiIyMDYwZjg1NzA5ODY0MDAyYjc0ZThiNDFlNmIwMTc0ZiIsInVzZXJfaWQiOjExfQ.kBxxHB0WGgG9_i0DzyZfnlIlgiM4rO5rFfJ1edVTzS4	2026-02-14 18:49:43.566088+00	2026-02-15 18:49:43+00	11	2060f85709864002b74e8b41e6b0174f
92	eyJhbGciOiJIUzI1NiIsInR5cCI6IkpXVCJ9.eyJ0b2tlbl90eXBlIjoicmVmcmVzaCIsImV4cCI6MTc3MTE4MTQzMCwiaWF0IjoxNzcxMDk1MDMwLCJqdGkiOiJlYTNiZDg2NzUxMjI0MzljYmFiZTc3ZmIxMzE5YzE2ZSIsInVzZXJfaWQiOjExfQ.VQ_jjWrZG6XPC8tvqSu1Qo-UmWZbSsF6b3eYb72dinc	2026-02-14 18:50:30.822554+00	2026-02-15 18:50:30+00	11	ea3bd8675122439cbabe77fb1319c16e
93	eyJhbGciOiJIUzI1NiIsInR5cCI6IkpXVCJ9.eyJ0b2tlbl90eXBlIjoicmVmcmVzaCIsImV4cCI6MTc3MTE4MTQ3MiwiaWF0IjoxNzcxMDk1MDcyLCJqdGkiOiJlNmY4ZTgxOGJmYTg0NTBjYTMyZDljMTliMzdiNTY4MSIsInVzZXJfaWQiOjExfQ.19Fo2b3iF7OQvEZ98J0LqfuwuOT70L_hmenweAym7Tc	2026-02-14 18:51:12.907922+00	2026-02-15 18:51:12+00	11	e6f8e818bfa8450ca32d9c19b37b5681
94	eyJhbGciOiJIUzI1NiIsInR5cCI6IkpXVCJ9.eyJ0b2tlbl90eXBlIjoicmVmcmVzaCIsImV4cCI6MTc3MTE4MTQ3OCwiaWF0IjoxNzcxMDk1MDc4LCJqdGkiOiJlYzJkNWExNTQyZGU0NzYyYWE2YzA1ZmM0M2ExNmI4ZiIsInVzZXJfaWQiOjExfQ.wYtwc9IZLQO8oIfonyjCa1NvB3ddCDTdcfvRP_jDKUk	2026-02-14 18:51:18.129695+00	2026-02-15 18:51:18+00	11	ec2d5a1542de4762aa6c05fc43a16b8f
95	eyJhbGciOiJIUzI1NiIsInR5cCI6IkpXVCJ9.eyJ0b2tlbl90eXBlIjoicmVmcmVzaCIsImV4cCI6MTc3MTE4MTQ5OCwiaWF0IjoxNzcxMDk1MDk4LCJqdGkiOiJiMzRkN2U2MTA3NWY0NjRmYTc4MWRhMmI4YjE2ZTgwYiIsInVzZXJfaWQiOjExfQ.Rl-xU2rovTvOpwr0SgT2Sj3JWACNPpj2FbtHUxQD9fw	2026-02-14 18:51:38.577471+00	2026-02-15 18:51:38+00	11	b34d7e61075f464fa781da2b8b16e80b
96	eyJhbGciOiJIUzI1NiIsInR5cCI6IkpXVCJ9.eyJ0b2tlbl90eXBlIjoicmVmcmVzaCIsImV4cCI6MTc3MTE4MjE0MiwiaWF0IjoxNzcxMDk1NzQyLCJqdGkiOiJjZmY2NTMyMmE4ZDE0NjM1YTg0NmI2OTY0NjYxNjE5NCIsInVzZXJfaWQiOjExfQ.HKA9mWyOW4APZRh-TOYYTQxMTQPi4RbJAYMNilkRZeI	2026-02-14 19:02:22.15349+00	2026-02-15 19:02:22+00	11	cff65322a8d14635a846b69646616194
97	eyJhbGciOiJIUzI1NiIsInR5cCI6IkpXVCJ9.eyJ0b2tlbl90eXBlIjoicmVmcmVzaCIsImV4cCI6MTc3MTE4MjE1MywiaWF0IjoxNzcxMDk1NzUzLCJqdGkiOiJhYzJmYzRkNzY5Mjg0ZDBlYWVlMzMxM2JhYmMxNWE0ZCIsInVzZXJfaWQiOjExfQ.EVqwrIhqTfJtL0mU22OfHRazdnlgF3IpXpDeo0vU4e8	2026-02-14 19:02:33.983585+00	2026-02-15 19:02:33+00	11	ac2fc4d769284d0eaee3313babc15a4d
98	eyJhbGciOiJIUzI1NiIsInR5cCI6IkpXVCJ9.eyJ0b2tlbl90eXBlIjoicmVmcmVzaCIsImV4cCI6MTc3MTE4MjMxNCwiaWF0IjoxNzcxMDk1OTE0LCJqdGkiOiI5NzQwY2M4YzZhYzc0ZGM5OGY1ODhiMWE5ODNjMmRhMSIsInVzZXJfaWQiOjExfQ.6FXT11Pq31KQEQ6O77L2VOTprNlgFk6yB7_CNW1KRK0	2026-02-14 19:05:14.731082+00	2026-02-15 19:05:14+00	11	9740cc8c6ac74dc98f588b1a983c2da1
99	eyJhbGciOiJIUzI1NiIsInR5cCI6IkpXVCJ9.eyJ0b2tlbl90eXBlIjoicmVmcmVzaCIsImV4cCI6MTc3MTE4MjM0NSwiaWF0IjoxNzcxMDk1OTQ1LCJqdGkiOiJjZTk5OGEzNGU4NjQ0ZTcxYWM4MjU5NGQ1NGQxYjBhOCIsInVzZXJfaWQiOjl9.q_UbNsT-xaf48_YUF_j7lSPRoqIymtFcDPo7hQ9GG8U	2026-02-14 19:05:45.040941+00	2026-02-15 19:05:45+00	9	ce998a34e8644e71ac82594d54d1b0a8
100	eyJhbGciOiJIUzI1NiIsInR5cCI6IkpXVCJ9.eyJ0b2tlbl90eXBlIjoicmVmcmVzaCIsImV4cCI6MTc3MTE4MjM2NywiaWF0IjoxNzcxMDk1OTY3LCJqdGkiOiIwMzkxYzBjZDRhMzU0YzdmYjUzZTEyOWIyMjU4MDUxNCIsInVzZXJfaWQiOjExfQ.NKKKFERe8Nb6b_eR4OLrOFVE4tzFV8BgkbE1SYpOsd4	2026-02-14 19:06:07.066967+00	2026-02-15 19:06:07+00	11	0391c0cd4a354c7fb53e129b22580514
101	eyJhbGciOiJIUzI1NiIsInR5cCI6IkpXVCJ9.eyJ0b2tlbl90eXBlIjoicmVmcmVzaCIsImV4cCI6MTc3MTE4NzUwNSwiaWF0IjoxNzcxMTAxMTA1LCJqdGkiOiI2YzViZTM0MmFlMDY0MmRiYTIxMzI5MjMzYjc0NTE5MSIsInVzZXJfaWQiOjJ9.zyNqCJwS-YXp_oT2AXkQFp0PL18HxmhvRndl7DlsgYY	2026-02-14 20:31:45.338046+00	2026-02-15 20:31:45+00	2	6c5be342ae0642dba21329233b745191
102	eyJhbGciOiJIUzI1NiIsInR5cCI6IkpXVCJ9.eyJ0b2tlbl90eXBlIjoicmVmcmVzaCIsImV4cCI6MTc3MTM0NDc2NiwiaWF0IjoxNzcxMjU4MzY2LCJqdGkiOiI4NGNmODAyMDA0NDY0M2QxOTBkNDlmZGU5OWM4MmJjYiIsInVzZXJfaWQiOjJ9.5OJm7uKS7Hw2wurTWsamnmE0fNol9g0g-DjWXqhVCaQ	2026-02-16 16:12:46.866171+00	2026-02-17 16:12:46+00	2	84cf8020044643d190d49fde99c82bcb
103	eyJhbGciOiJIUzI1NiIsInR5cCI6IkpXVCJ9.eyJ0b2tlbl90eXBlIjoicmVmcmVzaCIsImV4cCI6MTc3MTM1ODg3NCwiaWF0IjoxNzcxMjcyNDc0LCJqdGkiOiJhMjdiZjgzMTgwZTI0NjJmOTA4ZDE5YzhiY2Y5YjQ1MCIsInVzZXJfaWQiOjJ9.gGRKaAfZ23vd7U9ntNmNhk_laN4BpvMkHCfj8sYAndc	2026-02-16 20:07:54.467576+00	2026-02-17 20:07:54+00	2	a27bf83180e2462f908d19c8bcf9b450
104	eyJhbGciOiJIUzI1NiIsInR5cCI6IkpXVCJ9.eyJ0b2tlbl90eXBlIjoicmVmcmVzaCIsImV4cCI6MTc3MTM1OTA3MSwiaWF0IjoxNzcxMjcyNjcxLCJqdGkiOiI4OTk2ZjBjNDllYzY0OWMzOTAzZGZmYTJiZmNkODYxYiIsInVzZXJfaWQiOjJ9.cWIQBIGkqWQeIovN3WW0p6XKAU33BqfaoOGp1wAGJJ8	2026-02-16 20:11:11.382712+00	2026-02-17 20:11:11+00	2	8996f0c49ec649c3903dffa2bfcd861b
105	eyJhbGciOiJIUzI1NiIsInR5cCI6IkpXVCJ9.eyJ0b2tlbl90eXBlIjoicmVmcmVzaCIsImV4cCI6MTc3MTM2MzA1MywiaWF0IjoxNzcxMjc2NjUzLCJqdGkiOiIzOWVkMDY5YjMyOTQ0ZThkOTM4Yzg0MDQyN2QwODEyYSIsInVzZXJfaWQiOjJ9.FmKUk-7qbUm8l3-xRnDqy8sA6r59GdH3S-Gfe-3eDU4	2026-02-16 21:17:33.130298+00	2026-02-17 21:17:33+00	2	39ed069b32944e8d938c840427d0812a
106	eyJhbGciOiJIUzI1NiIsInR5cCI6IkpXVCJ9.eyJ0b2tlbl90eXBlIjoicmVmcmVzaCIsImV4cCI6MTc3MTM2MzA3MCwiaWF0IjoxNzcxMjc2NjcwLCJqdGkiOiJjMTMzYjhmYjQzYTI0NGQ3YTk4OWZhN2VkNDJjYzIwMiIsInVzZXJfaWQiOjJ9.wucaovPDTp-CFCtv0GUSHzvqxeghWc3rZYBZ-fNXZMg	2026-02-16 21:17:50.937685+00	2026-02-17 21:17:50+00	2	c133b8fb43a244d7a989fa7ed42cc202
107	eyJhbGciOiJIUzI1NiIsInR5cCI6IkpXVCJ9.eyJ0b2tlbl90eXBlIjoicmVmcmVzaCIsImV4cCI6MTc3MTQyMTczMCwiaWF0IjoxNzcxMzM1MzMwLCJqdGkiOiJlYjU1ZTg5YzRlMGY0MThiYjMwNWIxYmJmZDViYmVkOSIsInVzZXJfaWQiOjJ9.Q5HWrnBrKJKyRD6UA2FAvKhNUKJbiiaXu-3lIE41Km0	2026-02-17 13:35:30.529856+00	2026-02-18 13:35:30+00	2	eb55e89c4e0f418bb305b1bbfd5bbed9
108	eyJhbGciOiJIUzI1NiIsInR5cCI6IkpXVCJ9.eyJ0b2tlbl90eXBlIjoicmVmcmVzaCIsImV4cCI6MTc3MTQ5MzUzNCwiaWF0IjoxNzcxNDA3MTM0LCJqdGkiOiJiMDBhMjZkMTVmODE0OTI2OTNkOTg4Y2NhZTY3ZDI1NSIsInVzZXJfaWQiOjExfQ.u8szd3OjvBS3XDlFd4yQ3G257J9gvLiUjtH-CE7_xS0	2026-02-18 09:32:14.76638+00	2026-02-19 09:32:14+00	11	b00a26d15f81492693d988ccae67d255
109	eyJhbGciOiJIUzI1NiIsInR5cCI6IkpXVCJ9.eyJ0b2tlbl90eXBlIjoicmVmcmVzaCIsImV4cCI6MTc3MTQ5MzU0OSwiaWF0IjoxNzcxNDA3MTQ5LCJqdGkiOiJmOGIwYTJhOWU4NTQ0NDhkODdjMjljZTk5YjAyNjliNyIsInVzZXJfaWQiOjR9.0OBJ8tEVwqquuVJfPYvrYU091yiuGUW37V_VI3DnJ8Y	2026-02-18 09:32:29.611762+00	2026-02-19 09:32:29+00	4	f8b0a2a9e854448d87c29ce99b0269b7
110	eyJhbGciOiJIUzI1NiIsInR5cCI6IkpXVCJ9.eyJ0b2tlbl90eXBlIjoicmVmcmVzaCIsImV4cCI6MTc3MTcxNDM3NywiaWF0IjoxNzcxNjI3OTc3LCJqdGkiOiI3MTQyMDVjNWY0YTA0MDExOGRiNGUwZmNjNzgzMjcyMiIsInVzZXJfaWQiOjR9.Ifk2DD-VBaBmwC-YgRfj2Lb8F5TOmDBHZ7YhNRV1qIE	2026-02-20 22:52:57.366405+00	2026-02-21 22:52:57+00	4	714205c5f4a040118db4e0fcc7832722
111	eyJhbGciOiJIUzI1NiIsInR5cCI6IkpXVCJ9.eyJ0b2tlbl90eXBlIjoicmVmcmVzaCIsImV4cCI6MTc3MTg5MTEyMywiaWF0IjoxNzcxODA0NzIzLCJqdGkiOiJhODA5ZmQ4MWFjMmI0OWE3OTgyYTNlODJkYmZhZDcxMCIsInVzZXJfaWQiOjJ9.XR-KKnC3QWdj2TeAJ2rt4chDo92fLkMZj7wIoBKB2dU	2026-02-22 23:58:43.389718+00	2026-02-23 23:58:43+00	2	a809fd81ac2b49a7982a3e82dbfad710
112	eyJhbGciOiJIUzI1NiIsInR5cCI6IkpXVCJ9.eyJ0b2tlbl90eXBlIjoicmVmcmVzaCIsImV4cCI6MTc3MTg5MTgyOSwiaWF0IjoxNzcxODA1NDI5LCJqdGkiOiJlNWY1ZThlNzU1ODU0MTkwODQ4Zjc0NGEyNDcxMzUxNCIsInVzZXJfaWQiOjR9.fT16tSjl_VTqKzDP3lS-gESlrYHg5dAG_Y-M6fG3LRw	2026-02-23 00:10:29.087326+00	2026-02-24 00:10:29+00	4	e5f5e8e755854190848f744a24713514
113	eyJhbGciOiJIUzI1NiIsInR5cCI6IkpXVCJ9.eyJ0b2tlbl90eXBlIjoicmVmcmVzaCIsImV4cCI6MTc3MTg5MjQxMywiaWF0IjoxNzcxODA2MDEzLCJqdGkiOiI4YWIzYjIyYWI0ODY0YjhlYWNhZjRlY2FmZGZiODRmMiIsInVzZXJfaWQiOjR9.iUO_lpVLYjHqGiaMhKUTPVaRJE3LM-KsHdM_3MB_4qY	2026-02-23 00:20:13.946658+00	2026-02-24 00:20:13+00	4	8ab3b22ab4864b8eacaf4ecafdfb84f2
114	eyJhbGciOiJIUzI1NiIsInR5cCI6IkpXVCJ9.eyJ0b2tlbl90eXBlIjoicmVmcmVzaCIsImV4cCI6MTc3MTg5MzcxNywiaWF0IjoxNzcxODA3MzE3LCJqdGkiOiJiZmI5NDRjYTM5YzM0MzI0OGM1ZDNjMWJiMWJiOTEzOCIsInVzZXJfaWQiOjJ9.cLO4Zjg0kTmNi418LrNT-WwD4FMRbZyhwSD8MAtScdQ	2026-02-23 00:41:57.392696+00	2026-02-24 00:41:57+00	2	bfb944ca39c343248c5d3c1bb1bb9138
115	eyJhbGciOiJIUzI1NiIsInR5cCI6IkpXVCJ9.eyJ0b2tlbl90eXBlIjoicmVmcmVzaCIsImV4cCI6MTc3MTg5NDExMiwiaWF0IjoxNzcxODA3NzEyLCJqdGkiOiI3ODY0OThkZTc3NDI0N2UxYjg2ZDM2Njk3ZTZjNTQ5NCIsInVzZXJfaWQiOjJ9.MM-UE_WS50iMwEyn4uIkhy6dR8vebHDrAlVe2IDR8b8	2026-02-23 00:48:32.910858+00	2026-02-24 00:48:32+00	2	786498de774247e1b86d36697e6c5494
116	eyJhbGciOiJIUzI1NiIsInR5cCI6IkpXVCJ9.eyJ0b2tlbl90eXBlIjoicmVmcmVzaCIsImV4cCI6MTc3MTg5NzUwNywiaWF0IjoxNzcxODExMTA3LCJqdGkiOiIwOTU0MmJhMTkxMjM0N2FiYTMwODNiZjUwZjg0NDAzYSIsInVzZXJfaWQiOjJ9.wrj0Iw7hLvFCyCSxy_i8KTw1UKXpFGsNIr7hlcXpMjk	2026-02-23 01:45:07.138515+00	2026-02-24 01:45:07+00	2	09542ba1912347aba3083bf50f84403a
117	eyJhbGciOiJIUzI1NiIsInR5cCI6IkpXVCJ9.eyJ0b2tlbl90eXBlIjoicmVmcmVzaCIsImV4cCI6MTc3MTg5NzUyMiwiaWF0IjoxNzcxODExMTIyLCJqdGkiOiI0MWUyZDJlMGNlNjE0NWI3OWU5MDcwNjFlZjg1ZGViNyIsInVzZXJfaWQiOjR9.YyuiKdD9y0zkXTKCdN6KJRIYWTBNJ7A0Vx6E05ht9vI	2026-02-23 01:45:22.762711+00	2026-02-24 01:45:22+00	4	41e2d2e0ce6145b79e907061ef85deb7
118	eyJhbGciOiJIUzI1NiIsInR5cCI6IkpXVCJ9.eyJ0b2tlbl90eXBlIjoicmVmcmVzaCIsImV4cCI6MTc3MTkwMDU0NSwiaWF0IjoxNzcxODE0MTQ1LCJqdGkiOiJlMDQ1ZWU2ZTAxNWM0OGI4YmFiZDFhMDc0ZTU2YTQ0ZSIsInVzZXJfaWQiOjR9.k4mAaGIdymesuPPUTOkfUxnxWRzGC5a_4O0ATXabmso	2026-02-23 02:35:45.058448+00	2026-02-24 02:35:45+00	4	e045ee6e015c48b8babd1a074e56a44e
119	eyJhbGciOiJIUzI1NiIsInR5cCI6IkpXVCJ9.eyJ0b2tlbl90eXBlIjoicmVmcmVzaCIsImV4cCI6MTc3MTkwMTEwMSwiaWF0IjoxNzcxODE0NzAxLCJqdGkiOiI2ZmI0MWJlYWYxOTQ0YzUxOTA1OWNhNmQzMzg0OTk5MyIsInVzZXJfaWQiOjR9.GHx9lpgXSHElj2tMedwuLk_3mNH6MhyJr6mP3RxHzmA	2026-02-23 02:45:01.260939+00	2026-02-24 02:45:01+00	4	6fb41beaf1944c519059ca6d33849993
120	eyJhbGciOiJIUzI1NiIsInR5cCI6IkpXVCJ9.eyJ0b2tlbl90eXBlIjoicmVmcmVzaCIsImV4cCI6MTc3MTkwMTY1NywiaWF0IjoxNzcxODE1MjU3LCJqdGkiOiJmZjlkN2U1N2I1ZDA0N2ZlYWQyN2M5NDQ5ZGMyYTMzZiIsInVzZXJfaWQiOjR9.OD0BRv0nFOGzvoBrDgVEDkMA-_-yxtjD87m7UnRKdzM	2026-02-23 02:54:17.255649+00	2026-02-24 02:54:17+00	4	ff9d7e57b5d047fead27c9449dc2a33f
121	eyJhbGciOiJIUzI1NiIsInR5cCI6IkpXVCJ9.eyJ0b2tlbl90eXBlIjoicmVmcmVzaCIsImV4cCI6MTc3MTkyMjUwMSwiaWF0IjoxNzcxODM2MTAxLCJqdGkiOiJjNzBkNDZlNzkwMGI0ZDdlODE4NzA4ZjI0Y2QwNGNkNSIsInVzZXJfaWQiOjJ9.-LTcpQ7sj0n4_PYNFVSWtOauSGEaEd-ORHXAX5AS_HM	2026-02-23 08:41:41.396811+00	2026-02-24 08:41:41+00	2	c70d46e7900b4d7e818708f24cd04cd5
122	eyJhbGciOiJIUzI1NiIsInR5cCI6IkpXVCJ9.eyJ0b2tlbl90eXBlIjoicmVmcmVzaCIsImV4cCI6MTc3MTkyNjQ2NCwiaWF0IjoxNzcxODQwMDY0LCJqdGkiOiJiMzVkZTY1YWMxYTU0Njk3YjBiYTYzMTZlMzhlMGE5MSIsInVzZXJfaWQiOjR9.6t6CZzdNExo5jgbqvvq2lKyt4uJGWJQTXsQDh_oimlw	2026-02-23 09:47:44.350089+00	2026-02-24 09:47:44+00	4	b35de65ac1a54697b0ba6316e38e0a91
123	eyJhbGciOiJIUzI1NiIsInR5cCI6IkpXVCJ9.eyJ0b2tlbl90eXBlIjoicmVmcmVzaCIsImV4cCI6MTc3MTkzMTUxNywiaWF0IjoxNzcxODQ1MTE3LCJqdGkiOiI1Y2VlMjA2NDU2MWM0NDM5YTYyNDhhZDQ2ODZmYTBhYSIsInVzZXJfaWQiOjJ9.qAFMN5hTldA3umiNhctq6ZJWAQ6CEK0QgqLdtK6IHUo	2026-02-23 11:11:57.548358+00	2026-02-24 11:11:57+00	2	5cee2064561c4439a6248ad4686fa0aa
124	eyJhbGciOiJIUzI1NiIsInR5cCI6IkpXVCJ9.eyJ0b2tlbl90eXBlIjoicmVmcmVzaCIsImV4cCI6MTc3MTkzMTYxNywiaWF0IjoxNzcxODQ1MjE3LCJqdGkiOiJkMDc0NDdmYWU5ODU0YzZkYTk3OGNjYTQ5YjZiMDljMSIsInVzZXJfaWQiOjJ9.3mNf9MkaUDq3caVYTYSCxGn9-j2zsbrmXemat2lZzYc	2026-02-23 11:13:37.009887+00	2026-02-24 11:13:37+00	2	d07447fae9854c6da978cca49b6b09c1
125	eyJhbGciOiJIUzI1NiIsInR5cCI6IkpXVCJ9.eyJ0b2tlbl90eXBlIjoicmVmcmVzaCIsImV4cCI6MTc3MTkzNDgxMCwiaWF0IjoxNzcxODQ4NDEwLCJqdGkiOiJmNTVmOWViZDIzZmQ0OWI0OTM1YjdmZDBmMzM4OTc4NSIsInVzZXJfaWQiOjJ9.Ws0hj2D--3fr2AC7zqkqsBsOQJpN2iZqkcY_cfCdawg	2026-02-23 12:06:50.146305+00	2026-02-24 12:06:50+00	2	f55f9ebd23fd49b4935b7fd0f3389785
126	eyJhbGciOiJIUzI1NiIsInR5cCI6IkpXVCJ9.eyJ0b2tlbl90eXBlIjoicmVmcmVzaCIsImV4cCI6MTc3MTkzNzY0NiwiaWF0IjoxNzcxODUxMjQ2LCJqdGkiOiI4MWZlMmZiNGY3Njk0M2ZlYWE2YTg2NDU4Mjk3ODg2MSIsInVzZXJfaWQiOjJ9.7ylxhhJt-InH5HIMzJAw3zARZBUebx7kb0VQF-ElsrQ	2026-02-23 12:54:06.694364+00	2026-02-24 12:54:06+00	2	81fe2fb4f76943feaa6a864582978861
127	eyJhbGciOiJIUzI1NiIsInR5cCI6IkpXVCJ9.eyJ0b2tlbl90eXBlIjoicmVmcmVzaCIsImV4cCI6MTc3MTk0MjY5NSwiaWF0IjoxNzcxODU2Mjk1LCJqdGkiOiI2Njg3MGZmODMzYjM0NDQ1YjNhMjY0ZTUyYzU5YzM4MSIsInVzZXJfaWQiOjJ9.h5IaAoB7zSIGpl_355QI_09JgCFrhKF4_f43z-X3020	2026-02-23 14:18:15.605064+00	2026-02-24 14:18:15+00	2	66870ff833b34445b3a264e52c59c381
128	eyJhbGciOiJIUzI1NiIsInR5cCI6IkpXVCJ9.eyJ0b2tlbl90eXBlIjoicmVmcmVzaCIsImV4cCI6MTc3MTk0Mjc3MCwiaWF0IjoxNzcxODU2MzcwLCJqdGkiOiI4MzlhYWM5OWJlODQ0YjVmODE4ZTU0YTgwNjc2MTg2ZCIsInVzZXJfaWQiOjJ9.7mBfs_rI2cEmeRPu9Xpu_S8LDMhrTqSbUXSYH39Xz9A	2026-02-23 14:19:30.572333+00	2026-02-24 14:19:30+00	2	839aac99be844b5f818e54a80676186d
129	eyJhbGciOiJIUzI1NiIsInR5cCI6IkpXVCJ9.eyJ0b2tlbl90eXBlIjoicmVmcmVzaCIsImV4cCI6MTc3MTk1MDI0NiwiaWF0IjoxNzcxODYzODQ2LCJqdGkiOiJmMDA2OWUzYWU1MzI0NDg4YmNmZmQ3ZWJkZWNhM2QwNiIsInVzZXJfaWQiOjJ9.ZbmNWxQ6XCgNFZtsztKMGz4oybdqJsaU4bGWZW4GIX8	2026-02-23 16:24:06.363028+00	2026-02-24 16:24:06+00	2	f0069e3ae5324488bcffd7ebdeca3d06
130	eyJhbGciOiJIUzI1NiIsInR5cCI6IkpXVCJ9.eyJ0b2tlbl90eXBlIjoicmVmcmVzaCIsImV4cCI6MTc3MTk1MTIyMCwiaWF0IjoxNzcxODY0ODIwLCJqdGkiOiI5ZjlhYjY1NGE5OWI0MjE2YjcyMzJkYzBiM2EyMTU0MyIsInVzZXJfaWQiOjJ9.IuW8SXub1uxbIXs8zj9h2hfzNKwveYOq55mY574Ls9o	2026-02-23 16:40:20.629964+00	2026-02-24 16:40:20+00	2	9f9ab654a99b4216b7232dc0b3a21543
131	eyJhbGciOiJIUzI1NiIsInR5cCI6IkpXVCJ9.eyJ0b2tlbl90eXBlIjoicmVmcmVzaCIsImV4cCI6MTc3MTk3MDUxMywiaWF0IjoxNzcxODg0MTEzLCJqdGkiOiI5MTI2OWQxM2E1Mzg0Mzg2ODA4ZTQ3NDNhMGRhY2Y2MyIsInVzZXJfaWQiOjJ9.F8m9tdWFIfbK6Psqq2KpekYci_M7OECz6PFWfTItm0M	2026-02-23 22:01:53.303503+00	2026-02-24 22:01:53+00	2	91269d13a5384386808e4743a0dacf63
132	eyJhbGciOiJIUzI1NiIsInR5cCI6IkpXVCJ9.eyJ0b2tlbl90eXBlIjoicmVmcmVzaCIsImV4cCI6MTc3MjAxODUzOCwiaWF0IjoxNzcxOTMyMTM4LCJqdGkiOiJkZGE3NjNhM2YxZjQ0ZmJlOTkxODM5ZjZiYWNkMmMwZCIsInVzZXJfaWQiOjJ9._eeRjJl-Qs0lhVl41z1Acm-8TMAdl7cKF8_DfxyWUwY	2026-02-24 11:22:18.61583+00	2026-02-25 11:22:18+00	2	dda763a3f1f44fbe991839f6bacd2c0d
133	eyJhbGciOiJIUzI1NiIsInR5cCI6IkpXVCJ9.eyJ0b2tlbl90eXBlIjoicmVmcmVzaCIsImV4cCI6MTc3MjAyMTgwNiwiaWF0IjoxNzcxOTM1NDA2LCJqdGkiOiJjYjMxMjcyNmEzMmI0YzkxYWVhY2I4ODQ3ODM2OTgwZSIsInVzZXJfaWQiOjJ9.Wb-yQNSTwecFxCEWzjOAjgY5f1xmPNV9vN_EvCKMwfg	2026-02-24 12:16:46.773431+00	2026-02-25 12:16:46+00	2	cb312726a32b4c91aeacb8847836980e
134	eyJhbGciOiJIUzI1NiIsInR5cCI6IkpXVCJ9.eyJ0b2tlbl90eXBlIjoicmVmcmVzaCIsImV4cCI6MTc3MjAzMjQyNSwiaWF0IjoxNzcxOTQ2MDI1LCJqdGkiOiI0YTAyNDFhYjhlODU0Yzk1YjllNGEyNWM3YWI3MDc2YSIsInVzZXJfaWQiOjJ9.CBeCOP7d_a7uGsndVzZVZOo8MpsiyQVO6GdeEC4sL9U	2026-02-24 15:13:45.316685+00	2026-02-25 15:13:45+00	2	4a0241ab8e854c95b9e4a25c7ab7076a
135	eyJhbGciOiJIUzI1NiIsInR5cCI6IkpXVCJ9.eyJ0b2tlbl90eXBlIjoicmVmcmVzaCIsImV4cCI6MTc3MjAzNzY3NiwiaWF0IjoxNzcxOTUxMjc2LCJqdGkiOiJlMzcyMjgzOTE3Y2Y0MDJlYjYwYzMwOTExMTA1MDFlNiIsInVzZXJfaWQiOjJ9.1FTB-HW6QPjlp-cVj8k_h_JGuqyOaZsU57fnuHk385Y	2026-02-24 16:41:16.495712+00	2026-02-25 16:41:16+00	2	e372283917cf402eb60c3091110501e6
136	eyJhbGciOiJIUzI1NiIsInR5cCI6IkpXVCJ9.eyJ0b2tlbl90eXBlIjoicmVmcmVzaCIsImV4cCI6MTc3MjA0MTYyNCwiaWF0IjoxNzcxOTU1MjI0LCJqdGkiOiJkNzNjNDgzODVlYjk0MzQ0YTc5ZWE5NDZlMTk2OTY1MyIsInVzZXJfaWQiOjJ9.R-fCJsFxOo7VNTZ3gCAFc-czFV4DxM6vV9LNTXBxDOY	2026-02-24 17:47:04.048202+00	2026-02-25 17:47:04+00	2	d73c48385eb94344a79ea946e1969653
137	eyJhbGciOiJIUzI1NiIsInR5cCI6IkpXVCJ9.eyJ0b2tlbl90eXBlIjoicmVmcmVzaCIsImV4cCI6MTc3MjA0NjY3MSwiaWF0IjoxNzcxOTYwMjcxLCJqdGkiOiIxZWEyMzI2ZDliMDM0OGRhYTY4Zjg0Mzc5YWRlNjc4YSIsInVzZXJfaWQiOjJ9.Vtt7jEAAQWgVJvUumr5AX0xetqeFgvd09udQPGsVos0	2026-02-24 19:11:11.993712+00	2026-02-25 19:11:11+00	2	1ea2326d9b0348daa68f84379ade678a
138	eyJhbGciOiJIUzI1NiIsInR5cCI6IkpXVCJ9.eyJ0b2tlbl90eXBlIjoicmVmcmVzaCIsImV4cCI6MTc3MjA1MzM1MSwiaWF0IjoxNzcxOTY2OTUxLCJqdGkiOiIzMGM0ZjZkMDBhMDA0ODUzOTAzYWNiYzRkNDU5NzY2OSIsInVzZXJfaWQiOjJ9.r4vQ_WoAW5T5u6ACQv---sXWd0F9LQy8A8mL39khriw	2026-02-24 21:02:31.138973+00	2026-02-25 21:02:31+00	2	30c4f6d00a004853903acbc4d4597669
139	eyJhbGciOiJIUzI1NiIsInR5cCI6IkpXVCJ9.eyJ0b2tlbl90eXBlIjoicmVmcmVzaCIsImV4cCI6MTc3MjA1ODE0OSwiaWF0IjoxNzcxOTcxNzQ5LCJqdGkiOiI5YjdiZDFhMTkyM2Q0N2VlOTc2MTQ5NGZhZGZiYjU1YyIsInVzZXJfaWQiOjJ9._nMqtFEIg3tfR4TaUM6xllbORBELj1f8uik0ZlLHl-0	2026-02-24 22:22:29.871706+00	2026-02-25 22:22:29+00	2	9b7bd1a1923d47ee9761494fadfbb55c
140	eyJhbGciOiJIUzI1NiIsInR5cCI6IkpXVCJ9.eyJ0b2tlbl90eXBlIjoicmVmcmVzaCIsImV4cCI6MTc3MjA1OTk1OCwiaWF0IjoxNzcxOTczNTU4LCJqdGkiOiI5NjQ4N2M2YmNjYTU0ZmY4OGM0MjI2MzcwMjkxOGM4MiIsInVzZXJfaWQiOjR9.3SCnyglWYBrhls2mt6H7Q5yivDwqz6gamfRxQWee7gs	2026-02-24 22:52:38.468109+00	2026-02-25 22:52:38+00	4	96487c6bcca54ff88c42263702918c82
141	eyJhbGciOiJIUzI1NiIsInR5cCI6IkpXVCJ9.eyJ0b2tlbl90eXBlIjoicmVmcmVzaCIsImV4cCI6MTc3MjA2MDgzNCwiaWF0IjoxNzcxOTc0NDM0LCJqdGkiOiI5YTdkYTI5ZjlmMzY0NDAzYjc2MzNhZDE3MmVjMWNhNSIsInVzZXJfaWQiOjR9.EwYrJPBZagWgOi0T6CpHJvD0YoK1_SJBuK1uYrgtKDU	2026-02-24 23:07:14.570576+00	2026-02-25 23:07:14+00	4	9a7da29f9f364403b7633ad172ec1ca5
142	eyJhbGciOiJIUzI1NiIsInR5cCI6IkpXVCJ9.eyJ0b2tlbl90eXBlIjoicmVmcmVzaCIsImV4cCI6MTc3MjA2MTA2NiwiaWF0IjoxNzcxOTc0NjY2LCJqdGkiOiJiMmI3ZmE0NTcyOTQ0YzkzODBmMTI4ZjJiZGY1MjBiMiIsInVzZXJfaWQiOjR9.WLIzU4qYtZ1TY99wy5jGADEKGzCV3SF2qCImUv9dPIc	2026-02-24 23:11:06.166494+00	2026-02-25 23:11:06+00	4	b2b7fa4572944c9380f128f2bdf520b2
143	eyJhbGciOiJIUzI1NiIsInR5cCI6IkpXVCJ9.eyJ0b2tlbl90eXBlIjoicmVmcmVzaCIsImV4cCI6MTc3MjA2NTA0MSwiaWF0IjoxNzcxOTc4NjQxLCJqdGkiOiI1MWY0MDNmNWNlMzI0NjQ3YmIxMGJiMThjNDM5MDUwZCIsInVzZXJfaWQiOjR9.-zbcxClR8XkSbb8zVKmQJ4mgvjV3VZaUnfPvw5XUlUc	2026-02-25 00:17:21.509673+00	2026-02-26 00:17:21+00	4	51f403f5ce324647bb10bb18c439050d
144	eyJhbGciOiJIUzI1NiIsInR5cCI6IkpXVCJ9.eyJ0b2tlbl90eXBlIjoicmVmcmVzaCIsImV4cCI6MTc3MjA2OTQyMSwiaWF0IjoxNzcxOTgzMDIxLCJqdGkiOiI5NTQ0N2RjNjhjZTA0MTgxYTAzZGZkMDAyMDQ1NWUwMSIsInVzZXJfaWQiOjR9.WrHn5bHPssNeGF1u_2pRplpC_CgZ3cNTsQSxAErG5DM	2026-02-25 01:30:21.534839+00	2026-02-26 01:30:21+00	4	95447dc68ce04181a03dfd0020455e01
145	eyJhbGciOiJIUzI1NiIsInR5cCI6IkpXVCJ9.eyJ0b2tlbl90eXBlIjoicmVmcmVzaCIsImV4cCI6MTc3MjA3NTAyMiwiaWF0IjoxNzcxOTg4NjIyLCJqdGkiOiI5ODNjNmU3MDYzZGE0MTg3OGY1ODEwNWE2ZTY5ODgwYyIsInVzZXJfaWQiOjR9.x7uUekMdENuDukP6yP_KLv1pCneu3355WV2GMmg2QeI	2026-02-25 03:03:42.795225+00	2026-02-26 03:03:42+00	4	983c6e7063da41878f58105a6e69880c
146	eyJhbGciOiJIUzI1NiIsInR5cCI6IkpXVCJ9.eyJ0b2tlbl90eXBlIjoicmVmcmVzaCIsImV4cCI6MTc3MjA3NTA2NywiaWF0IjoxNzcxOTg4NjY3LCJqdGkiOiI0MzlhNDY4NTUyMWQ0MGIyODY4YmJjM2I2MzFlOTIwMCIsInVzZXJfaWQiOjR9.Ks781lRpCXYzDtrU7QsbbM5-kpRZNxgTNv9sTrIarpw	2026-02-25 03:04:27.558852+00	2026-02-26 03:04:27+00	4	439a4685521d40b2868bbc3b631e9200
147	eyJhbGciOiJIUzI1NiIsInR5cCI6IkpXVCJ9.eyJ0b2tlbl90eXBlIjoicmVmcmVzaCIsImV4cCI6MTc3MjA3NTMxNiwiaWF0IjoxNzcxOTg4OTE2LCJqdGkiOiIxNThhZjFhYmE4NTE0YjEzYTUxNzI4OTQ5YTM5YjBkMiIsInVzZXJfaWQiOjR9.QOC0W2XYCcFQn2Ym02dAHQYqD2pu1g-J9c18tdqT3VM	2026-02-25 03:08:36.924093+00	2026-02-26 03:08:36+00	4	158af1aba8514b13a51728949a39b0d2
148	eyJhbGciOiJIUzI1NiIsInR5cCI6IkpXVCJ9.eyJ0b2tlbl90eXBlIjoicmVmcmVzaCIsImV4cCI6MTc3MjA3NTgyMSwiaWF0IjoxNzcxOTg5NDIxLCJqdGkiOiIxYjY4YjMyNTE4NTg0OTM4OWQ2YjYwYzFiYWVjODA0OCIsInVzZXJfaWQiOjR9.56vmXsIit1-lEpiBI2hZGFgl5t_PSGvLAtJmsEcPS48	2026-02-25 03:17:01.225386+00	2026-02-26 03:17:01+00	4	1b68b325185849389d6b60c1baec8048
149	eyJhbGciOiJIUzI1NiIsInR5cCI6IkpXVCJ9.eyJ0b2tlbl90eXBlIjoicmVmcmVzaCIsImV4cCI6MTc3MjA4NDczNCwiaWF0IjoxNzcxOTk4MzM0LCJqdGkiOiJhOGNkNDdjN2Q2M2U0Y2RhODI3NDQ1MGU2ZGJiNmJiMSIsInVzZXJfaWQiOjJ9.bxRr-Ed8gojDNWoFhXyG9OuAxRx1GbLTPtodOffpxkE	2026-02-25 05:45:34.091017+00	2026-02-26 05:45:34+00	2	a8cd47c7d63e4cda8274450e6dbb6bb1
150	eyJhbGciOiJIUzI1NiIsInR5cCI6IkpXVCJ9.eyJ0b2tlbl90eXBlIjoicmVmcmVzaCIsImV4cCI6MTc3MjA5MDE4MiwiaWF0IjoxNzcyMDAzNzgyLCJqdGkiOiI3YThhODRmYmVkYTY0NjZiOTBkZjVmMDlhZmNlZTM3YSIsInVzZXJfaWQiOjJ9.Dmf2kIxdD1toRPFOelkR2TJvsTtfeT0U2FJxFLwu47o	2026-02-25 07:16:22.940513+00	2026-02-26 07:16:22+00	2	7a8a84fbeda6466b90df5f09afcee37a
151	eyJhbGciOiJIUzI1NiIsInR5cCI6IkpXVCJ9.eyJ0b2tlbl90eXBlIjoicmVmcmVzaCIsImV4cCI6MTc3MjEwNTk2MCwiaWF0IjoxNzcyMDE5NTYwLCJqdGkiOiI5YzYwZGJkNGI1OTU0ODIxYjQzMTU2OTg1ZTVlNjE4NSIsInVzZXJfaWQiOjJ9.wgRbgEq7jsp03PIjuDcUuHDPy5VlAL1rrgi85bV6dx4	2026-02-25 11:39:20.520243+00	2026-02-26 11:39:20+00	2	9c60dbd4b5954821b43156985e5e6185
152	eyJhbGciOiJIUzI1NiIsInR5cCI6IkpXVCJ9.eyJ0b2tlbl90eXBlIjoicmVmcmVzaCIsImV4cCI6MTc3MjExNDIzMSwiaWF0IjoxNzcyMDI3ODMxLCJqdGkiOiJjYTllZTUxYjcwNDA0Yzc0YjBmMTczYjcwODI3M2QwNSIsInVzZXJfaWQiOjR9.1YcQqyxB7pb3_95do4gtE1kbaJg-AoJMH2ExtblYUYI	2026-02-25 13:57:11.742482+00	2026-02-26 13:57:11+00	4	ca9ee51b70404c74b0f173b708273d05
153	eyJhbGciOiJIUzI1NiIsInR5cCI6IkpXVCJ9.eyJ0b2tlbl90eXBlIjoicmVmcmVzaCIsImV4cCI6MTc3MjEzOTMxMywiaWF0IjoxNzcyMDUyOTEzLCJqdGkiOiJmZjNkNjNmMDMwNWE0NDAxOWY4NzcyNjcwNzY2M2UyMyIsInVzZXJfaWQiOjJ9.82HTmetAEO0m4Pvm02DcF0q7vXGWCCv8FS2w2O_xHn4	2026-02-25 20:55:13.272066+00	2026-02-26 20:55:13+00	2	ff3d63f0305a44019f87726707663e23
154	eyJhbGciOiJIUzI1NiIsInR5cCI6IkpXVCJ9.eyJ0b2tlbl90eXBlIjoicmVmcmVzaCIsImV4cCI6MTc3MjEzOTk0NCwiaWF0IjoxNzcyMDUzNTQ0LCJqdGkiOiJhM2UyNjE1ZmE0ZWQ0NDBmOTc3NzIyNmUyNzhmMWYwYSIsInVzZXJfaWQiOjR9.FO1AoyS1uoMaxtbY2Poy4joPB2FgE85mgYa19OhdPis	2026-02-25 21:05:44.491794+00	2026-02-26 21:05:44+00	4	a3e2615fa4ed440f9777226e278f1f0a
155	eyJhbGciOiJIUzI1NiIsInR5cCI6IkpXVCJ9.eyJ0b2tlbl90eXBlIjoicmVmcmVzaCIsImV4cCI6MTc3MjE0NjQwNiwiaWF0IjoxNzcyMDYwMDA2LCJqdGkiOiI5YTNmMzU4MWZmYjM0MWUyYWU2YTkzNzdkNjcxNzI0MSIsInVzZXJfaWQiOjJ9.-o1Z3boOnkTGG2_509UYpU9w5hSfJKSHe_5VLmivfSs	2026-02-25 22:53:26.753771+00	2026-02-26 22:53:26+00	2	9a3f3581ffb341e2ae6a9377d6717241
156	eyJhbGciOiJIUzI1NiIsInR5cCI6IkpXVCJ9.eyJ0b2tlbl90eXBlIjoicmVmcmVzaCIsImV4cCI6MTc3MjE1ODQxMywiaWF0IjoxNzcyMDcyMDEzLCJqdGkiOiI4MzBkMDkxM2QxNTA0MWQ3YTVlNDM1NDI2OTYyYWNlMCIsInVzZXJfaWQiOjR9.Z2ZgVUii2GuKcUZjFsXZqGnwnA6nNbefBOzF51F5-M4	2026-02-26 02:13:33.617013+00	2026-02-27 02:13:33+00	4	830d0913d15041d7a5e435426962ace0
157	eyJhbGciOiJIUzI1NiIsInR5cCI6IkpXVCJ9.eyJ0b2tlbl90eXBlIjoicmVmcmVzaCIsImV4cCI6MTc3MjE1OTk2MywiaWF0IjoxNzcyMDczNTYzLCJqdGkiOiJmYjE5ZmNjOWNhOTM0ZWI3YjNmNWVhOTQ3MWU4MmFmMSIsInVzZXJfaWQiOjR9.Fl3vG_xERtTdiyP5N-34HrXE4iMHzFnQDGoXeo3GlsQ	2026-02-26 02:39:23.169361+00	2026-02-27 02:39:23+00	4	fb19fcc9ca934eb7b3f5ea9471e82af1
159	eyJhbGciOiJIUzI1NiIsInR5cCI6IkpXVCJ9.eyJ0b2tlbl90eXBlIjoicmVmcmVzaCIsImV4cCI6MTc3MjE2MTc2OCwiaWF0IjoxNzcyMDc1MzY4LCJqdGkiOiJjMzJjNGUzNGYxOTA0YWMxYjQzMTc0NzI3OGNlNzRjMiIsInVzZXJfaWQiOjR9.8qtzEmoAsItgLKhxnbC2Wgh2HUgH1BzUW-EvQYAauwY	2026-02-26 03:09:28.417215+00	2026-02-27 03:09:28+00	4	c32c4e34f1904ac1b431747278ce74c2
160	eyJhbGciOiJIUzI1NiIsInR5cCI6IkpXVCJ9.eyJ0b2tlbl90eXBlIjoicmVmcmVzaCIsImV4cCI6MTc3MjE2Mjk4MiwiaWF0IjoxNzcyMDc2NTgyLCJqdGkiOiIzMDQ4ZWE3NmUyOGM0ZWU0OWZmZWI3M2M1NDQ1MTM5ZSIsInVzZXJfaWQiOjR9.kPPHYUIvxwq65_0ypq1NVPGOwwO-RzynEYeh19i4NWw	2026-02-26 03:29:42.703756+00	2026-02-27 03:29:42+00	4	3048ea76e28c4ee49ffeb73c5445139e
161	eyJhbGciOiJIUzI1NiIsInR5cCI6IkpXVCJ9.eyJ0b2tlbl90eXBlIjoicmVmcmVzaCIsImV4cCI6MTc3MjE2NDQ3NiwiaWF0IjoxNzcyMDc4MDc2LCJqdGkiOiIyMWRmMTA4MDhiYzk0M2YzOWM2Njg1YmZjZjhhYmQ0MSIsInVzZXJfaWQiOjR9.ZThevsi0zxvGJ6cHmhDRK3RHAZri0p9kid6vLzDi1r0	2026-02-26 03:54:36.243651+00	2026-02-27 03:54:36+00	4	21df10808bc943f39c6685bfcf8abd41
162	eyJhbGciOiJIUzI1NiIsInR5cCI6IkpXVCJ9.eyJ0b2tlbl90eXBlIjoicmVmcmVzaCIsImV4cCI6MTc3MjE3NTUwNiwiaWF0IjoxNzcyMDg5MTA2LCJqdGkiOiJjODcwYmJmMmNmMmI0NzE0YTU0N2VkMTZlMGRjNjU5NCIsInVzZXJfaWQiOjJ9.WGXA-GCNkZU3iGB_fKVbzLHHW9EvEOM2bnDsU9eoVrw	2026-02-26 06:58:26.71454+00	2026-02-27 06:58:26+00	2	c870bbf2cf2b4714a547ed16e0dc6594
163	eyJhbGciOiJIUzI1NiIsInR5cCI6IkpXVCJ9.eyJ0b2tlbl90eXBlIjoicmVmcmVzaCIsImV4cCI6MTc3MjE3NTU4MSwiaWF0IjoxNzcyMDg5MTgxLCJqdGkiOiI3NDJkMzI1Yzc4NjI0ZDM0ODc4ZGMwYjJiOTdiNThjZiIsInVzZXJfaWQiOjJ9.9l4CQR0XzLtDq7AKFsEnzEtfD2J1-IWF1HNF6vy-AW4	2026-02-26 06:59:41.132902+00	2026-02-27 06:59:41+00	2	742d325c78624d34878dc0b2b97b58cf
164	eyJhbGciOiJIUzI1NiIsInR5cCI6IkpXVCJ9.eyJ0b2tlbl90eXBlIjoicmVmcmVzaCIsImV4cCI6MTc3MjE3Njg5NywiaWF0IjoxNzcyMDkwNDk3LCJqdGkiOiI0ZDY4NTJiZTNhMTM0ODg3ODNjOWQyYWIzNzhlYzViMSIsInVzZXJfaWQiOjJ9.jF6mH57VHBMubdB5krgLdJ5i3WSid9RYR_F8MmDFDvg	2026-02-26 07:21:37.780182+00	2026-02-27 07:21:37+00	2	4d6852be3a13488783c9d2ab378ec5b1
165	eyJhbGciOiJIUzI1NiIsInR5cCI6IkpXVCJ9.eyJ0b2tlbl90eXBlIjoicmVmcmVzaCIsImV4cCI6MTc3MjE4MjEwMSwiaWF0IjoxNzcyMDk1NzAxLCJqdGkiOiIzNzc1OTU3MDM1MjQ0YjlhYTViMDAzZjY3Y2YxOGQxOSIsInVzZXJfaWQiOjJ9.zJxPRenCYYLPeDnn7LMisWu0UE-JYACJXFW82npo7Tk	2026-02-26 08:48:21.491488+00	2026-02-27 08:48:21+00	2	3775957035244b9aa5b003f67cf18d19
166	eyJhbGciOiJIUzI1NiIsInR5cCI6IkpXVCJ9.eyJ0b2tlbl90eXBlIjoicmVmcmVzaCIsImV4cCI6MTc3MjE4MjY4NywiaWF0IjoxNzcyMDk2Mjg3LCJqdGkiOiIwMWQ1MTFiOTM2ZmE0MzM3ODRhOGE1OTZjZGM1OTFhNyIsInVzZXJfaWQiOjR9.jzTCOeLl5OmwDqO_hGiBqqmCzdsDbhLNUt_1lzQoA7I	2026-02-26 08:58:07.030863+00	2026-02-27 08:58:07+00	4	01d511b936fa433784a8a596cdc591a7
167	eyJhbGciOiJIUzI1NiIsInR5cCI6IkpXVCJ9.eyJ0b2tlbl90eXBlIjoicmVmcmVzaCIsImV4cCI6MTc3MjE4MzEzOCwiaWF0IjoxNzcyMDk2NzM4LCJqdGkiOiI4ZTc0ZGY5NDk3YmM0NzZiYjgxNzhmMzhjMWZkZGQyZiIsInVzZXJfaWQiOjJ9.nW0sRhZTxOCgFLRz83MaSeMQXSBx0aum9B3Qr5_fgOs	2026-02-26 09:05:38.133157+00	2026-02-27 09:05:38+00	2	8e74df9497bc476bb8178f38c1fddd2f
168	eyJhbGciOiJIUzI1NiIsInR5cCI6IkpXVCJ9.eyJ0b2tlbl90eXBlIjoicmVmcmVzaCIsImV4cCI6MTc3MjE4MzE3MywiaWF0IjoxNzcyMDk2NzczLCJqdGkiOiJhMjNlODkyNGVlMDM0NTVmODI1ZTQ1YjdiNzU1ODNmNyIsInVzZXJfaWQiOjJ9.Icd9MkaeB9_AOh9NViSoh8Bh9-fqju7ExbyXZdxQuEM	2026-02-26 09:06:13.068689+00	2026-02-27 09:06:13+00	2	a23e8924ee03455f825e45b7b75583f7
169	eyJhbGciOiJIUzI1NiIsInR5cCI6IkpXVCJ9.eyJ0b2tlbl90eXBlIjoicmVmcmVzaCIsImV4cCI6MTc3MjE4MzM3NCwiaWF0IjoxNzcyMDk2OTc0LCJqdGkiOiJkYzdmMDNiODIxMDI0YjAwYTE2Yjc1M2YxMmVkNTJjMCIsInVzZXJfaWQiOjJ9.E7j37cErzf3y20fMEw7MqBdfRLgWavdh1340zsD7imY	2026-02-26 09:09:34.133803+00	2026-02-27 09:09:34+00	2	dc7f03b821024b00a16b753f12ed52c0
170	eyJhbGciOiJIUzI1NiIsInR5cCI6IkpXVCJ9.eyJ0b2tlbl90eXBlIjoicmVmcmVzaCIsImV4cCI6MTc3MjE4MzgzMywiaWF0IjoxNzcyMDk3NDMzLCJqdGkiOiJhODVmNDNhOThlYTQ0YTBiYTY2NmFlYTEyNzU0MzFlZSIsInVzZXJfaWQiOjR9.xo-zVYIcoqOjibaEFvD5vD8R4ODAra6mSOWU3Axl3cs	2026-02-26 09:17:13.766562+00	2026-02-27 09:17:13+00	4	a85f43a98ea44a0ba666aea1275431ee
171	eyJhbGciOiJIUzI1NiIsInR5cCI6IkpXVCJ9.eyJ0b2tlbl90eXBlIjoicmVmcmVzaCIsImV4cCI6MTc3MjE4NDQwOSwiaWF0IjoxNzcyMDk4MDA5LCJqdGkiOiI0ZTA0OGEzNzRjNWQ0M2U1YjEzYzM3OWUwOGI4Mjc0YyIsInVzZXJfaWQiOjR9.pjittz5izpfhCVecjELi1Hy3Q-mG0IYX9hHwGG1Auvg	2026-02-26 09:26:49.920502+00	2026-02-27 09:26:49+00	4	4e048a374c5d43e5b13c379e08b8274c
172	eyJhbGciOiJIUzI1NiIsInR5cCI6IkpXVCJ9.eyJ0b2tlbl90eXBlIjoicmVmcmVzaCIsImV4cCI6MTc3MjE4NTA3NSwiaWF0IjoxNzcyMDk4Njc1LCJqdGkiOiJjMjVmZGFmZmRjYjY0N2Q4YWI2YzYwMDIzYjRhNjRmYiIsInVzZXJfaWQiOjR9.S6TINYuOdMlGRv3KquICK8OoHmBRdH1z1C95xqgM2lo	2026-02-26 09:37:55.872486+00	2026-02-27 09:37:55+00	4	c25fdaffdcb647d8ab6c60023b4a64fb
173	eyJhbGciOiJIUzI1NiIsInR5cCI6IkpXVCJ9.eyJ0b2tlbl90eXBlIjoicmVmcmVzaCIsImV4cCI6MTc3MjE4NTcxNiwiaWF0IjoxNzcyMDk5MzE2LCJqdGkiOiIzYjExNjRmYmE0NWY0YjM1ODM0OTNjZjJlMzY1NmRkOSIsInVzZXJfaWQiOjR9.8OIskzIsQjvaciMTHGp_K8zFARhE5SW3dKdmSoKfH6g	2026-02-26 09:48:36.668617+00	2026-02-27 09:48:36+00	4	3b1164fba45f4b3583493cf2e3656dd9
174	eyJhbGciOiJIUzI1NiIsInR5cCI6IkpXVCJ9.eyJ0b2tlbl90eXBlIjoicmVmcmVzaCIsImV4cCI6MTc3MjE4NTcyMywiaWF0IjoxNzcyMDk5MzIzLCJqdGkiOiI5OWNkZDg2ODUzY2E0Y2E5YjNiZTBiMDdiYzM1MWFmMSIsInVzZXJfaWQiOjR9.gGdFkUd78ixaACdkmNecVuAJXE9GHNM5Okc0wZOTHOw	2026-02-26 09:48:43.369699+00	2026-02-27 09:48:43+00	4	99cdd86853ca4ca9b3be0b07bc351af1
175	eyJhbGciOiJIUzI1NiIsInR5cCI6IkpXVCJ9.eyJ0b2tlbl90eXBlIjoicmVmcmVzaCIsImV4cCI6MTc3MjE4NTcyNSwiaWF0IjoxNzcyMDk5MzI1LCJqdGkiOiJhYWM3ODgwMDk2MWE0ZTc4OGFiYTQwYzQyMmY0ZGZiYyIsInVzZXJfaWQiOjR9.vXcwU-D9EBtwgYGLh3OPZQvvmm07jaWBttNpWBQvhN8	2026-02-26 09:48:45.367176+00	2026-02-27 09:48:45+00	4	aac78800961a4e788aba40c422f4dfbc
176	eyJhbGciOiJIUzI1NiIsInR5cCI6IkpXVCJ9.eyJ0b2tlbl90eXBlIjoicmVmcmVzaCIsImV4cCI6MTc3MjE4NTczMCwiaWF0IjoxNzcyMDk5MzMwLCJqdGkiOiIwOTM3ZDgzMzY2OWI0ZGIyOWM4OWE4ZmRmYWY5M2IyZiIsInVzZXJfaWQiOjR9.X_iS7BPI56cOxA_wHTw2qVrny7AgDE2b7hnUu3-7Z1o	2026-02-26 09:48:50.1147+00	2026-02-27 09:48:50+00	4	0937d833669b4db29c89a8fdfaf93b2f
177	eyJhbGciOiJIUzI1NiIsInR5cCI6IkpXVCJ9.eyJ0b2tlbl90eXBlIjoicmVmcmVzaCIsImV4cCI6MTc3MjE4OTU3MSwiaWF0IjoxNzcyMTAzMTcxLCJqdGkiOiJlNDYyMjY1ZTIxOWQ0MDEwYmQ0MzRlOTk5MDAxNmZlMyIsInVzZXJfaWQiOjJ9.7uFt94OkELNGTyopedlsX7JjwWGqvXXKbce1btZXrUI	2026-02-26 10:52:51.451977+00	2026-02-27 10:52:51+00	2	e462265e219d4010bd434e9990016fe3
178	eyJhbGciOiJIUzI1NiIsInR5cCI6IkpXVCJ9.eyJ0b2tlbl90eXBlIjoicmVmcmVzaCIsImV4cCI6MTc3MjE5MDkyNSwiaWF0IjoxNzcyMTA0NTI1LCJqdGkiOiJmN2ZiMGQ2Zjk5NTQ0ODUwOGMyMjExNjRhZDY4YzFlMyIsInVzZXJfaWQiOjJ9.8leNNdVsz5T_xWyI5Z8CUoFSC1_Xqb9JEalucr4yXzE	2026-02-26 11:15:25.789563+00	2026-02-27 11:15:25+00	2	f7fb0d6f995448508c221164ad68c1e3
179	eyJhbGciOiJIUzI1NiIsInR5cCI6IkpXVCJ9.eyJ0b2tlbl90eXBlIjoicmVmcmVzaCIsImV4cCI6MTc3MjIxNDk4MCwiaWF0IjoxNzcyMTI4NTgwLCJqdGkiOiJiZjVhZWY4MmI4OGI0YjEzYWYyMTk3MTBjOTY5NmQ0OCIsInVzZXJfaWQiOjJ9.M2wggg-E2wqt3tpuk4I_Yv96YYQHi6x6tGS5xytEN2E	2026-02-26 17:56:20.870316+00	2026-02-27 17:56:20+00	2	bf5aef82b88b4b13af219710c9696d48
180	eyJhbGciOiJIUzI1NiIsInR5cCI6IkpXVCJ9.eyJ0b2tlbl90eXBlIjoicmVmcmVzaCIsImV4cCI6MTc3MjIxOTE2OSwiaWF0IjoxNzcyMTMyNzY5LCJqdGkiOiIxOWU5ZGI2MzM0OTg0MjJmOTg3MzQ0OGI0NDU0ZmQwOSIsInVzZXJfaWQiOjJ9.9jIncv1cDI2cmEzQQbNnjndmwnKv2hWvN33xVgcxEuY	2026-02-26 19:06:09.886954+00	2026-02-27 19:06:09+00	2	19e9db633498422f9873448b4454fd09
181	eyJhbGciOiJIUzI1NiIsInR5cCI6IkpXVCJ9.eyJ0b2tlbl90eXBlIjoicmVmcmVzaCIsImV4cCI6MTc3MjIxOTM3OSwiaWF0IjoxNzcyMTMyOTc5LCJqdGkiOiIwZTBlM2YyZDQ2MWM0MWMxOGIwZWM2MDU0NjY2OGI5ZiIsInVzZXJfaWQiOjJ9.hP04dHaVTc90SjDZHx5ptDIZOJlw--7yyPyCIT9M9s4	2026-02-26 19:09:39.182351+00	2026-02-27 19:09:39+00	2	0e0e3f2d461c41c18b0ec60546668b9f
182	eyJhbGciOiJIUzI1NiIsInR5cCI6IkpXVCJ9.eyJ0b2tlbl90eXBlIjoicmVmcmVzaCIsImV4cCI6MTc3MjIxOTQ2MiwiaWF0IjoxNzcyMTMzMDYyLCJqdGkiOiJhMzY0NGFlNjExZTI0YTM4YWJjOTg5NDNmYzA5YzViZiIsInVzZXJfaWQiOjJ9.iwOq8T1ZBvTlVu1m_jJ-lYyEIreS5oCX_SZmdxMHASo	2026-02-26 19:11:02.960738+00	2026-02-27 19:11:02+00	2	a3644ae611e24a38abc98943fc09c5bf
183	eyJhbGciOiJIUzI1NiIsInR5cCI6IkpXVCJ9.eyJ0b2tlbl90eXBlIjoicmVmcmVzaCIsImV4cCI6MTc3MjIyMDg3OCwiaWF0IjoxNzcyMTM0NDc4LCJqdGkiOiI1YzRmYThiY2VjNmE0YzMxOTc1YjZmMmVlYjcyODJmMCIsInVzZXJfaWQiOjR9.Gg1zEaZLk8XXRBWegBN_n2cTCp-2ehdNQykyf9qK-WQ	2026-02-26 19:34:38.341559+00	2026-02-27 19:34:38+00	4	5c4fa8bcec6a4c31975b6f2eeb7282f0
184	eyJhbGciOiJIUzI1NiIsInR5cCI6IkpXVCJ9.eyJ0b2tlbl90eXBlIjoicmVmcmVzaCIsImV4cCI6MTc3MjIyOTI1MSwiaWF0IjoxNzcyMTQyODUxLCJqdGkiOiJkZmFiZDhhZmZjMTU0Y2I3Yjc2YzZlYTliMTY0YWYxNiIsInVzZXJfaWQiOjJ9.766oV9SRYtF9os9d62kyBhcyED8tCdO1jtAG-VVQFbw	2026-02-26 21:54:11.311672+00	2026-02-27 21:54:11+00	2	dfabd8affc154cb7b76c6ea9b164af16
185	eyJhbGciOiJIUzI1NiIsInR5cCI6IkpXVCJ9.eyJ0b2tlbl90eXBlIjoicmVmcmVzaCIsImV4cCI6MTc3MjI2NjA3MiwiaWF0IjoxNzcyMTc5NjcyLCJqdGkiOiI5MDA1YjVhZjgyODc0ZGFhYjExYTgwNWEwMTU1YmZkNSIsInVzZXJfaWQiOjJ9.Ve5bxuyW5xCniRkEWvA3UuKGezMY0BmZI2nEs5VR8SA	2026-02-27 08:07:52.639496+00	2026-02-28 08:07:52+00	2	9005b5af82874daab11a805a0155bfd5
186	eyJhbGciOiJIUzI1NiIsInR5cCI6IkpXVCJ9.eyJ0b2tlbl90eXBlIjoicmVmcmVzaCIsImV4cCI6MTc3MjI3MjM3MywiaWF0IjoxNzcyMTg1OTczLCJqdGkiOiI1ZGYyNmJjODBjZjI0MjRjYWQ5NzViMjIwZjMwNzFmNiIsInVzZXJfaWQiOjJ9.lFCFi062tmsCOkvCKFfJxvGGXrPTTyBfnCwHKrcnr9c	2026-02-27 09:52:53.276077+00	2026-02-28 09:52:53+00	2	5df26bc80cf2424cad975b220f3071f6
187	eyJhbGciOiJIUzI1NiIsInR5cCI6IkpXVCJ9.eyJ0b2tlbl90eXBlIjoicmVmcmVzaCIsImV4cCI6MTc3MjI4MDQ3NSwiaWF0IjoxNzcyMTk0MDc1LCJqdGkiOiJhNzM3OTFiY2FiZmM0ZWRkOWIzNDMyMWIyY2Y4MWNmYSIsInVzZXJfaWQiOjJ9.RxlQWpvhpxibQTjdJGcHKu3nEGQM2urN9qrahXa7DkY	2026-02-27 12:07:55.097735+00	2026-02-28 12:07:55+00	2	a73791bcabfc4edd9b34321b2cf81cfa
188	eyJhbGciOiJIUzI1NiIsInR5cCI6IkpXVCJ9.eyJ0b2tlbl90eXBlIjoicmVmcmVzaCIsImV4cCI6MTc3MjMxMjQ0NCwiaWF0IjoxNzcyMjI2MDQ0LCJqdGkiOiI3YmExOGYzNjVjZGI0NzdiYjkwMWMwOWIwMDY2N2Q3NiIsInVzZXJfaWQiOjJ9.KmGex1SRMjBxpRoimn9z6S4OadWJqJXW1YVFIubwe9Q	2026-02-27 21:00:44.606175+00	2026-02-28 21:00:44+00	2	7ba18f365cdb477bb901c09b00667d76
189	eyJhbGciOiJIUzI1NiIsInR5cCI6IkpXVCJ9.eyJ0b2tlbl90eXBlIjoicmVmcmVzaCIsImV4cCI6MTc3MjM1MjU4OCwiaWF0IjoxNzcyMjY2MTg4LCJqdGkiOiI3YTlmZTE3NThkMjk0OTE2OTQzNDMyZjRmMjE1YjIzZSIsInVzZXJfaWQiOjJ9.wTW03jXkC49U-w2VoIkR_GvlgWBYrqfyA1vOouHVUvs	2026-02-28 08:09:48.739754+00	2026-03-01 08:09:48+00	2	7a9fe1758d294916943432f4f215b23e
190	eyJhbGciOiJIUzI1NiIsInR5cCI6IkpXVCJ9.eyJ0b2tlbl90eXBlIjoicmVmcmVzaCIsImV4cCI6MTc3MjM5MDM2MiwiaWF0IjoxNzcyMzAzOTYyLCJqdGkiOiJkM2YyYTM0YmViOWY0Y2Q1ODViNDI2MjY2ODlhYmZiYyIsInVzZXJfaWQiOjR9.lCAMjtHgp9OZqaP2k8TDJM-6ov_iy8RGj1I1kzaQljk	2026-02-28 18:39:22.635127+00	2026-03-01 18:39:22+00	4	d3f2a34beb9f4cd585b42626689abfbc
191	eyJhbGciOiJIUzI1NiIsInR5cCI6IkpXVCJ9.eyJ0b2tlbl90eXBlIjoicmVmcmVzaCIsImV4cCI6MTc3MjM5MzA4MiwiaWF0IjoxNzcyMzA2NjgyLCJqdGkiOiJmN2E5YTk1MWRkNzU0OTU1YTJiODM3MGYzNGY5YmIwNiIsInVzZXJfaWQiOjR9.x3SC6xs5lBdM3IExo1Szuiu8HoA7byZeZZ8JygzOi80	2026-02-28 19:24:42.234764+00	2026-03-01 19:24:42+00	4	f7a9a951dd754955a2b8370f34f9bb06
192	eyJhbGciOiJIUzI1NiIsInR5cCI6IkpXVCJ9.eyJ0b2tlbl90eXBlIjoicmVmcmVzaCIsImV4cCI6MTc3MjQwMDAxMSwiaWF0IjoxNzcyMzEzNjExLCJqdGkiOiIyYzg3Nzk5YTA1N2U0NTY1YTgzNzY2ZTNkZTZmNjQ3NCIsInVzZXJfaWQiOjR9.WdG1JS6cPF7bqD0a-onYYrvhtknvljiZjJezFpx8il4	2026-02-28 21:20:11.401309+00	2026-03-01 21:20:11+00	4	2c87799a057e4565a83766e3de6f6474
193	eyJhbGciOiJIUzI1NiIsInR5cCI6IkpXVCJ9.eyJ0b2tlbl90eXBlIjoicmVmcmVzaCIsImV4cCI6MTc3MjQxOTUxMywiaWF0IjoxNzcyMzMzMTEzLCJqdGkiOiIxNWI0ZmYxNTUxMzM0YmU1OGUwNjc5MDJjMTY5NTMxZSIsInVzZXJfaWQiOjR9.Xb2NsdcUGGHxvGlT90W8Cq17mmXk_UbJ3ncXS7dOeY8	2026-03-01 02:45:13.023466+00	2026-03-02 02:45:13+00	4	15b4ff1551334be58e067902c169531e
194	eyJhbGciOiJIUzI1NiIsInR5cCI6IkpXVCJ9.eyJ0b2tlbl90eXBlIjoicmVmcmVzaCIsImV4cCI6MTc3MjQyNjQyMCwiaWF0IjoxNzcyMzQwMDIwLCJqdGkiOiJlM2NiZTg5NDE1MjI0ZDAyODU3OTBmNWZjZGUzNWZhZSIsInVzZXJfaWQiOjR9.ME_QLkMJtT5V06w_qcCz-yZyaJdyE5U964t0ltirqDM	2026-03-01 04:40:20.938098+00	2026-03-02 04:40:20+00	4	e3cbe89415224d0285790f5fcde35fae
195	eyJhbGciOiJIUzI1NiIsInR5cCI6IkpXVCJ9.eyJ0b2tlbl90eXBlIjoicmVmcmVzaCIsImV4cCI6MTc3MjQyNjgxMywiaWF0IjoxNzcyMzQwNDEzLCJqdGkiOiI2Y2IzMjQ4ZjFiYmM0NTU1YmMzNjk1YmMyODRlNWRlMiIsInVzZXJfaWQiOjR9.qNomBf4qesF27uc7TNJpYzQovuhOBZHStzPlLwcaNVA	2026-03-01 04:46:53.788793+00	2026-03-02 04:46:53+00	4	6cb3248f1bbc4555bc3695bc284e5de2
196	eyJhbGciOiJIUzI1NiIsInR5cCI6IkpXVCJ9.eyJ0b2tlbl90eXBlIjoicmVmcmVzaCIsImV4cCI6MTc3MjQzNDY2OSwiaWF0IjoxNzcyMzQ4MjY5LCJqdGkiOiI1NWEzMzdjZTQ2NDQ0MTkwOTk2ODAyNzExOGMzZDhjOSIsInVzZXJfaWQiOjJ9.xlGMzq_rluhSLeNvc3P-T89JeJ_j3H7lkQ2Rv7I4D7c	2026-03-01 06:57:49.766574+00	2026-03-02 06:57:49+00	2	55a337ce464441909968027118c3d8c9
197	eyJhbGciOiJIUzI1NiIsInR5cCI6IkpXVCJ9.eyJ0b2tlbl90eXBlIjoicmVmcmVzaCIsImV4cCI6MTc3MjQzNTI0NSwiaWF0IjoxNzcyMzQ4ODQ1LCJqdGkiOiI5YmRmZGIyYjZmMjQ0MDBjODE5MjM4NGU2MTMwYjBhMCIsInVzZXJfaWQiOjJ9.tDWM35-yWGwi0JkEk8fT-9J-7G88dSVTFDimBGw59fw	2026-03-01 07:07:25.362893+00	2026-03-02 07:07:25+00	2	9bdfdb2b6f24400c8192384e6130b0a0
198	eyJhbGciOiJIUzI1NiIsInR5cCI6IkpXVCJ9.eyJ0b2tlbl90eXBlIjoicmVmcmVzaCIsImV4cCI6MTc3MjQzNTg0NiwiaWF0IjoxNzcyMzQ5NDQ2LCJqdGkiOiI4NTdmN2M2ODM0NTM0Zjk4ODYyZjZkNDU1YzBmNGUxZSIsInVzZXJfaWQiOjJ9.ikqqb-a71NwTm7e4aNJsZwdCmjEV7waYKEsikyeXkqk	2026-03-01 07:17:26.004725+00	2026-03-02 07:17:26+00	2	857f7c6834534f98862f6d455c0f4e1e
199	eyJhbGciOiJIUzI1NiIsInR5cCI6IkpXVCJ9.eyJ0b2tlbl90eXBlIjoicmVmcmVzaCIsImV4cCI6MTc3MjQzNTk2MSwiaWF0IjoxNzcyMzQ5NTYxLCJqdGkiOiIzZGE4MDE4MjNjNjE0MjcwODRmNTA0NGFkN2I2NzMxMyIsInVzZXJfaWQiOjJ9.G0-3yAHBPgn5CamLnx8JMKPPkNTKfpg5FpSH8evIdXI	2026-03-01 07:19:21.498715+00	2026-03-02 07:19:21+00	2	3da801823c61427084f5044ad7b67313
200	eyJhbGciOiJIUzI1NiIsInR5cCI6IkpXVCJ9.eyJ0b2tlbl90eXBlIjoicmVmcmVzaCIsImV4cCI6MTc3MjQzNjA3MywiaWF0IjoxNzcyMzQ5NjczLCJqdGkiOiI4YjhkOWFjYWVjNDM0YmRhOWFlZGJjMDczYWEyZTg3ZiIsInVzZXJfaWQiOjR9._Wlmjhb2dZ4ZltwvYx0_B8I1myJr9haOcv8WaZH-pZU	2026-03-01 07:21:13.05874+00	2026-03-02 07:21:13+00	4	8b8d9acaec434bda9aedbc073aa2e87f
201	eyJhbGciOiJIUzI1NiIsInR5cCI6IkpXVCJ9.eyJ0b2tlbl90eXBlIjoicmVmcmVzaCIsImV4cCI6MTc3MjQzNjQzMywiaWF0IjoxNzcyMzUwMDMzLCJqdGkiOiJkNzIwY2RjMWY0ZmY0ZDlmYTc0N2JhODg5N2M0NmRhYSIsInVzZXJfaWQiOjJ9.idycSLKg278XMbMFUNZSb3Y9Tle_2wzMjjFlPhfUqTk	2026-03-01 07:27:13.702464+00	2026-03-02 07:27:13+00	2	d720cdc1f4ff4d9fa747ba8897c46daa
202	eyJhbGciOiJIUzI1NiIsInR5cCI6IkpXVCJ9.eyJ0b2tlbl90eXBlIjoicmVmcmVzaCIsImV4cCI6MTc3MjQzNjYyNSwiaWF0IjoxNzcyMzUwMjI1LCJqdGkiOiI4YjcwNzFjYmUwYjk0YTEwODcwZWZlZWU2OGFkZTY1NiIsInVzZXJfaWQiOjJ9.Vxh3luTJx26D2w7FFEVCUn6F7eKOzklil9G-cSz8d6k	2026-03-01 07:30:25.761246+00	2026-03-02 07:30:25+00	2	8b7071cbe0b94a10870efeee68ade656
203	eyJhbGciOiJIUzI1NiIsInR5cCI6IkpXVCJ9.eyJ0b2tlbl90eXBlIjoicmVmcmVzaCIsImV4cCI6MTc3MjQzNjgwNCwiaWF0IjoxNzcyMzUwNDA0LCJqdGkiOiI3MTIyMDRlYWRmYjU0M2ZmYWYzZmMxYmZmYjFjMWVmZiIsInVzZXJfaWQiOjR9.SApvbKENhi5mey11DP7EUF_1QXdFk3RTNIqRW3szUro	2026-03-01 07:33:24.325504+00	2026-03-02 07:33:24+00	4	712204eadfb543ffaf3fc1bffb1c1eff
204	eyJhbGciOiJIUzI1NiIsInR5cCI6IkpXVCJ9.eyJ0b2tlbl90eXBlIjoicmVmcmVzaCIsImV4cCI6MTc3MjQzNzEwOCwiaWF0IjoxNzcyMzUwNzA4LCJqdGkiOiI2ZTBjNTllNzZhNWQ0YmM4YTg5NTBhM2MyNTZiN2JiYyIsInVzZXJfaWQiOjR9.Lt1hW9a_eaCFVZt-nZBOqRwjfOSjuRbqAyCCI8Xss44	2026-03-01 07:38:28.313958+00	2026-03-02 07:38:28+00	4	6e0c59e76a5d4bc8a8950a3c256b7bbc
205	eyJhbGciOiJIUzI1NiIsInR5cCI6IkpXVCJ9.eyJ0b2tlbl90eXBlIjoicmVmcmVzaCIsImV4cCI6MTc3MjQzNzU4MiwiaWF0IjoxNzcyMzUxMTgyLCJqdGkiOiIwYTA1ZTE2NTQzZGE0NWUwOGE2YTNkOGE1NzQxNzYyMCIsInVzZXJfaWQiOjJ9.7ACYfpHfsR6KyCrKTqv5NYNG7j-y68W_ZsQWSe48dU4	2026-03-01 07:46:22.533936+00	2026-03-02 07:46:22+00	2	0a05e16543da45e08a6a3d8a57417620
206	eyJhbGciOiJIUzI1NiIsInR5cCI6IkpXVCJ9.eyJ0b2tlbl90eXBlIjoicmVmcmVzaCIsImV4cCI6MTc3MjQzODE2MCwiaWF0IjoxNzcyMzUxNzYwLCJqdGkiOiIyZjY2N2U3YjQ2NjA0MDAyYmFhNGZlZTQxMTg5MzE2MCIsInVzZXJfaWQiOjR9.Mq1G_8sQlvNZUuCLo2kifEMWQ7c939xkbE-67rTcRIY	2026-03-01 07:56:00.614369+00	2026-03-02 07:56:00+00	4	2f667e7b46604002baa4fee411893160
207	eyJhbGciOiJIUzI1NiIsInR5cCI6IkpXVCJ9.eyJ0b2tlbl90eXBlIjoicmVmcmVzaCIsImV4cCI6MTc3MjQzODE5NCwiaWF0IjoxNzcyMzUxNzk0LCJqdGkiOiJjM2Y3OTkwYmVjMjE0YTEyYTI2NWFmMDdiNmU1OGY3OCIsInVzZXJfaWQiOjR9.Zt0fs4Yuz_8hobJynlCbiv6H8R-ksS2xi2QAk3YFhe4	2026-03-01 07:56:34.184572+00	2026-03-02 07:56:34+00	4	c3f7990bec214a12a265af07b6e58f78
208	eyJhbGciOiJIUzI1NiIsInR5cCI6IkpXVCJ9.eyJ0b2tlbl90eXBlIjoicmVmcmVzaCIsImV4cCI6MTc3MjQzODU4NCwiaWF0IjoxNzcyMzUyMTg0LCJqdGkiOiJhMDAwZTA2OWU3MzM0ZDU2OTc3NTY0MTIwN2U4NTY2NiIsInVzZXJfaWQiOjR9.KyCFKhbeIynLHAlPx1GqNucIxIFsZCIn_j2-s4HNi50	2026-03-01 08:03:04.283159+00	2026-03-02 08:03:04+00	4	a000e069e7334d569775641207e85666
209	eyJhbGciOiJIUzI1NiIsInR5cCI6IkpXVCJ9.eyJ0b2tlbl90eXBlIjoicmVmcmVzaCIsImV4cCI6MTc3MjQ0MDYwNiwiaWF0IjoxNzcyMzU0MjA2LCJqdGkiOiJmYjM1N2FlNTI1OGQ0ZWQ0YjA4MTFmZDI2ZmI5MTI1YiIsInVzZXJfaWQiOjR9.7jhpjnwmhj1JW-cPAw5-Ze8UZdSYXKqRPMMTcPWxeMg	2026-03-01 08:36:46.065336+00	2026-03-02 08:36:46+00	4	fb357ae5258d4ed4b0811fd26fb9125b
210	eyJhbGciOiJIUzI1NiIsInR5cCI6IkpXVCJ9.eyJ0b2tlbl90eXBlIjoicmVmcmVzaCIsImV4cCI6MTc3MjQ0MjY0MSwiaWF0IjoxNzcyMzU2MjQxLCJqdGkiOiJlNjY3YjlkMWQ4ZTA0YjI0YWM2YWMzYWU2M2QyMTE1YSIsInVzZXJfaWQiOjR9.MhVJjOczIdIKkXVDopzbOV65HsyHOhcqKAPBCDWsSBc	2026-03-01 09:10:41.02837+00	2026-03-02 09:10:41+00	4	e667b9d1d8e04b24ac6ac3ae63d2115a
211	eyJhbGciOiJIUzI1NiIsInR5cCI6IkpXVCJ9.eyJ0b2tlbl90eXBlIjoicmVmcmVzaCIsImV4cCI6MTc3MjQ2ODc0NywiaWF0IjoxNzcyMzgyMzQ3LCJqdGkiOiIyNzI2ZTlkYTM4Y2Q0YTkzYTU2YjNhYWFhNGU4NjkwYSIsInVzZXJfaWQiOjJ9.mlrYfOhPGH-aqx_NWKdOoQhl63FeluFZNhim8tTGueU	2026-03-01 16:25:47.40267+00	2026-03-02 16:25:47+00	2	2726e9da38cd4a93a56b3aaaa4e8690a
212	eyJhbGciOiJIUzI1NiIsInR5cCI6IkpXVCJ9.eyJ0b2tlbl90eXBlIjoicmVmcmVzaCIsImV4cCI6MTc3MjQ4NTkwNSwiaWF0IjoxNzcyMzk5NTA1LCJqdGkiOiJlZDAwOTliYjE4NDM0ZDM2YjhlZTg0YmNiMTU5MTdhMSIsInVzZXJfaWQiOjJ9.f-PC5y4JLesItZOcVIXXjX2qsN3XryvgacVbGiDU5Qc	2026-03-01 21:11:45.877449+00	2026-03-02 21:11:45+00	2	ed0099bb18434d36b8ee84bcb15917a1
213	eyJhbGciOiJIUzI1NiIsInR5cCI6IkpXVCJ9.eyJ0b2tlbl90eXBlIjoicmVmcmVzaCIsImV4cCI6MTc3MjUxNjI2MiwiaWF0IjoxNzcyNDI5ODYyLCJqdGkiOiJhZWI4ZjE5ZWRhZDI0ZmZmYTc0MzUxYThiMDg4NWMyNyIsInVzZXJfaWQiOjJ9.GEz8rAYL9V-leyoyhLod5H4gJKI9YevB_XjOJpLRXL8	2026-03-02 05:37:42.687256+00	2026-03-03 05:37:42+00	2	aeb8f19edad24fffa74351a8b0885c27
214	eyJhbGciOiJIUzI1NiIsInR5cCI6IkpXVCJ9.eyJ0b2tlbl90eXBlIjoicmVmcmVzaCIsImV4cCI6MTc3MjU0OTEwNywiaWF0IjoxNzcyNDYyNzA3LCJqdGkiOiI1YjliYjExOWIwYmI0NTM4YWMxMjFhYzcyM2NmZDc4ZSIsInVzZXJfaWQiOjJ9.w-xzL4Q98-Yx-AHX2xRgp-jMV6sqAR21-O5wUyLMz18	2026-03-02 14:45:07.373662+00	2026-03-03 14:45:07+00	2	5b9bb119b0bb4538ac121ac723cfd78e
215	eyJhbGciOiJIUzI1NiIsInR5cCI6IkpXVCJ9.eyJ0b2tlbl90eXBlIjoicmVmcmVzaCIsImV4cCI6MTc3MjU1MzE2NSwiaWF0IjoxNzcyNDY2NzY1LCJqdGkiOiJiMDVkYWVhNTUxYTI0ZmY1OTIyNWJkZWQ2YjA0ZWVjYSIsInVzZXJfaWQiOjJ9.-uN2tyLOgPBr_gVqxmvX1fydZtzvoe8EvIGLhUh46HY	2026-03-02 15:52:45.19312+00	2026-03-03 15:52:45+00	2	b05daea551a24ff59225bded6b04eeca
216	eyJhbGciOiJIUzI1NiIsInR5cCI6IkpXVCJ9.eyJ0b2tlbl90eXBlIjoicmVmcmVzaCIsImV4cCI6MTc3MjU1MzYxNywiaWF0IjoxNzcyNDY3MjE3LCJqdGkiOiJhOTRlNjUzNWM0MjI0YWNjYjA1MDAzOTNjN2E4YTExNiIsInVzZXJfaWQiOjJ9.7i4j0d9e9nSiWXVx7z2hZBcqhHeLcoZEieNoV--4Mu4	2026-03-02 16:00:17.865257+00	2026-03-03 16:00:17+00	2	a94e6535c4224accb0500393c7a8a116
217	eyJhbGciOiJIUzI1NiIsInR5cCI6IkpXVCJ9.eyJ0b2tlbl90eXBlIjoicmVmcmVzaCIsImV4cCI6MTc3MjU1MzkxNywiaWF0IjoxNzcyNDY3NTE3LCJqdGkiOiI2NDNlMzI2M2IyYzc0NTY2OTU4NDUzMmIyNTFhMjJlMCIsInVzZXJfaWQiOjJ9.zZfAoYZhMNEOwKo9gNDN5c720Qvs-z_qj9ZhrOkBbqg	2026-03-02 16:05:17.104906+00	2026-03-03 16:05:17+00	2	643e3263b2c745669584532b251a22e0
218	eyJhbGciOiJIUzI1NiIsInR5cCI6IkpXVCJ9.eyJ0b2tlbl90eXBlIjoicmVmcmVzaCIsImV4cCI6MTc3MjU1NDAwOCwiaWF0IjoxNzcyNDY3NjA4LCJqdGkiOiIxZTY5Njg5MjUxYWQ0ZjkyOTM2YTU4MjY2NDJkOGU2OSIsInVzZXJfaWQiOjR9._zzJPIVOrjWhw9jrS-SeEkwxgJzXHc8cDHw2VL7JBfU	2026-03-02 16:06:48.507488+00	2026-03-03 16:06:48+00	4	1e69689251ad4f92936a5826642d8e69
219	eyJhbGciOiJIUzI1NiIsInR5cCI6IkpXVCJ9.eyJ0b2tlbl90eXBlIjoicmVmcmVzaCIsImV4cCI6MTc3MjU1NDYzMiwiaWF0IjoxNzcyNDY4MjMyLCJqdGkiOiJkMzI4MmE4Y2MyMjU0MTRlODY0N2RhNGQ4YjlkNmFlMSIsInVzZXJfaWQiOjJ9.BnNI-ioStl4yE-GUtUqa4JurCGPfZ7I2BBIbbboNmM4	2026-03-02 16:17:12.806383+00	2026-03-03 16:17:12+00	2	d3282a8cc225414e8647da4d8b9d6ae1
220	eyJhbGciOiJIUzI1NiIsInR5cCI6IkpXVCJ9.eyJ0b2tlbl90eXBlIjoicmVmcmVzaCIsImV4cCI6MTc3MjU1NTQzOCwiaWF0IjoxNzcyNDY5MDM4LCJqdGkiOiJmMGFhOTg0N2I1NTE0ODRiYjY0Zjc5OGRhMmU5ZjM3NSIsInVzZXJfaWQiOjJ9.MmRqIKenpXb0FYFwVfUoaKXRUJm240rSQ-o4er5jMC4	2026-03-02 16:30:38.859597+00	2026-03-03 16:30:38+00	2	f0aa9847b551484bb64f798da2e9f375
221	eyJhbGciOiJIUzI1NiIsInR5cCI6IkpXVCJ9.eyJ0b2tlbl90eXBlIjoicmVmcmVzaCIsImV4cCI6MTc3MjU2NjQ3NSwiaWF0IjoxNzcyNDgwMDc1LCJqdGkiOiIxYzY2MmIyODUzZWE0Yzg1OTc1YjZkNjc3ZmNkZDMyMCIsInVzZXJfaWQiOjR9.GIegeDewt19dPZfFRQMnYFpkKSY3g7sy03cVXEueylE	2026-03-02 19:34:35.863837+00	2026-03-03 19:34:35+00	4	1c662b2853ea4c85975b6d677fcdd320
222	eyJhbGciOiJIUzI1NiIsInR5cCI6IkpXVCJ9.eyJ0b2tlbl90eXBlIjoicmVmcmVzaCIsImV4cCI6MTc3MjU3MjA4NiwiaWF0IjoxNzcyNDg1Njg2LCJqdGkiOiI4ZDg1NDk0YzY3NDk0ZDhjOTkxNjJiMDY0Mjk2YTJlNiIsInVzZXJfaWQiOjJ9.NDHsc90C9KKO7ABrPdA03tEznAKnkFklfP-_aOhopwM	2026-03-02 21:08:06.956337+00	2026-03-03 21:08:06+00	2	8d85494c67494d8c99162b064296a2e6
223	eyJhbGciOiJIUzI1NiIsInR5cCI6IkpXVCJ9.eyJ0b2tlbl90eXBlIjoicmVmcmVzaCIsImV4cCI6MTc3MjU3NDgwNSwiaWF0IjoxNzcyNDg4NDA1LCJqdGkiOiJhZWQzYzliOWZjMDg0NWNmYmZmMWY5MmJmNzc0YTgzZiIsInVzZXJfaWQiOjR9.XGi3n8qeHQZRM3_drf1XdZRPf3dwNjlDp6wt-a9RG2E	2026-03-02 21:53:25.068252+00	2026-03-03 21:53:25+00	4	aed3c9b9fc0845cfbff1f92bf774a83f
224	eyJhbGciOiJIUzI1NiIsInR5cCI6IkpXVCJ9.eyJ0b2tlbl90eXBlIjoicmVmcmVzaCIsImV4cCI6MTc3MjU3NDg1OCwiaWF0IjoxNzcyNDg4NDU4LCJqdGkiOiI1ZDcyYjM5Nzk2NDI0MDViOGIwMTVmNjVmZDgyZGEzYSIsInVzZXJfaWQiOjR9.9R3MfIue4xvpGxY0sp4FrQ5_z_BYIoe8BdT5r66f5vA	2026-03-02 21:54:18.182286+00	2026-03-03 21:54:18+00	4	5d72b3979642405b8b015f65fd82da3a
225	eyJhbGciOiJIUzI1NiIsInR5cCI6IkpXVCJ9.eyJ0b2tlbl90eXBlIjoicmVmcmVzaCIsImV4cCI6MTc3MjU3NTgzNywiaWF0IjoxNzcyNDg5NDM3LCJqdGkiOiIxZDliMWY2MjQ1Njk0Mzg2YjY4N2RkMjgxNzFkYmEwMyIsInVzZXJfaWQiOjJ9.oSbOg4JuQK4HWBFCbTiMuWoHSmyOHgOzprJSjkGwQKk	2026-03-02 22:10:37.524054+00	2026-03-03 22:10:37+00	2	1d9b1f6245694386b687dd28171dba03
226	eyJhbGciOiJIUzI1NiIsInR5cCI6IkpXVCJ9.eyJ0b2tlbl90eXBlIjoicmVmcmVzaCIsImV4cCI6MTc3MjU3NjU2NCwiaWF0IjoxNzcyNDkwMTY0LCJqdGkiOiIyNjlkMGU4Y2FjOTE0ZTYwOTcxMTlhNDZlM2E2ZjhiOCIsInVzZXJfaWQiOjJ9.a6UfHdFTwaeJnrhSxyng2dZL4D7o8VoE4RoEycAsfAI	2026-03-02 22:22:44.908516+00	2026-03-03 22:22:44+00	2	269d0e8cac914e6097119a46e3a6f8b8
227	eyJhbGciOiJIUzI1NiIsInR5cCI6IkpXVCJ9.eyJ0b2tlbl90eXBlIjoicmVmcmVzaCIsImV4cCI6MTc3MjU3NzA1MSwiaWF0IjoxNzcyNDkwNjUxLCJqdGkiOiJkZmVhN2JlMTE5MWU0MmNmYjA4ZTQxZjMyNGZhMGMxOCIsInVzZXJfaWQiOjJ9.TmVXf36ZX-7TXqGcCMxRD0f1mvgDb5FsLSn_325sT1U	2026-03-02 22:30:51.150047+00	2026-03-03 22:30:51+00	2	dfea7be1191e42cfb08e41f324fa0c18
228	eyJhbGciOiJIUzI1NiIsInR5cCI6IkpXVCJ9.eyJ0b2tlbl90eXBlIjoicmVmcmVzaCIsImV4cCI6MTc3MjU4Mjg2NSwiaWF0IjoxNzcyNDk2NDY1LCJqdGkiOiIyYzk3MDNkNmUyYmY0Mjg3YjJhMjRhNWJlZGNiNTUzZiIsInVzZXJfaWQiOjJ9.-6tLnOEWWF3d80Qbm3Zzavz2VN9-3NViAQEkDEYJ9NU	2026-03-03 00:07:45.869195+00	2026-03-04 00:07:45+00	2	2c9703d6e2bf4287b2a24a5bedcb553f
229	eyJhbGciOiJIUzI1NiIsInR5cCI6IkpXVCJ9.eyJ0b2tlbl90eXBlIjoicmVmcmVzaCIsImV4cCI6MTc3MjU4MzA0NCwiaWF0IjoxNzcyNDk2NjQ0LCJqdGkiOiIzZmQyMjMxMzNlNDQ0MGE1Yjg4MDFiMzJmYjkwYzcxYSIsInVzZXJfaWQiOjJ9.4KU0ynMB5FKOYI3cX19SClJCUZF4EXaasx8XxCrEa24	2026-03-03 00:10:44.504922+00	2026-03-04 00:10:44+00	2	3fd223133e4440a5b8801b32fb90c71a
230	eyJhbGciOiJIUzI1NiIsInR5cCI6IkpXVCJ9.eyJ0b2tlbl90eXBlIjoicmVmcmVzaCIsImV4cCI6MTc3MjYwNTM2NiwiaWF0IjoxNzcyNTE4OTY2LCJqdGkiOiIzNGZhODQ2YzhjOWQ0ZWRlOTJkZTM4NzFkYWE4ZDQyYSIsInVzZXJfaWQiOjJ9.ziqUxiZEdZvIPY2IaKPZQoGZV5d2nXTIaI3q7dmyBPg	2026-03-03 06:22:46.617196+00	2026-03-04 06:22:46+00	2	34fa846c8c9d4ede92de3871daa8d42a
231	eyJhbGciOiJIUzI1NiIsInR5cCI6IkpXVCJ9.eyJ0b2tlbl90eXBlIjoicmVmcmVzaCIsImV4cCI6MTc3MjYwNzg0MywiaWF0IjoxNzcyNTIxNDQzLCJqdGkiOiI2NzUwOWQ2NWY3NTY0YTViODRjZjBjNGNlMzU0MzY4YiIsInVzZXJfaWQiOjJ9.GTXUTy4PowJ7PYPbOc1Ee5hlthcRDw8QjktiV6h7lPY	2026-03-03 07:04:03.597839+00	2026-03-04 07:04:03+00	2	67509d65f7564a5b84cf0c4ce354368b
232	eyJhbGciOiJIUzI1NiIsInR5cCI6IkpXVCJ9.eyJ0b2tlbl90eXBlIjoicmVmcmVzaCIsImV4cCI6MTc3MjYxMDY4MCwiaWF0IjoxNzcyNTI0MjgwLCJqdGkiOiJkNzU2YzczNmVkZTQ0Y2ZlOTU0NzU5NGZhNjZmY2Y1YyIsInVzZXJfaWQiOjJ9.Ts-58KrcJpynAu6C0NzJJYzACTvARlMdBqLno1ZyIbg	2026-03-03 07:51:20.663419+00	2026-03-04 07:51:20+00	2	d756c736ede44cfe9547594fa66fcf5c
233	eyJhbGciOiJIUzI1NiIsInR5cCI6IkpXVCJ9.eyJ0b2tlbl90eXBlIjoicmVmcmVzaCIsImV4cCI6MTc3MjY2MjkxNSwiaWF0IjoxNzcyNTc2NTE1LCJqdGkiOiJkMTNlZWY3ZWVjYjA0NWYzOTJkNWI2YjdkYzVkODJmNCIsInVzZXJfaWQiOjJ9.6RTnjzlSbcwv-XRx8g0cJD6v2ztqG4GUqKxbvQCEykg	2026-03-03 22:21:55.492043+00	2026-03-04 22:21:55+00	2	d13eef7eecb045f392d5b6b7dc5d82f4
234	eyJhbGciOiJIUzI1NiIsInR5cCI6IkpXVCJ9.eyJ0b2tlbl90eXBlIjoicmVmcmVzaCIsImV4cCI6MTc3MjczNTkyNCwiaWF0IjoxNzcyNjQ5NTI0LCJqdGkiOiI3ODdkZGY1NWU1MmU0NjQ0OWI3ODlkZjQ1YjU5MWJmZSIsInVzZXJfaWQiOjJ9.3DNLLusmuw2D3gPHJXeP5D87VPvs7F2i2H4yYKShksM	2026-03-04 18:38:44.347293+00	2026-03-05 18:38:44+00	2	787ddf55e52e46449b789df45b591bfe
235	eyJhbGciOiJIUzI1NiIsInR5cCI6IkpXVCJ9.eyJ0b2tlbl90eXBlIjoicmVmcmVzaCIsImV4cCI6MTc3Mjc0NDk3NCwiaWF0IjoxNzcyNjU4NTc0LCJqdGkiOiJhZDkwNzFhMDRiMjQ0MTc1OWNhYzIwOTAzNTUxNTFkMSIsInVzZXJfaWQiOjJ9.BoXhBgfyCtuwpLvJ4lIc-lvaAmyjQBwGp4rSPwMtj7k	2026-03-04 21:09:34.716135+00	2026-03-05 21:09:34+00	2	ad9071a04b2441759cac2090355151d1
236	eyJhbGciOiJIUzI1NiIsInR5cCI6IkpXVCJ9.eyJ0b2tlbl90eXBlIjoicmVmcmVzaCIsImV4cCI6MTc3Mjg2MDY5NCwiaWF0IjoxNzcyNzc0Mjk0LCJqdGkiOiI4YjdkMjUyOGY0Y2Y0ZTc5YjA2ZmU1OGM1YjVmZWViYSIsInVzZXJfaWQiOjR9.IH1bFlrwshDUL4we3aEync68BBXBWYiC9K1DCdydtwk	2026-03-06 05:18:14.206447+00	2026-03-07 05:18:14+00	4	8b7d2528f4cf4e79b06fe58c5b5feeba
237	eyJhbGciOiJIUzI1NiIsInR5cCI6IkpXVCJ9.eyJ0b2tlbl90eXBlIjoicmVmcmVzaCIsImV4cCI6MTc3Mjg2MzU1OCwiaWF0IjoxNzcyNzc3MTU4LCJqdGkiOiJkMDY3MGEwZGM2ZmQ0OGJiODg3ZjEwMzA5NDgwMjQ0ZiIsInVzZXJfaWQiOjR9.tUVaX-U5ZFiXoFxqgwMt7Q6R7uFI800UzokS9HkldKs	2026-03-06 06:05:58.17903+00	2026-03-07 06:05:58+00	4	d0670a0dc6fd48bb887f10309480244f
238	eyJhbGciOiJIUzI1NiIsInR5cCI6IkpXVCJ9.eyJ0b2tlbl90eXBlIjoicmVmcmVzaCIsImV4cCI6MTc3Mjg2MzU1OSwiaWF0IjoxNzcyNzc3MTU5LCJqdGkiOiI5Y2E4ZTQ3NTdkY2E0ZjY5OTgwMWRmZDBlZGUyNjRjMyIsInVzZXJfaWQiOjR9.A5ncqX4-fP8iq7xxCn9cI1ULn7TGO2V5ATJ7U5W1mOQ	2026-03-06 06:05:59.496381+00	2026-03-07 06:05:59+00	4	9ca8e4757dca4f699801dfd0ede264c3
239	eyJhbGciOiJIUzI1NiIsInR5cCI6IkpXVCJ9.eyJ0b2tlbl90eXBlIjoicmVmcmVzaCIsImV4cCI6MTc3Mjg4NTc2NiwiaWF0IjoxNzcyNzk5MzY2LCJqdGkiOiI0Njg3YmVlNjdjNjM0ZmRlOGQxMmI3NzE2M2Y3NzE5MSIsInVzZXJfaWQiOjR9.0UG0LgbM4iDwFTjiy6LQ5i7mFW5xzfKyQqaZIu1CQrA	2026-03-06 12:16:06.98873+00	2026-03-07 12:16:06+00	4	4687bee67c634fde8d12b77163f77191
240	eyJhbGciOiJIUzI1NiIsInR5cCI6IkpXVCJ9.eyJ0b2tlbl90eXBlIjoicmVmcmVzaCIsImV4cCI6MTc3MjkwNzM4MSwiaWF0IjoxNzcyODIwOTgxLCJqdGkiOiI1MjM5MTRlNmYwZjQ0ZmFlOTEyNzI4M2FjNjRmMTBlNCIsInVzZXJfaWQiOjR9.pnw_qF5YTu-pAEV-cVfEx2o-ydxDhfhA-8pqvm4xjsk	2026-03-06 18:16:21.290058+00	2026-03-07 18:16:21+00	4	523914e6f0f44fae9127283ac64f10e4
241	eyJhbGciOiJIUzI1NiIsInR5cCI6IkpXVCJ9.eyJ0b2tlbl90eXBlIjoicmVmcmVzaCIsImV4cCI6MTc3MjkwODQ0NywiaWF0IjoxNzcyODIyMDQ3LCJqdGkiOiIyNWY4NWRhMjdiMjY0YzQ3YTlmNzM1ZTBhOGVkNTc3NiIsInVzZXJfaWQiOjJ9.tXOM8DhVTszN26v-6kzzohWjJnyIJE44O5_U3O9CDjc	2026-03-06 18:34:07.40844+00	2026-03-07 18:34:07+00	2	25f85da27b264c47a9f735e0a8ed5776
242	eyJhbGciOiJIUzI1NiIsInR5cCI6IkpXVCJ9.eyJ0b2tlbl90eXBlIjoicmVmcmVzaCIsImV4cCI6MTc3MzA3NzI0MSwiaWF0IjoxNzcyOTkwODQxLCJqdGkiOiIzMzJiNjIwNzM4MWQ0ODViYjFhNDEwNzJhYjYyYmZiYSIsInVzZXJfaWQiOjR9.Uy4LzwNd5h9rJNUtyaH8WHrQR47DKrZbdZnzm-xvDOo	2026-03-08 17:27:21.786038+00	2026-03-09 17:27:21+00	4	332b6207381d485bb1a41072ab62bfba
243	eyJhbGciOiJIUzI1NiIsInR5cCI6IkpXVCJ9.eyJ0b2tlbl90eXBlIjoicmVmcmVzaCIsImV4cCI6MTc3MzE0NDcwMSwiaWF0IjoxNzczMDU4MzAxLCJqdGkiOiI3MTc1NWY1NDc2YTQ0ODdlOWI2NTgwMjBlODcwNzllNSIsInVzZXJfaWQiOjJ9.RTJ97v_EX3k2Z8nl1ajEUS6aGxW1QZxVb6KyaPyxPDQ	2026-03-09 12:11:41.954856+00	2026-03-10 12:11:41+00	2	71755f5476a4487e9b658020e87079e5
244	eyJhbGciOiJIUzI1NiIsInR5cCI6IkpXVCJ9.eyJ0b2tlbl90eXBlIjoicmVmcmVzaCIsImV4cCI6MTc3MzE0NDcyOCwiaWF0IjoxNzczMDU4MzI4LCJqdGkiOiI5OTA4YzBkN2VkNzU0ZjY1OTU5YjQzZjBlMDRhNzAyNyIsInVzZXJfaWQiOjR9.FLzC7FApfLE-_oTg_NuJlXKKMkG231kby9Em3hN8PJw	2026-03-09 12:12:08.27102+00	2026-03-10 12:12:08+00	4	9908c0d7ed754f65959b43f0e04a7027
245	eyJhbGciOiJIUzI1NiIsInR5cCI6IkpXVCJ9.eyJ0b2tlbl90eXBlIjoicmVmcmVzaCIsImV4cCI6MTc3MzE2MDc5MywiaWF0IjoxNzczMDc0MzkzLCJqdGkiOiIzNzNkNDJmMTQzMjI0YjcxOThiMGNlMDkzYmZkNTQ4ZSIsInVzZXJfaWQiOjR9.VPYuADx5F0VVCkqBsJxGwLRB1INvgek31YeURfUvhCU	2026-03-09 16:39:53.271476+00	2026-03-10 16:39:53+00	4	373d42f143224b7198b0ce093bfd548e
246	eyJhbGciOiJIUzI1NiIsInR5cCI6IkpXVCJ9.eyJ0b2tlbl90eXBlIjoicmVmcmVzaCIsImV4cCI6MTc3MzIzNDA3NywiaWF0IjoxNzczMTQ3Njc3LCJqdGkiOiI5Y2IyMzlmY2EyOTA0NDRiYjk3MWIwOWM5ZDdhOWViZSIsInVzZXJfaWQiOjR9.wl8EruqegypDlPavmZEoHpvy8KaSi8U_G-HPELEB068	2026-03-10 13:01:17.950829+00	2026-03-11 13:01:17+00	4	9cb239fca290444bb971b09c9d7a9ebe
247	eyJhbGciOiJIUzI1NiIsInR5cCI6IkpXVCJ9.eyJ0b2tlbl90eXBlIjoicmVmcmVzaCIsImV4cCI6MTc3MzIzNTgwMiwiaWF0IjoxNzczMTQ5NDAyLCJqdGkiOiJjZjZhMDFkM2U5Yjg0MzEzODg5MDk2N2U4ZmNlOWZiNiIsInVzZXJfaWQiOjR9.6xWXMpXrwJTSRQSbhaLtVbb_87WAAdV_ACdSj8p0eZM	2026-03-10 13:30:02.027092+00	2026-03-11 13:30:02+00	4	cf6a01d3e9b843138890967e8fce9fb6
248	eyJhbGciOiJIUzI1NiIsInR5cCI6IkpXVCJ9.eyJ0b2tlbl90eXBlIjoicmVmcmVzaCIsImV4cCI6MTc3MzIzOTczMiwiaWF0IjoxNzczMTUzMzMyLCJqdGkiOiJhZmM5YmU0NzZmNTc0YTE1OWIwZDBjMzE0MTMzZjU5YSIsInVzZXJfaWQiOjR9.UVJKIubnTGBxi64Ih8mi2U1dRwUDEt5k-cWOtmqF8T0	2026-03-10 14:35:32.645807+00	2026-03-11 14:35:32+00	4	afc9be476f574a159b0d0c314133f59a
249	eyJhbGciOiJIUzI1NiIsInR5cCI6IkpXVCJ9.eyJ0b2tlbl90eXBlIjoicmVmcmVzaCIsImV4cCI6MTc3MzI0MDE0OSwiaWF0IjoxNzczMTUzNzQ5LCJqdGkiOiIzYWRiMzM3ZGIwNjg0MzJjOWZhZTVkNDEyZmRlNzM0MyIsInVzZXJfaWQiOjR9.GnHJDhogOiOvBQkC0u2he7knqikcoSRyfy7_RKYNVGw	2026-03-10 14:42:29.460305+00	2026-03-11 14:42:29+00	4	3adb337db068432c9fae5d412fde7343
250	eyJhbGciOiJIUzI1NiIsInR5cCI6IkpXVCJ9.eyJ0b2tlbl90eXBlIjoicmVmcmVzaCIsImV4cCI6MTc3MzI0MDkwNCwiaWF0IjoxNzczMTU0NTA0LCJqdGkiOiJmMzFlYzZlYTE5ZmQ0NTkwODY1ZGQwOTNlYThlMzMzOSIsInVzZXJfaWQiOjR9.DfI6YENXF-JnAq4L7VwERe0xLaDvqvqqhflQ-1xdNlo	2026-03-10 14:55:04.604936+00	2026-03-11 14:55:04+00	4	f31ec6ea19fd4590865dd093ea8e3339
251	eyJhbGciOiJIUzI1NiIsInR5cCI6IkpXVCJ9.eyJ0b2tlbl90eXBlIjoicmVmcmVzaCIsImV4cCI6MTc3MzMzOTE2MywiaWF0IjoxNzczMjUyNzYzLCJqdGkiOiI4MmMxNjczODg4YjQ0Yjc1YTE2ZWU0Y2I4NGYyZGRjNiIsInVzZXJfaWQiOjJ9.nPxQ0jy5CqkQb9IbnEonYvgycbgHGSlOLVyrMEE7YOU	2026-03-11 18:12:43.169532+00	2026-03-12 18:12:43+00	2	82c1673888b44b75a16ee4cb84f2ddc6
252	eyJhbGciOiJIUzI1NiIsInR5cCI6IkpXVCJ9.eyJ0b2tlbl90eXBlIjoicmVmcmVzaCIsImV4cCI6MTc3MzM0OTMyMiwiaWF0IjoxNzczMjYyOTIyLCJqdGkiOiI5OGZhMmIxODlmNmQ0MzY3YTg4NDA1MTJhZWVlNTIwZSIsInVzZXJfaWQiOjR9.48Y65Pj65V2Uyw_ikJvo9IoD0bAWRDxpv5UDmHnbi9k	2026-03-11 21:02:02.912212+00	2026-03-12 21:02:02+00	4	98fa2b189f6d4367a8840512aeee520e
253	eyJhbGciOiJIUzI1NiIsInR5cCI6IkpXVCJ9.eyJ0b2tlbl90eXBlIjoicmVmcmVzaCIsImV4cCI6MTc3MzM0OTMzMywiaWF0IjoxNzczMjYyOTMzLCJqdGkiOiI2NDJiZTlmYTFjNjA0MmZkOWIwZTRmNjY4NWRmZTBjZSIsInVzZXJfaWQiOjR9.bkkfZEilIIxZzDjywrNrwjLJZAXR2KeHXRqjN_GDgdA	2026-03-11 21:02:13.152555+00	2026-03-12 21:02:13+00	4	642be9fa1c6042fd9b0e4f6685dfe0ce
254	eyJhbGciOiJIUzI1NiIsInR5cCI6IkpXVCJ9.eyJ0b2tlbl90eXBlIjoicmVmcmVzaCIsImV4cCI6MTc3MzM1NjU3MiwiaWF0IjoxNzczMjcwMTcyLCJqdGkiOiJkM2I0ZGY4ZjEwNzU0ZTk5ODM5MTMyYjUyMjk4YmE4ZSIsInVzZXJfaWQiOjR9.pfO_79rszt4KjscfTNAG1xDWRdD-O2zz_JAaAUireWo	2026-03-11 23:02:52.704854+00	2026-03-12 23:02:52+00	4	d3b4df8f10754e99839132b52298ba8e
255	eyJhbGciOiJIUzI1NiIsInR5cCI6IkpXVCJ9.eyJ0b2tlbl90eXBlIjoicmVmcmVzaCIsImV4cCI6MTc3MzM1NjYyMCwiaWF0IjoxNzczMjcwMjIwLCJqdGkiOiI0OWFlMWZmNDZkNTY0MDhlYWFlZTIwYWExMmZkYjE4NyIsInVzZXJfaWQiOjR9.PLlfJ-mtNnH6K1nwM9FfAtRfU6_KQZx571Fo-x1mF9c	2026-03-11 23:03:40.890505+00	2026-03-12 23:03:40+00	4	49ae1ff46d56408eaaee20aa12fdb187
256	eyJhbGciOiJIUzI1NiIsInR5cCI6IkpXVCJ9.eyJ0b2tlbl90eXBlIjoicmVmcmVzaCIsImV4cCI6MTc3MzQxMTIzMCwiaWF0IjoxNzczMzI0ODMwLCJqdGkiOiJlNWIyM2Q2YzVlMDY0NGY1OWM3ZjQ0ZTExOTUzNDZlOCIsInVzZXJfaWQiOjR9.TRmKBEPibx3eg35KD6yxtsgkv1iLFlC7Lt1qFuvOGSc	2026-03-12 14:13:50.771074+00	2026-03-13 14:13:50+00	4	e5b23d6c5e0644f59c7f44e1195346e8
257	eyJhbGciOiJIUzI1NiIsInR5cCI6IkpXVCJ9.eyJ0b2tlbl90eXBlIjoicmVmcmVzaCIsImV4cCI6MTc3MzQxMTg3NywiaWF0IjoxNzczMzI1NDc3LCJqdGkiOiI2NWFkMjMwZDM4YTc0ZjVhYmVhZjkxNDIwNDY4NjI1ZiIsInVzZXJfaWQiOjR9.W-eUQa2j4AVsMpZmnafBm0hLwmutoBq4_dTaHxc94Rc	2026-03-12 14:24:37.852946+00	2026-03-13 14:24:37+00	4	65ad230d38a74f5abeaf91420468625f
258	eyJhbGciOiJIUzI1NiIsInR5cCI6IkpXVCJ9.eyJ0b2tlbl90eXBlIjoicmVmcmVzaCIsImV4cCI6MTc3MzQ4ODI3NCwiaWF0IjoxNzczNDAxODc0LCJqdGkiOiJmOTg4ODQzYTgxMGQ0OTA2ODcwZGRkY2JiNTdiNmFjNyIsInVzZXJfaWQiOjR9.LhMeVB0hYnvglMjKNvx5MuIQFkiF76fIRTKn67am7mo	2026-03-13 11:37:54.717796+00	2026-03-14 11:37:54+00	4	f988843a810d4906870dddcbb57b6ac7
259	eyJhbGciOiJIUzI1NiIsInR5cCI6IkpXVCJ9.eyJ0b2tlbl90eXBlIjoicmVmcmVzaCIsImV4cCI6MTc3MzczMTU1OSwiaWF0IjoxNzczNjQ1MTU5LCJqdGkiOiIxNTdjMjE1N2M4NTI0NzI2Yjc0ODE5Y2IzZTk3ODNkYyIsInVzZXJfaWQiOjR9.Cfn5EJsV09acj7DmhdYOMx41ECYwta_jHFTeeN1TtOw	2026-03-16 07:12:39.963316+00	2026-03-17 07:12:39+00	4	157c2157c8524726b74819cb3e9783dc
158	eyJhbGciOiJIUzI1NiIsInR5cCI6IkpXVCJ9.eyJ0b2tlbl90eXBlIjoicmVmcmVzaCIsImV4cCI6MTc3MjE2MTQ1NywiaWF0IjoxNzcyMDc1MDU3LCJqdGkiOiIxMDVkZTJlNjk5NTI0MDNhODU4NmY2NmU5NjZkMWJhNSIsInVzZXJfaWQiOjEzfQ.xguKj61ebP4PZAc4wqGwG2Qrby0igUzdII9uEGpUD0M	2026-02-26 03:04:17.242573+00	2026-02-27 03:04:17+00	\N	105de2e69952403a8586f66e966d1ba5
260	eyJhbGciOiJIUzI1NiIsInR5cCI6IkpXVCJ9.eyJ0b2tlbl90eXBlIjoicmVmcmVzaCIsImV4cCI6MTc3Mzk5MTU4OCwiaWF0IjoxNzczOTA1MTg4LCJqdGkiOiI5Y2FlNGRlMDM5YzY0MjhlOWU3NGQ2OWNkNWJkZmEwYSIsInVzZXJfaWQiOjR9.rUZQEhYAXXZvv0sf84ASEHQ--ZmonoxLLkDuFHbz-eg	2026-03-19 07:26:28.292912+00	2026-03-20 07:26:28+00	4	9cae4de039c6428e9e74d69cd5bdfa0a
261	eyJhbGciOiJIUzI1NiIsInR5cCI6IkpXVCJ9.eyJ0b2tlbl90eXBlIjoicmVmcmVzaCIsImV4cCI6MTc3NDM1NjE3NywiaWF0IjoxNzc0MjY5Nzc3LCJqdGkiOiI5ZWM0ZDU1Y2YyMTg0ZmY4YjMwMmQ2YzgyYWI1M2FmNyIsInVzZXJfaWQiOjJ9.g1XWngGPJYRZUNukz-ojnYd1YDpT9XaF3F-z36IqVm8	2026-03-23 12:42:57.824259+00	2026-03-24 12:42:57+00	2	9ec4d55cf2184ff8b302d6c82ab53af7
262	eyJhbGciOiJIUzI1NiIsInR5cCI6IkpXVCJ9.eyJ0b2tlbl90eXBlIjoicmVmcmVzaCIsImV4cCI6MTc3NDM1NjE5NywiaWF0IjoxNzc0MjY5Nzk3LCJqdGkiOiIxY2EwZWIwMzNhYWM0OWVmODY3MDQyY2IzMjAxY2Y0MyIsInVzZXJfaWQiOjR9.VN8sTVNhv2TdLYYYmMp_1W6F8eLPslJvcxSo6ldhpHA	2026-03-23 12:43:17.638824+00	2026-03-24 12:43:17+00	4	1ca0eb033aac49ef867042cb3201cf43
263	eyJhbGciOiJIUzI1NiIsInR5cCI6IkpXVCJ9.eyJ0b2tlbl90eXBlIjoicmVmcmVzaCIsImV4cCI6MTc3NDY5NzAwMSwiaWF0IjoxNzc0NjEwNjAxLCJqdGkiOiJhMmI2MWFiNzQzZTU0ZTMyYjAyMDRmMmRjMTRkNmY5MSIsInVzZXJfaWQiOjJ9.L4E3Og7wHcfGW29Hf9pHM1qs1yvaeAEHuWk2JlHo6Qw	2026-03-27 11:23:21.326322+00	2026-03-28 11:23:21+00	2	a2b61ab743e54e32b0204f2dc14d6f91
264	eyJhbGciOiJIUzI1NiIsInR5cCI6IkpXVCJ9.eyJ0b2tlbl90eXBlIjoicmVmcmVzaCIsImV4cCI6MTc3NDY5NzA0OCwiaWF0IjoxNzc0NjEwNjQ4LCJqdGkiOiIzZmU2ZWExODE4MTc0N2IwODRmMWQyYmI4MGZhMThlMyIsInVzZXJfaWQiOjJ9.5hGzF5mIB4_imA9d_yIRGw5ZsL_czibogFDXl5clWAA	2026-03-27 11:24:08.932387+00	2026-03-28 11:24:08+00	2	3fe6ea18181747b084f1d2bb80fa18e3
265	eyJhbGciOiJIUzI1NiIsInR5cCI6IkpXVCJ9.eyJ0b2tlbl90eXBlIjoicmVmcmVzaCIsImV4cCI6MTc3NDcxMTgyOCwiaWF0IjoxNzc0NjI1NDI4LCJqdGkiOiJhODljMjBiZmJkYzU0MDc0YmU1NTBlMjIzNDc4MDNjZiIsInVzZXJfaWQiOjJ9.dQCK9aFj4NW4rm0v_9giPyYpbFrZ8teGTStiWQVBMis	2026-03-27 15:30:28.732263+00	2026-03-28 15:30:28+00	2	a89c20bfbdc54074be550e22347803cf
266	eyJhbGciOiJIUzI1NiIsInR5cCI6IkpXVCJ9.eyJ0b2tlbl90eXBlIjoicmVmcmVzaCIsImV4cCI6MTc3NDcxMjMyOSwiaWF0IjoxNzc0NjI1OTI5LCJqdGkiOiIwZjY2M2ZiMjA5ZmI0YzkzYTQyNjEwYzUzMWZhMDc1NCIsInVzZXJfaWQiOjJ9.VK266l1-Nbnh-U3TOcWFNQpICsqXCsNGlEGKUCDr3YM	2026-03-27 15:38:49.162972+00	2026-03-28 15:38:49+00	2	0f663fb209fb4c93a42610c531fa0754
267	eyJhbGciOiJIUzI1NiIsInR5cCI6IkpXVCJ9.eyJ0b2tlbl90eXBlIjoicmVmcmVzaCIsImV4cCI6MTc3NDcxMjY0NywiaWF0IjoxNzc0NjI2MjQ3LCJqdGkiOiIwZDc4ZmQ1MGFkZjI0NjMyOTRlYThhZmEzYmNhMTVmMyIsInVzZXJfaWQiOjJ9.sA0xiEl0Ogew3BmfilxAYVj8ZfTnQPjL1KXE9JV8rAk	2026-03-27 15:44:07.826171+00	2026-03-28 15:44:07+00	2	0d78fd50adf2463294ea8afa3bca15f3
268	eyJhbGciOiJIUzI1NiIsInR5cCI6IkpXVCJ9.eyJ0b2tlbl90eXBlIjoicmVmcmVzaCIsImV4cCI6MTc3NDcxNDc4MCwiaWF0IjoxNzc0NjI4MzgwLCJqdGkiOiI3ZTkxNGUzMmMxYjA0ZDc4OGM0ZWMwZGY2ZGQ1MGRkZCIsInVzZXJfaWQiOjl9.dILAKtrrvv8OooGOxg_AqPQDblX4xrgTgGJiFnerSyE	2026-03-27 16:19:40.632382+00	2026-03-28 16:19:40+00	9	7e914e32c1b04d788c4ec0df6dd50ddd
269	eyJhbGciOiJIUzI1NiIsInR5cCI6IkpXVCJ9.eyJ0b2tlbl90eXBlIjoicmVmcmVzaCIsImV4cCI6MTc3NDcxNTAzMSwiaWF0IjoxNzc0NjI4NjMxLCJqdGkiOiI2ODE2ZGM4NTIyN2M0YWMyOGM0YmQ4ODMwNGQ2ZWVjNSIsInVzZXJfaWQiOjJ9.2kcQiTzw2FweLLl-UzwmB-cwG2ti-3zCWaeveGgXttc	2026-03-27 16:23:51.200105+00	2026-03-28 16:23:51+00	2	6816dc85227c4ac28c4bd88304d6eec5
270	eyJhbGciOiJIUzI1NiIsInR5cCI6IkpXVCJ9.eyJ0b2tlbl90eXBlIjoicmVmcmVzaCIsImV4cCI6MTc3NDcxNTEyMCwiaWF0IjoxNzc0NjI4NzIwLCJqdGkiOiJjNDc3YTg3OWNhNmU0ODZiODljOTBiYmRlMzMxOGY0ZiIsInVzZXJfaWQiOjJ9.o-yTtVjcSE-NzGy-p5o9hqxpoD58DlaKseKhdVXfkqQ	2026-03-27 16:25:20.324002+00	2026-03-28 16:25:20+00	2	c477a879ca6e486b89c90bbde3318f4f
271	eyJhbGciOiJIUzI1NiIsInR5cCI6IkpXVCJ9.eyJ0b2tlbl90eXBlIjoicmVmcmVzaCIsImV4cCI6MTc3NDcxNTY0NSwiaWF0IjoxNzc0NjI5MjQ1LCJqdGkiOiI5NTUzYjQ2Yzc2OGY0YmFhODcwNmRlNTFjMjk1MGNjNSIsInVzZXJfaWQiOjJ9.eIeYQMCQ8pkefqZcyORyx-iJbjtnc_qu7j90k4LF_ZE	2026-03-27 16:34:05.501185+00	2026-03-28 16:34:05+00	2	9553b46c768f4baa8706de51c2950cc5
272	eyJhbGciOiJIUzI1NiIsInR5cCI6IkpXVCJ9.eyJ0b2tlbl90eXBlIjoicmVmcmVzaCIsImV4cCI6MTc3NDcxNjI1MSwiaWF0IjoxNzc0NjI5ODUxLCJqdGkiOiI1ZTZiMTA5YWFkZjA0MmRmYjYyNGQyZTdjZDI4YTYzMiIsInVzZXJfaWQiOjJ9.hSMXMc6fXzpvT_xG_7J_s_eZ37DutJoK4S3a_rerV1k	2026-03-27 16:44:11.361292+00	2026-03-28 16:44:11+00	2	5e6b109aadf042dfb624d2e7cd28a632
273	eyJhbGciOiJIUzI1NiIsInR5cCI6IkpXVCJ9.eyJ0b2tlbl90eXBlIjoicmVmcmVzaCIsImV4cCI6MTc3NDcxNjkzNCwiaWF0IjoxNzc0NjMwNTM0LCJqdGkiOiIzNmVkMzg2MTVlMTA0MGRjOThmM2U5YmY1MzAyZmEwOSIsInVzZXJfaWQiOjJ9.EJ5Fyll0BMrVZIPMX8jYNqG_BCTe1XFjB2lv4GikUdg	2026-03-27 16:55:34.239666+00	2026-03-28 16:55:34+00	2	36ed38615e1040dc98f3e9bf5302fa09
274	eyJhbGciOiJIUzI1NiIsInR5cCI6IkpXVCJ9.eyJ0b2tlbl90eXBlIjoicmVmcmVzaCIsImV4cCI6MTc3NDg0MjcwMywiaWF0IjoxNzc0NzU2MzAzLCJqdGkiOiJkMTNhZjEyNDJkZmU0OTUwOGQ1OThkYzdkY2NiMmRkOSIsInVzZXJfaWQiOjR9.JiuUI-H-3kBVdf-SVQUih6_mpZpHoUp-Ng96dTzIAJI	2026-03-29 03:51:43.032741+00	2026-03-30 03:51:43+00	4	d13af1242dfe49508d598dc7dccb2dd9
275	eyJhbGciOiJIUzI1NiIsInR5cCI6IkpXVCJ9.eyJ0b2tlbl90eXBlIjoicmVmcmVzaCIsImV4cCI6MTc3NDg0MzE0NiwiaWF0IjoxNzc0NzU2NzQ2LCJqdGkiOiIyMzQ5YjU4OGUxZTU0ZjI4YWYzYmRjNTlkN2VjNGEwYiIsInVzZXJfaWQiOjl9.kXp696o3xjUbdiSXF7PyjerVIQmWc36WV9XxsvtDNvI	2026-03-29 03:59:06.217516+00	2026-03-30 03:59:06+00	9	2349b588e1e54f28af3bdc59d7ec4a0b
276	eyJhbGciOiJIUzI1NiIsInR5cCI6IkpXVCJ9.eyJ0b2tlbl90eXBlIjoicmVmcmVzaCIsImV4cCI6MTc3NDg2NDI0OCwiaWF0IjoxNzc0Nzc3ODQ4LCJqdGkiOiJhYjM3NDY4YjllNWQ0MDhiODMzNGI4ODZlM2NkMGZiNCIsInVzZXJfaWQiOjl9.ZS3BXGvA1vbg6LKjKHExmJZQTmngdEnxhAbGBwKWlDw	2026-03-29 09:50:48.871841+00	2026-03-30 09:50:48+00	9	ab37468b9e5d408b8334b886e3cd0fb4
277	eyJhbGciOiJIUzI1NiIsInR5cCI6IkpXVCJ9.eyJ0b2tlbl90eXBlIjoicmVmcmVzaCIsImV4cCI6MTc3NDg2NDQyNSwiaWF0IjoxNzc0Nzc4MDI1LCJqdGkiOiJiYThkYzhiOWVlZGE0ZjQ5YmE5NjQxOTE4NDIzZDgzYyIsInVzZXJfaWQiOjE3fQ.F-GsK8T92Ld8fttjARlC-8etDhKCojaaDijTI01hcM0	2026-03-29 09:53:45.834146+00	2026-03-30 09:53:45+00	17	ba8dc8b9eeda4f49ba9641918423d83c
278	eyJhbGciOiJIUzI1NiIsInR5cCI6IkpXVCJ9.eyJ0b2tlbl90eXBlIjoicmVmcmVzaCIsImV4cCI6MTc3NDg2OTUyOSwiaWF0IjoxNzc0NzgzMTI5LCJqdGkiOiI0OWJlMGY0MTgwNmE0NWM0ODUyZWQ2ZTY5ZWE4MGRkMyIsInVzZXJfaWQiOjE3fQ.xDHz7rT2xqYIYzeYpaeQLpIWdZVaeZx1ky2oGkYGPH0	2026-03-29 11:18:49.880972+00	2026-03-30 11:18:49+00	17	49be0f41806a45c4852ed6e69ea80dd3
279	eyJhbGciOiJIUzI1NiIsInR5cCI6IkpXVCJ9.eyJ0b2tlbl90eXBlIjoicmVmcmVzaCIsImV4cCI6MTc3NDg2OTc2MSwiaWF0IjoxNzc0NzgzMzYxLCJqdGkiOiJiN2MxZjk0YTk1ODU0ZWQwYWNlNzQwMWU4NzAwOTBkNCIsInVzZXJfaWQiOjl9.pK8omJSLaHQXGz0CeZVj_vbTBbquvk0_9aily8TzEwM	2026-03-29 11:22:41.908882+00	2026-03-30 11:22:41+00	9	b7c1f94a95854ed0ace7401e870090d4
\.


--
-- TOC entry 4050 (class 0 OID 17093)
-- Dependencies: 291
-- Data for Name: transactions_admin_notification; Type: TABLE DATA; Schema: public; Owner: -
--

COPY public.transactions_admin_notification (id, notification_type, title, message, entity_type, entity_id, priority, is_read, is_resolved, resolved_at, created_at, resolved_by_id, user_id) FROM stdin;
d8e9dae5-896f-4216-971f-1935e06d96e3	new_deposit	New Deposit Request: $100.00	User teddybjorn72@live.no has submitted a deposit request for $100.00 via USDT (Hash: usdc...). Reference: Binance Exchange	transaction	2af2f97c-14ff-4e56-b7cd-0a92dbbf27d7	medium	f	t	2026-01-11 02:58:49.634882+00	2026-01-08 17:39:43.256697+00	1	2
48414e8e-30d6-4f61-90a3-03cad41cd916	new_deposit	New Deposit Request: $500.00	User ozoaninnabuike@gmail.com has submitted a deposit request for $500.00 via BTC. Reference: wallet	transaction	722c9262-4f55-4600-81ac-f9cbdb30e6f9	medium	f	f	\N	2026-01-15 05:54:20.312597+00	\N	4
882a00ab-f370-46e5-9793-8cf05341b927	new_investment	New Investment Request: $200.00	User ozoaninnabuike@gmail.com submitted an investment request for $200.00 in the Pioneer plan (1.00% daily for 90 days).	investment	7	medium	f	t	2026-01-16 03:17:22.572753+00	2026-01-16 03:13:26.035627+00	7	4
b2c4a9a1-6b52-4106-9976-301c525fa264	new_investment	New Investment Request: $300.00	User ozoaninnabuike@gmail.com submitted an investment request for $300.00 in the Pioneer plan (1.00% daily for 90 days).	investment	8	medium	f	f	\N	2026-01-18 06:57:33.41498+00	\N	4
3150ecb8-e5ce-4af4-872a-e6daf9a02a43	new_investment	New Investment Request: $300.00	User ozoaninnabuike@gmail.com submitted an investment request for $300.00 in the Pioneer plan (1.00% daily for 90 days).	investment	9	medium	f	t	2026-01-18 16:27:53.377714+00	2026-01-18 16:25:07.728143+00	1	4
69bb3a85-0c9f-47b9-a279-e307b9c4de0f	new_kyc	KYC update from jamescodegh@gmail.com	jamescodegh@gmail.com submitted personal information for review. Application ID: 8f88c1d5-e278-4b93-8f41-0166d3a536fc	kyc	8f88c1d5-e278-4b93-8f41-0166d3a536fc	high	f	f	\N	2026-02-09 03:46:46.765369+00	\N	9
968dd3a5-2e2b-4074-8e8c-d1f852b3f999	new_kyc	KYC update from jamescodegh@gmail.com	jamescodegh@gmail.com submitted identity documents for review. Application ID: 8f88c1d5-e278-4b93-8f41-0166d3a536fc	kyc	8f88c1d5-e278-4b93-8f41-0166d3a536fc	high	f	f	\N	2026-02-09 03:47:26.431081+00	\N	9
8405de28-fb80-456b-b294-d1c67167e4f0	new_deposit	New Deposit Request: $5000.00	User jamescodegh@gmail.com has submitted a deposit request for $5000.00 via BTC. Reference: coinbase	transaction	52288b67-8d0e-4320-8fef-e53003c82c9a	medium	f	t	2026-02-09 20:02:02.547091+00	2026-02-09 20:00:00.167621+00	1	9
599a3c94-4dd4-4ad9-b234-ce091b3559f5	new_investment	New Investment Request: $1000.00	User jamescodegh@gmail.com submitted an investment request for $1000.00 in the Vanguard plan (1.25% daily for 150 days).	investment	13	medium	f	t	2026-02-09 20:07:13.185293+00	2026-02-09 20:04:16.687205+00	1	9
88db424b-b31a-44e9-ba6c-9ff4eeafb777	new_deposit	New Deposit Request: $6000.00	User jasonaniusgbian@gmail.com has submitted a deposit request for $6000.00 via BTC. Reference: cryto deposit	transaction	bda60823-7ac3-45f5-b69e-1fa5cafb466a	medium	f	f	\N	2026-02-12 22:34:54.363377+00	\N	10
33897f99-890d-4749-b1ed-198ba51c9668	new_deposit	New Deposit Request: $6000.00	User jasonaniusgbian@gmail.com has submitted a deposit request for $6000.00 via BTC. Reference: crypto deposit	transaction	ff4446b7-b9fd-4a8a-9dac-eb4d49d1d8bf	medium	f	t	2026-02-12 23:48:35.572063+00	2026-02-12 23:48:03.587034+00	1	10
72c4ea59-7b40-41d6-b182-c47a5071dea3	new_investment	New Investment Request: $5000.00	User jasonaniusgbian@gmail.com submitted an investment request for $5000.00 in the Horizon plan (1.50% daily for 180 days).	investment	14	medium	f	t	2026-02-12 23:52:36.543969+00	2026-02-12 23:50:55.993334+00	1	10
71021a32-d2b6-4bbd-8390-11fad0db50e5	new_deposit	New Deposit Request: $15000.00	User jeniferalberf@gmail.com has submitted a deposit request for $15000.00 via USDT. Reference: Usdt payment	transaction	5c21dcd5-d604-4897-8fed-86546c61ffcd	high	f	t	2026-02-14 17:40:15.096112+00	2026-02-14 17:37:12.91572+00	7	11
7a9a044d-099b-4566-9189-bac1f822b2c2	new_withdrawal	New Withdrawal Request: $7200.00	User jeniferalberf@gmail.com has submitted a withdrawal request for $7200.00 via admin_adjustment. Reference: Manual admin debit	transaction	b9210f50-c84c-441b-99e8-083c628f69c0	high	f	t	2026-02-14 17:46:48.602909+00	2026-02-14 17:46:47.555419+00	7	11
a0331f7d-c20e-428c-aaac-af8e840b159b	new_investment	New Investment Request: $2000.00	User jeniferalberf@gmail.com submitted an investment request for $2000.00 in the Vanguard plan (1.25% daily for 150 days).	investment	15	medium	f	f	\N	2026-02-14 19:07:56.635218+00	\N	11
e6da58f2-a924-499c-bf4a-155bc7332823	new_kyc	KYC update from teddybjorn72@live.no	teddybjorn72@live.no submitted personal information for review. Application ID: 47401109-46b4-48a7-8248-bd7c11cfaef5	kyc	47401109-46b4-48a7-8248-bd7c11cfaef5	high	f	f	\N	2026-02-16 21:20:37.314491+00	\N	2
c6e8e78b-0dde-4600-a806-27da572559a5	new_deposit	New Deposit Request: $500.00	User ozoaninnabuike@gmail.com has submitted a deposit request for $500.00 via USDC. Reference: crypto trx	transaction	ed5ed9b4-1b36-4405-8834-b7fb8b74ebc2	medium	f	f	\N	2026-02-23 00:12:40.324326+00	\N	4
c8836257-5116-4477-b76b-6749c1432b29	new_deposit	New Deposit Request: $11074.29	User teddybjorn72@live.no has submitted a deposit request for $11074.29 via admin_adjustment. Reference: Admin wallet credit	transaction	ba3ed87f-34b5-41c4-ae45-56e016bd4154	high	f	t	2026-02-23 01:54:10.039524+00	2026-02-23 01:54:09.607635+00	7	2
74fa66d1-0af9-471d-9f76-caa5651d2d78	new_kyc	KYC update from teddybjorn72@live.no	teddybjorn72@live.no submitted personal information for review. Application ID: 47401109-46b4-48a7-8248-bd7c11cfaef5	kyc	47401109-46b4-48a7-8248-bd7c11cfaef5	high	f	f	\N	2026-02-26 10:54:33.936572+00	\N	2
aeba9f1a-b78d-4aa0-9107-a1ea13b67bd4	new_kyc	KYC update from ozoaninnabuike@gmail.com	ozoaninnabuike@gmail.com submitted personal information for review. Application ID: 07910478-4de5-4ce3-b553-63923cc1f63c	kyc	07910478-4de5-4ce3-b553-63923cc1f63c	high	f	f	\N	2026-02-28 18:41:13.093386+00	\N	4
8da907ea-17c3-469a-82d9-6c18b12386b0	new_kyc	KYC update from ozoaninnabuike@gmail.com	ozoaninnabuike@gmail.com submitted identity documents for review. Application ID: 07910478-4de5-4ce3-b553-63923cc1f63c	kyc	07910478-4de5-4ce3-b553-63923cc1f63c	high	f	f	\N	2026-02-28 18:42:00.888424+00	\N	4
59088d75-4fc5-46bf-87f1-d03f65e0e21a	new_withdrawal	New Withdrawal Request: $50.00	User ozoaninnabuike@gmail.com has submitted a withdrawal request for $50.00 via bank_transfer. Reference: bc1hehjejeryeyrhrnrjwkesbrbr	transaction	d8a1a47b-c61b-49c5-9ab5-b916f6b62eb2	medium	f	t	2026-03-01 04:51:24.44387+00	2026-03-01 04:49:24.010044+00	1	4
8007094d-6fc0-451c-b72f-a388850d0d8c	new_kyc	KYC update from teddybjorn72@live.no	teddybjorn72@live.no submitted personal information for review. Application ID: 47401109-46b4-48a7-8248-bd7c11cfaef5	kyc	47401109-46b4-48a7-8248-bd7c11cfaef5	high	f	f	\N	2026-03-02 16:17:49.058782+00	\N	2
94d38930-0961-4f9d-bdea-6736464d9b45	new_kyc	KYC update from teddybjorn72@live.no	teddybjorn72@live.no submitted Passport document for review. Application ID: 47401109-46b4-48a7-8248-bd7c11cfaef5	kyc	47401109-46b4-48a7-8248-bd7c11cfaef5	high	f	f	\N	2026-03-02 16:19:39.252342+00	\N	2
4f7b0f5d-10d3-4669-a2ef-0831c30f4b7e	new_kyc	KYC update from teddybjorn72@live.no	teddybjorn72@live.no submitted National ID document for review. Application ID: 47401109-46b4-48a7-8248-bd7c11cfaef5	kyc	47401109-46b4-48a7-8248-bd7c11cfaef5	high	f	f	\N	2026-03-02 16:19:40.61412+00	\N	2
a07c8acb-4fd4-4498-b93b-585bc96cfc5f	new_kyc	KYC update from ozoaninnabuike@gmail.com	ozoaninnabuike@gmail.com submitted personal information for review. Application ID: 07910478-4de5-4ce3-b553-63923cc1f63c	kyc	07910478-4de5-4ce3-b553-63923cc1f63c	high	f	f	\N	2026-03-02 19:35:10.24969+00	\N	4
d4a1ed65-eccb-427b-b3d3-3d3d5f023c51	new_kyc	KYC update from teddybjorn72@live.no	teddybjorn72@live.no submitted Passport document for review. Application ID: 1bc38944-d6cb-414a-9c05-b8c465c54491	kyc	1bc38944-d6cb-414a-9c05-b8c465c54491	high	f	f	\N	2026-03-02 22:13:31.615329+00	\N	2
501e7656-f7e4-44cb-bfe2-43a236222ab7	new_kyc	KYC update from teddybjorn72@live.no	teddybjorn72@live.no submitted National ID document for review. Application ID: 1bc38944-d6cb-414a-9c05-b8c465c54491	kyc	1bc38944-d6cb-414a-9c05-b8c465c54491	high	f	f	\N	2026-03-02 22:13:32.988062+00	\N	2
ef99785a-3e08-4999-a989-1da610f01722	new_kyc	KYC update from teddybjorn72@live.no	teddybjorn72@live.no submitted personal information for review. Application ID: 1bc38944-d6cb-414a-9c05-b8c465c54491	kyc	1bc38944-d6cb-414a-9c05-b8c465c54491	high	f	f	\N	2026-03-02 22:27:16.25245+00	\N	2
cadd8240-7682-42c7-b66b-d87b36df0d26	new_kyc	KYC update from teddybjorn72@live.no	teddybjorn72@live.no submitted Passport document for review. Application ID: 1bc38944-d6cb-414a-9c05-b8c465c54491	kyc	1bc38944-d6cb-414a-9c05-b8c465c54491	high	f	f	\N	2026-03-03 00:13:07.018985+00	\N	2
81e8b76f-fb98-4278-bc5d-6fa62fe8b875	new_kyc	KYC update from teddybjorn72@live.no	teddybjorn72@live.no submitted National ID document for review. Application ID: 1bc38944-d6cb-414a-9c05-b8c465c54491	kyc	1bc38944-d6cb-414a-9c05-b8c465c54491	high	f	f	\N	2026-03-03 00:13:08.587298+00	\N	2
3548816a-b514-4a0b-b284-447e6c7a6e26	new_card_request	New Virtual Card Request: $1000.00	User ozoaninnabuike@gmail.com requested a virtual card. Amount: $1000.00. Notes: Virtual card purchase request via BTC	card	9fe703b2-7a56-428c-9ecb-f75537f85a7e	medium	f	f	\N	2026-03-10 13:01:54.628439+00	\N	4
c25d9e5d-d75a-4d2e-996f-cdd3a56619c1	new_card_request	New Virtual Card Request: $1000.00	User ozoaninnabuike@gmail.com requested a virtual card. Amount: $1000.00. Notes: Virtual card purchase request via BTC	card	e698d466-9aa1-4345-9db0-c5ec93ab906a	medium	f	f	\N	2026-03-10 13:31:07.385253+00	\N	4
456316ed-fc60-477d-8883-d0a1be827079	new_card_request	New Virtual Card Request: $1000.00	User ozoaninnabuike@gmail.com requested a virtual card. Amount: $1000.00. Notes: Virtual card purchase request via BTC	card	294e2b10-f8c8-4152-83c8-2e2f48e0b6fc	medium	f	f	\N	2026-03-10 13:31:20.514647+00	\N	4
f5f34dc2-1bb5-40b9-ac82-4d64508a0de3	new_card_request	New Virtual Card Request: $1000.00	User ozoaninnabuike@gmail.com requested a virtual card. Amount: $1000.00. Notes: Virtual card purchase request via BTC	card	be5292f7-1cb3-4dd5-b36d-ec9dbcee477f	medium	f	f	\N	2026-03-10 13:31:29.823082+00	\N	4
115df0bf-f84e-439a-b98e-7b98bd8669c9	new_card_request	New Virtual Card Request: $1000.00	User ozoaninnabuike@gmail.com requested a virtual card. Amount: $1000.00. Notes: Virtual card purchase request via BTC	card	f884ae5c-9592-4941-8c6b-e4be5352f49e	medium	f	f	\N	2026-03-10 13:31:43.718921+00	\N	4
721075fa-4292-456c-b456-689b1bd4df7e	new_card_request	New Virtual Card Request: $1000.00	User ozoaninnabuike@gmail.com requested a virtual card. Amount: $1000.00. Notes: Virtual card purchase request via BTC	card	56649396-27b8-4f69-80eb-ad93f32747ee	medium	f	f	\N	2026-03-10 14:55:12.596493+00	\N	4
69ee9a02-8b02-4cc2-8aa1-58536c600c8c	new_card_request	New Virtual Card Request: $1000.00	User ozoaninnabuike@gmail.com requested a virtual card. Amount: $1000.00. Notes: Virtual card purchase request via BTC	card	b6554e64-c357-418b-9427-fb1fdf029954	medium	f	f	\N	2026-03-11 21:03:48.133869+00	\N	4
e696818a-01a5-4168-85cb-8d53846c4c80	new_withdrawal	New Withdrawal Request: $24.00	User ozoaninnabuike@gmail.com has submitted a withdrawal request for $24.00 via bank_transfer. Reference: trx	transaction	866da78a-6c78-4657-b628-753d83862105	medium	f	f	\N	2026-03-12 14:25:23.204552+00	\N	4
1551361a-0bf0-457c-b27f-02f3781026a1	new_investment	New Investment Request: $500.00	User ozoaninnabuike@gmail.com submitted an investment request for $500.00 in the Pioneer plan (1.00% daily for 90 days).	investment	16	medium	f	f	\N	2026-03-29 03:53:31.294603+00	\N	4
810bf55b-572f-4aeb-81ad-0be424a83ac1	new_investment	New Investment Request: $999.00	User jamescodegh@gmail.com submitted an investment request for $999.00 in the Pioneer plan (1.00% daily for 90 days).	investment	17	medium	f	t	2026-03-29 04:00:22.929486+00	2026-03-29 03:59:30.929523+00	1	9
aec3804d-2170-44e5-bd07-b38a4a4d9b48	new_deposit	New Deposit Request: $1000.00	User afghcoshipping@gmail.com has submitted a deposit request for $1000.00 via USDT. Reference: trxn	transaction	fb3fc30b-3893-4cdd-a667-dfa57c32b26e	medium	f	t	2026-03-29 09:55:59.89932+00	2026-03-29 09:54:40.220189+00	7	17
3e3acae7-b399-4975-b83a-d5bc9c1621a6	new_investment	New Investment Request: $200.00	User afghcoshipping@gmail.com submitted an investment request for $200.00 in the Pioneer plan (1.00% daily for 90 days).	investment	18	medium	f	f	\N	2026-03-29 11:19:07.993695+00	\N	17
245e7525-b606-4fa9-a61b-07a7e15c86e0	new_deposit	New Deposit Request: $200.00	User afghcoshipping@gmail.com has submitted a deposit request for $200.00 via BTC. Reference: payment	transaction	fa71b596-eaf5-41c0-b04e-f4dcee7ce210	medium	f	t	2026-03-29 11:21:32.176231+00	2026-03-29 11:19:57.203242+00	7	17
65822989-77b5-444a-9cbb-4e5d4be3506a	new_deposit	New Deposit Request: $500.00	User jamescodegh@gmail.com has submitted a deposit request for $500.00 via BTC. Reference: walletss	transaction	63316ac7-aeee-4c71-a8ff-36ca31e85285	medium	f	t	2026-03-29 11:23:36.190607+00	2026-03-29 11:23:11.477496+00	7	9
\.


--
-- TOC entry 4049 (class 0 OID 17086)
-- Dependencies: 290
-- Data for Name: transactions_audit_log; Type: TABLE DATA; Schema: public; Owner: -
--

COPY public.transactions_audit_log (id, entity, entity_id, action, notes, created_at, admin_id) FROM stdin;
139e4752-3762-41d7-aeb1-91c7c9a0b7aa	transaction	5d15e18d-cca4-46e3-bc53-6b98079933ff	approve	Historical funding restoration	2026-01-08 13:41:20.111201+00	1
2bbc5b8d-2200-478d-ad82-5c08e29700cc	investment	1	approve	Historical investment restoration	2026-01-08 13:41:26.894331+00	1
a3cf8f98-8339-4513-b956-bf3896d1815a	investment	2	approve	Historical investment restoration	2026-01-08 13:41:29.645458+00	1
951bdab9-335d-47cf-aceb-1701cbd77ea0	investment	3	approve	Historical investment restoration	2026-01-08 13:41:32.563416+00	1
e9ea2155-645d-4fff-92c9-50f3af3ea060	transaction	096f3561-cadb-4386-9bc3-c1b110090653	approve	Approved via admin edit by admin@wolvcapital.com	2026-01-09 03:47:28.837909+00	1
130168b1-bad0-4e8a-9024-fde137a7f4b0	transaction	7c5afbda-94e9-42ac-8873-7f824d5cf062	update	Fields changed before status update: notes	2026-01-10 16:09:20.499145+00	1
6f0f97d2-879e-49e9-93f2-f3c9fd7db44a	transaction	98c12bc0-9561-49be-bdfa-c1529a2e3511	approve	Approved via admin action by admin@wolvcapital.com	2026-01-10 16:10:48.201852+00	1
e7079739-8568-4c64-95b3-88846176a478	transaction	676e8841-badd-429c-af09-d47fdc6d01a1	approve	Approved via admin action by admin@wolvcapital.com	2026-01-10 16:10:48.238487+00	1
47b7ac76-a675-4557-a734-1b72c74ac479	transaction	97202502-b31f-43a5-89e7-63570fe2de9a	approve	Approved via admin action by admin@wolvcapital.com	2026-01-10 16:10:48.266898+00	1
b56e4d59-0b09-4b0d-8b0b-d562f0331097	transaction	eb6c7092-47b3-4758-9453-6a67af078faa	approve	Approved via admin action by admin@wolvcapital.com	2026-01-10 16:10:48.299297+00	1
c38ef35e-cadd-4c08-911e-412a9b5d61a6	transaction	f236ef17-c694-4885-84f4-71dd6d4a7b56	approve	Approved via admin action by admin@wolvcapital.com	2026-01-10 16:10:48.333683+00	1
de71d039-beae-452d-a749-af39bc48e733	transaction	6e8c6ba6-cff1-4863-9a93-cbdd3d4cb59d	approve	Approved via admin action by admin@wolvcapital.com	2026-01-10 16:10:48.377453+00	1
c1571c9d-e660-4e9f-a799-f43491504050	transaction	7b0029af-9bea-4752-982d-5b04dddd6593	approve	Approved via admin action by admin@wolvcapital.com	2026-01-10 16:10:48.430721+00	1
ab3d16ac-2b93-4636-a2c8-ed38a9f3ea7a	transaction	c302d332-7e52-4f79-99e8-033b4ceaa4b3	approve	Approved via admin action by admin@wolvcapital.com	2026-01-10 16:10:48.467018+00	1
7d808b3f-2681-413c-9f13-2cc8b6168e1f	transaction	cd6b2467-bc6a-437f-8b66-04a35177d279	approve	Approved via admin action by admin@wolvcapital.com	2026-01-10 16:10:48.511073+00	1
b2881e19-ea5b-4309-9bbd-135836bf2ef4	transaction	2a98fae4-efc7-4a9c-bf57-6d26a62e5341	approve	Approved via admin action by admin@wolvcapital.com	2026-01-10 16:10:48.548454+00	1
e71ba12b-2a1d-4010-a6e9-a5c56c123491	transaction	e72196cd-855d-40e1-87c9-d5c549eca551	approve	Approved via admin action by admin@wolvcapital.com	2026-01-10 16:10:48.587734+00	1
d25cf887-c352-4937-a1df-45692f9d4cd1	transaction	ff616c67-5d9b-4a6b-bf9d-c3687e4f7b2a	approve	Approved via admin action by admin@wolvcapital.com	2026-01-10 16:10:48.630708+00	1
ce177bbb-302b-4ebd-82d3-bfab57e84c9a	transaction	39e2c633-aa92-4032-abc9-abfde2e31402	approve	Approved via admin action by admin@wolvcapital.com	2026-01-10 16:10:48.669588+00	1
a4e3c2a5-06b8-4e60-8e95-4fd24e6f19ab	transaction	0b307a5a-894a-4874-9e36-52bf7d0ca2a0	approve	Approved via admin action by admin@wolvcapital.com	2026-01-10 16:10:48.715399+00	1
d1558f29-2b82-41a1-8660-2f5ba732ce58	transaction	c29fc986-f1a3-4efa-97fe-3a90282e3269	approve	Approved via admin action by admin@wolvcapital.com	2026-01-10 16:10:48.74984+00	1
675a1faa-3e75-42f9-99e8-e989da2566c8	transaction	7f23278e-e883-4b65-8410-53939ff9b668	approve	Approved via admin action by admin@wolvcapital.com	2026-01-10 16:10:48.785765+00	1
abfa1e82-3db5-4b37-bd7f-246329a83d53	transaction	c7a21bc7-11ba-4a45-954b-6a92968995d6	approve	Approved via admin action by admin@wolvcapital.com	2026-01-10 16:10:48.820423+00	1
900bc283-5c42-4b66-bfcf-67faf725b8ee	transaction	04c184c6-9bdd-4f4b-afa0-e8cfc15c7dda	approve	Approved via admin action by admin@wolvcapital.com	2026-01-10 16:10:48.849001+00	1
ecb1ed49-5f96-4636-b62e-9de1060eefd9	transaction	5edb9d69-1471-40ae-a43d-97f5660e8f87	approve	Approved via admin action by admin@wolvcapital.com	2026-01-10 16:10:48.881702+00	1
0d5e1610-f4ee-4fc6-bbf0-067ab7bc5104	transaction	e274cc52-dd80-4872-ae44-8738853507ba	approve	Approved via admin action by admin@wolvcapital.com	2026-01-10 16:10:48.921704+00	1
956b6f56-0e5c-4fae-8cb2-b6a4acc85bbb	transaction	25f377a4-54a8-4901-8995-3c67d672fe45	approve	Approved via admin action by admin@wolvcapital.com	2026-01-10 16:10:48.964677+00	1
2f3c50be-fbd8-481c-a302-3c69ee89ac73	transaction	5ba0f422-68df-4775-a6ce-fbb1cec3b73d	approve	Approved via admin action by admin@wolvcapital.com	2026-01-10 16:10:49.020115+00	1
e43405bd-dfe0-4b28-ae6c-42603d8659f1	transaction	320f6d63-fe85-47c8-a1f0-53555b2b2e12	approve	Approved via admin action by admin@wolvcapital.com	2026-01-10 16:10:49.071174+00	1
97e44e05-8617-4103-bc83-a4fd26bc3974	transaction	e092d6b8-a77b-4cf4-a2c7-9b412394089d	approve	Approved via admin action by admin@wolvcapital.com	2026-01-10 16:10:49.113097+00	1
21706b05-82bd-465c-843f-7872883928d2	transaction	2060537d-5eb5-45d7-a012-39815d7b3f16	approve	Approved via admin action by admin@wolvcapital.com	2026-01-10 16:10:49.14615+00	1
34e930de-4c75-46f6-a251-0614d3d267fa	transaction	083a8fcb-7a7f-496b-9484-29a921130df8	approve	Approved via admin action by admin@wolvcapital.com	2026-01-10 16:10:49.182713+00	1
35aefe2a-7cb3-4676-9f4b-8ef24ab5fed6	transaction	9b1a187c-0cf9-49ba-bf90-eaae4cb69d11	approve	Approved via admin action by admin@wolvcapital.com	2026-01-10 16:10:49.226339+00	1
900cb4c9-2d0a-4510-92af-1ad9e13eb47e	transaction	3c6b62a3-236c-4114-a9f4-ccef1f3d616c	approve	Approved via admin action by admin@wolvcapital.com	2026-01-10 16:10:49.267747+00	1
808d3014-9f26-49b6-9425-06e4cd99d2d7	transaction	5e7fb533-45ca-4eac-8f48-be9e81226fa4	approve	Approved via admin action by admin@wolvcapital.com	2026-01-10 16:10:49.326463+00	1
60f9327a-9189-43d3-a368-84ceebd92e3e	transaction	62e2ef74-67c9-4ec0-a600-7d1743cb9625	approve	Approved via admin action by admin@wolvcapital.com	2026-01-10 16:10:49.366846+00	1
110a348f-545b-4ff6-a994-026000e43016	transaction	2a2aa15f-3b57-417b-8369-6ffe3b3a5575	approve	Approved via admin action by admin@wolvcapital.com	2026-01-10 16:10:49.40643+00	1
91eea067-dcf0-45f4-9c77-8ca67d072817	transaction	b547e104-dca4-42eb-ad21-60167a477f8c	approve	Approved via admin action by admin@wolvcapital.com	2026-01-10 16:10:49.449699+00	1
91fadf5f-f522-49ec-b5a4-93c5f05f3a84	transaction	88e24e0f-ba14-47cc-97f6-6fc078a1163b	approve	Approved via admin action by admin@wolvcapital.com	2026-01-10 16:10:49.489649+00	1
2783b47a-12e7-44ac-a9e4-f99703eced9c	transaction	aee8eed2-01ef-4d61-b7df-918ed4a97db8	approve	Approved via admin action by admin@wolvcapital.com	2026-01-10 16:10:49.525978+00	1
e4b55c4d-2756-4a92-922f-a7ce062d3255	transaction	fd91d5d4-8228-4c8c-a11e-0cc09ef3739f	approve	Approved via admin action by admin@wolvcapital.com	2026-01-10 16:10:49.559552+00	1
72dc4f43-395d-4c24-a0e2-e625454600f2	transaction	ea8e4a9d-1ec9-4712-a5b6-15c2ded6ccb1	approve	Approved via admin action by admin@wolvcapital.com	2026-01-10 16:10:49.588526+00	1
da8773cb-f445-421a-9ca0-2b78b941add4	transaction	4dde93eb-42a6-408d-b150-1dbfc0971fa2	approve	Approved via admin action by admin@wolvcapital.com	2026-01-10 16:10:49.62462+00	1
2e280f87-b0f1-40ab-a26a-35f7dc7738b1	transaction	a5558f14-b0ec-42ff-b2c5-e3c7f120fea8	approve	Approved via admin action by admin@wolvcapital.com	2026-01-10 16:10:49.651642+00	1
61ae6009-e305-496d-8d8f-950bf9f20347	transaction	f9d3df4b-1704-4f24-bb09-427b5002ab7a	approve	Approved via admin action by admin@wolvcapital.com	2026-01-10 16:10:49.679646+00	1
0b4b8cf6-3911-420f-ae7e-457de6157649	transaction	602deedf-4fa3-4364-b623-43915ea0220e	approve	Approved via admin action by admin@wolvcapital.com	2026-01-10 16:10:49.71737+00	1
4d3f3c62-3e98-4086-b7c7-621196a7101c	transaction	6223b424-4e62-4f20-a5fa-3997b3b3e286	approve	Approved via admin action by admin@wolvcapital.com	2026-01-10 16:10:49.752694+00	1
87e22827-8cf7-488b-b959-e59a95071fc0	transaction	72526e0e-64df-4631-9183-f2ee7bf1c337	approve	Approved via admin action by admin@wolvcapital.com	2026-01-10 16:10:49.78453+00	1
0990554b-f495-428e-b46e-7879afc1934c	transaction	b8f58a2f-cd8a-46e1-932b-2370070a36ce	approve	Approved via admin action by admin@wolvcapital.com	2026-01-10 16:10:49.819192+00	1
1f173a3f-4d41-489e-a736-488f7e3a3e96	transaction	ff12e168-37d1-4387-b23c-49ab205021a6	approve	Approved via admin action by admin@wolvcapital.com	2026-01-10 16:10:49.84639+00	1
698d79cd-8acc-41b1-82a6-361e239ea2e8	transaction	7d89d89b-3321-4f70-a535-4024d1059a70	approve	Approved via admin action by admin@wolvcapital.com	2026-01-10 16:10:49.877707+00	1
980ef900-8299-4c9d-a19d-82553c5bdc63	transaction	05f35a14-a4ba-4d33-8c5d-2e24d95f15be	approve	Approved via admin action by admin@wolvcapital.com	2026-01-10 16:10:49.920268+00	1
c246b9b6-ac91-479f-9b98-17321863910d	transaction	353ba2da-4a6a-48b6-96a5-19525ee767ce	approve	Approved via admin action by admin@wolvcapital.com	2026-01-10 16:10:49.9503+00	1
45b1979d-753f-4758-8997-f3bf0d67603c	transaction	2573e424-631c-41ee-bc9b-592cf9e623b9	approve	Approved via admin action by admin@wolvcapital.com	2026-01-10 16:10:49.97951+00	1
90a6a37e-fa2e-48fe-83f2-307e5ca0fb10	transaction	4347cf45-51e0-418c-a637-aa29b4d2dad2	approve	Approved via admin action by admin@wolvcapital.com	2026-01-10 16:10:50.027953+00	1
f9cde736-41a5-404a-b994-d3c4f5493a68	transaction	5c2d8866-e61e-4662-805c-c3852cffcbc2	approve	Approved via admin action by admin@wolvcapital.com	2026-01-10 16:10:50.07367+00	1
df25ce9a-82c0-4fbd-9873-7fe22a94f9ee	transaction	3ab11fba-5385-4d33-9e8d-dec28633a0df	approve	Approved via admin action by admin@wolvcapital.com	2026-01-10 16:10:50.112171+00	1
50199c98-838c-40e3-bb81-c1561ccea061	transaction	92bb0255-3f2a-4140-9c33-057c9166355e	approve	Approved via admin action by admin@wolvcapital.com	2026-01-10 16:10:50.139846+00	1
9a82b529-f532-4ea2-af96-4846dc42178f	transaction	430aff24-8fae-47d8-ab59-42569d87937e	approve	Approved via admin action by admin@wolvcapital.com	2026-01-10 16:10:50.167767+00	1
ac65420a-2f2b-4a1c-84ce-155fb72e346c	transaction	4a165dde-03fe-4cba-af75-20c3285e5e1a	approve	Approved via admin action by admin@wolvcapital.com	2026-01-10 16:10:50.216643+00	1
8259a0c1-d86b-4d00-91dc-36a39fcb1456	transaction	6530a138-0fb1-4206-9964-58e521e05bc0	approve	Approved via admin action by admin@wolvcapital.com	2026-01-10 16:10:50.251047+00	1
ea5e9cbb-f166-4b33-affe-9a2cade87a9c	transaction	a2ecee67-ae48-4eed-ad30-cb1c80d27f87	approve	Approved via admin action by admin@wolvcapital.com	2026-01-10 16:10:50.278988+00	1
4a1495c3-bba6-4a5e-b66e-2a61a3b875bb	transaction	ec005c84-1a71-4bdb-ad61-0ce976136ea2	approve	Approved via admin action by admin@wolvcapital.com	2026-01-10 16:10:50.317905+00	1
acaeb8f5-4197-4f31-b99e-484062e235aa	transaction	a03ea4c0-3fae-43f7-9f26-fe232fe59347	approve	Approved via admin action by admin@wolvcapital.com	2026-01-10 16:10:50.343553+00	1
2df5a6bb-b59a-45ad-8e4d-43638c230360	transaction	626f635a-dd2d-402e-8911-ba002a2f376a	approve	Approved via admin action by admin@wolvcapital.com	2026-01-10 16:10:50.37065+00	1
d69706c7-c390-4357-bbe0-b210a6ee4454	transaction	661c9769-f55e-4287-a26d-9282dc597294	approve	Approved via admin action by admin@wolvcapital.com	2026-01-10 16:10:50.410889+00	1
2bc1b1bb-3cc7-4ef7-8402-bcce352d4802	transaction	b17287c0-57c5-4188-a615-851abbaf6c40	approve	Approved via admin action by admin@wolvcapital.com	2026-01-10 16:10:50.443871+00	1
bbf1f940-ec0e-4f9d-9da4-ccb28956fd6a	transaction	474c26ca-64d0-4109-9c55-e8b5d3002d96	approve	Approved via admin action by admin@wolvcapital.com	2026-01-10 16:10:50.489678+00	1
743b1f9b-db21-4c14-8463-6128d23421ee	transaction	812c7609-1701-4045-ad50-387b9a8ba043	approve	Approved via admin action by admin@wolvcapital.com	2026-01-10 16:10:50.52734+00	1
d386da4f-4c59-4e46-aafd-507d6878b382	transaction	017c29d7-79af-49a6-8963-c7010c1d2bb5	approve	Approved via admin action by admin@wolvcapital.com	2026-01-10 16:10:50.556243+00	1
340b2777-53fb-4765-ba5b-f26fb65e8a6c	transaction	e2593f7c-1c62-441e-833c-a4403e798c56	approve	Approved via admin action by admin@wolvcapital.com	2026-01-10 16:10:50.591157+00	1
5458edfd-600f-412e-a4a1-637285258e64	transaction	5a7a0648-4a74-469b-ae9b-d2524b132f62	approve	Approved via admin action by admin@wolvcapital.com	2026-01-10 16:10:50.629835+00	1
a653a201-dd63-4e25-8c6a-418f28c8e617	transaction	be66c9ab-c5e4-4317-b772-27039a478f3e	approve	Approved via admin action by admin@wolvcapital.com	2026-01-10 16:10:50.659864+00	1
6b5c17d6-3384-4219-bbad-1a590af5d1a9	transaction	5a83d291-e348-48e7-8b47-10aba98394f5	approve	Approved via admin action by admin@wolvcapital.com	2026-01-10 16:10:50.709071+00	1
609e62d6-8aed-47eb-9337-f7935f9cfb63	transaction	13c9aff8-cbbb-403a-b392-fcfee27b4b1e	approve	Approved via admin action by admin@wolvcapital.com	2026-01-10 16:10:50.741753+00	1
7551effb-d25e-4e43-a702-09aa16d0b8ad	transaction	84ab186f-abc0-4905-bc36-4f9b0e6b8a00	approve	Approved via admin action by admin@wolvcapital.com	2026-01-10 16:10:50.774994+00	1
53f069d8-bbce-4dc4-bdfd-8e2ea8d2d5e7	transaction	db22d661-fd8a-4ced-8c89-79722578e473	approve	Approved via admin action by admin@wolvcapital.com	2026-01-10 16:10:50.819042+00	1
91d21068-5db9-457a-a4d8-cb5d90a3d0d4	transaction	2b9b18bb-47c5-4aab-810e-3827f38fc2b5	approve	Approved via admin action by admin@wolvcapital.com	2026-01-10 16:10:50.856524+00	1
3e547b0d-640e-4301-94d3-2e4456f27d22	transaction	850d9159-241f-483e-831e-a87641a09719	approve	Approved via admin action by admin@wolvcapital.com	2026-01-10 16:10:50.89088+00	1
c3a08bfa-173e-45f8-ae96-c8b0761665e6	transaction	e6f627f7-7a7e-4900-a1a9-ad2ea54d9751	approve	Approved via admin action by admin@wolvcapital.com	2026-01-10 16:10:50.927213+00	1
6858e38b-36c5-4adb-9ec8-1c8592aa0eb1	transaction	0a70114b-9bac-485c-a5c9-71b35f68b25c	approve	Approved via admin action by admin@wolvcapital.com	2026-01-10 16:10:50.958323+00	1
a96266ab-4c6e-4f97-9fdd-805ce65d801c	transaction	3d40dca0-d565-4a15-9cfb-6326592b1892	approve	Approved via admin action by admin@wolvcapital.com	2026-01-10 16:10:50.992181+00	1
1651d66a-71d5-4e97-836b-3fb9ab82dc99	transaction	67e1fb44-d585-41ab-8d0f-d3806017e410	approve	Approved via admin action by admin@wolvcapital.com	2026-01-10 16:10:51.028959+00	1
823e9a96-844f-4e6c-bbd6-8db936da6cf2	transaction	0eae24cd-074a-485c-af56-8b6449c66eb3	approve	Approved via admin action by admin@wolvcapital.com	2026-01-10 16:10:51.067579+00	1
dbcf4d4f-d734-439e-8ff5-14486a8e70d9	transaction	126bcb73-3c6a-40b2-9a93-b60a531329ea	approve	Approved via admin action by admin@wolvcapital.com	2026-01-10 16:10:51.107067+00	1
80ee1ab7-9297-4643-bbf4-67a70d5fad73	transaction	791ec597-6570-4fd3-953e-8de1a906a597	approve	Approved via admin action by admin@wolvcapital.com	2026-01-10 16:10:51.140667+00	1
ce2e1104-11d5-444c-81a8-a772b3372e72	transaction	2af2f97c-14ff-4e56-b7cd-0a92dbbf27d7	reject	Rejected via admin action by admin@wolvcapital.com	2026-01-11 02:58:49.612263+00	1
33141b1b-3ce7-4f6e-ab96-448c33d2b67d	investment	7	approve	Approved via admin	2026-01-16 03:17:22.570466+00	7
6f9412a0-7cd8-4e72-8e78-8df5347f98c7	investment	9	approve	Approved via admin	2026-01-18 16:27:53.375602+00	1
f8df963b-232f-48aa-a9db-17250bc5208b	transaction	a1698454-d4b8-495d-82f6-2ed8deb8797c	approve	Approved via admin	2026-01-18 18:32:21.947676+00	1
11fd3802-6df2-4ff7-bdce-54f2122c0608	transaction	e42c65de-52e9-4a9d-ba06-1d42695e2488	approve	Manual credit	2026-01-18 18:33:24.8522+00	1
fda15b4c-12a1-4439-86fe-6083f20a6ba4	investment	11	approve	Approved via admin	2026-01-18 18:36:39.720385+00	1
26563275-4179-4e38-9f60-7b4aca6f15ce	transaction	52288b67-8d0e-4320-8fef-e53003c82c9a	approve	Approved via admin	2026-02-09 20:02:02.388765+00	1
ab220ed5-16d2-439c-bbca-a1e38f15bf05	investment	13	approve	Approved via admin	2026-02-09 20:07:13.035855+00	1
4b4babd7-1c6f-4ac2-97a8-ce74e255fdc6	transaction	ff4446b7-b9fd-4a8a-9dac-eb4d49d1d8bf	approve	Approved via admin	2026-02-12 23:48:35.42355+00	1
7d938f12-7fcc-4581-8df4-b516b71f8017	investment	14	approve	Approved via admin	2026-02-12 23:52:36.396188+00	1
4c5ef89d-a57b-4396-a5f2-bf4166ef3469	transaction	5c21dcd5-d604-4897-8fed-86546c61ffcd	approve	Approved via admin	2026-02-14 17:40:15.078215+00	7
81ca8242-9a70-4dd7-aed1-91361365feed	transaction	b9210f50-c84c-441b-99e8-083c628f69c0	approve	Manual debit	2026-02-14 17:46:48.600304+00	7
40ede4d2-952e-4bbe-a8b5-4cbbb2c69cfe	transaction	ba3ed87f-34b5-41c4-ae45-56e016bd4154	approve	Admin credit	2026-02-23 01:54:10.035517+00	7
ff0e6ebf-a15e-416e-8ed6-08c2d23d7e17	transaction	d8a1a47b-c61b-49c5-9ab5-b916f6b62eb2	approve	Approved via admin	2026-03-01 04:51:24.434185+00	1
5a2a68a7-df67-43e8-8e9c-6da72f1f04e6	user	4	create	Virtual card request 9fe703b2-7a56-428c-9ecb-f75537f85a7e created by user	2026-03-10 13:01:54.646565+00	4
966a5567-a6fb-4974-9465-75740e842400	user	4	create	Virtual card request e698d466-9aa1-4345-9db0-c5ec93ab906a created by user	2026-03-10 13:31:07.389917+00	4
d53d680d-54a8-4e96-9cbd-93433bb65db3	user	4	create	Virtual card request 294e2b10-f8c8-4152-83c8-2e2f48e0b6fc created by user	2026-03-10 13:31:20.517201+00	4
4d25a20b-29da-42e4-ae91-4f8a74fa2d4e	user	4	create	Virtual card request be5292f7-1cb3-4dd5-b36d-ec9dbcee477f created by user	2026-03-10 13:31:29.825413+00	4
586868ee-79e9-4bd8-9204-333f8132bee9	user	4	create	Virtual card request f884ae5c-9592-4941-8c6b-e4be5352f49e created by user	2026-03-10 13:31:43.72256+00	4
cd8a3bda-fcea-44a3-bf4d-b000df594930	user	4	create	Virtual card request 56649396-27b8-4f69-80eb-ad93f32747ee created by user	2026-03-10 14:55:12.599952+00	4
ce7e7fb7-9e50-4720-ad11-0d90a70905d8	user	4	create	Virtual card request b6554e64-c357-418b-9427-fb1fdf029954 created by user	2026-03-11 21:03:48.218408+00	4
1669e845-efc8-4163-b7a8-ffc8e22817ce	investment	17	approve	Approved via admin	2026-03-29 04:00:22.918853+00	1
c9987909-1ed9-47e1-9da8-a2ac4e20d805	transaction	fb3fc30b-3893-4cdd-a667-dfa57c32b26e	approve	Approved via admin	2026-03-29 09:55:59.895403+00	7
9e7581d0-8667-4bd9-9935-0402a79bd234	transaction	fa71b596-eaf5-41c0-b04e-f4dcee7ce210	approve	Approved via admin	2026-03-29 11:21:32.028049+00	7
8578b89c-43e8-4851-a010-2e706ac03919	transaction	63316ac7-aeee-4c71-a8ff-36ca31e85285	approve	Approved via admin	2026-03-29 11:23:36.043048+00	7
\.


--
-- TOC entry 4052 (class 0 OID 17101)
-- Dependencies: 293
-- Data for Name: transactions_crypto_wallet; Type: TABLE DATA; Schema: public; Owner: -
--

COPY public.transactions_crypto_wallet (id, currency, wallet_address, network, is_active, created_at, updated_at) FROM stdin;
1	BTC	bc1q2tkj3k3njtuu7u4vjzw98c26h6s3ss9hq4mrxj	Bitcoin	t	2026-01-08 14:16:48.904418+00	2026-01-08 14:16:48.904895+00
2	ETH	0xa148347079Ad18f7be316Bed2B2FA7345fD9CD9B	Ethereum	t	2026-01-08 14:16:51.31705+00	2026-01-08 14:16:51.317871+00
3	USDT	0xa148347079Ad18f7be316Bed2B2FA7345fD9CD9B	Arbitrum	t	2026-01-08 14:16:53.822723+00	2026-01-08 14:16:53.823192+00
4	USDC	0xa148347079Ad18f7be316Bed2B2FA7345fD9CD9B	Arbitrum	t	2026-01-08 14:16:56.827232+00	2026-01-08 14:16:56.827979+00
\.


--
-- TOC entry 4053 (class 0 OID 17108)
-- Dependencies: 294
-- Data for Name: transactions_transaction; Type: TABLE DATA; Schema: public; Owner: -
--

COPY public.transactions_transaction (id, tx_type, payment_method, amount, reference, tx_hash, wallet_address_used, status, notes, created_at, updated_at, approved_by_id, user_id, investment_id) FROM stdin;
5d15e18d-cca4-46e3-bc53-6b98079933ff	deposit	bank_transfer	25000.00	Historical funding deposit for placeholder-teddybjorn72			approved	Historical funding restoration	2026-01-08 13:41:17.663233+00	2026-01-08 13:41:19.655581+00	1	2	\N
b547e104-dca4-42eb-ad21-60167a477f8c	deposit	bank_transfer	135.00	ROI payout 2025-12-20 for investment 2			approved	Approved via admin action by admin@wolvcapital.com	2026-01-08 13:45:00.984684+00	2026-01-10 16:10:49.444442+00	1	2	\N
88e24e0f-ba14-47cc-97f6-6fc078a1163b	deposit	bank_transfer	135.00	ROI payout 2025-12-19 for investment 2			approved	Approved via admin action by admin@wolvcapital.com	2026-01-08 13:44:57.752211+00	2026-01-10 16:10:49.485634+00	1	2	\N
aee8eed2-01ef-4d61-b7df-918ed4a97db8	deposit	bank_transfer	135.00	ROI payout 2025-12-18 for investment 2			approved	Approved via admin action by admin@wolvcapital.com	2026-01-08 13:44:54.572247+00	2026-01-10 16:10:49.523588+00	1	2	\N
ea8e4a9d-1ec9-4712-a5b6-15c2ded6ccb1	deposit	bank_transfer	135.00	ROI payout 2025-12-16 for investment 2			approved	Approved via admin action by admin@wolvcapital.com	2026-01-08 13:44:49.479861+00	2026-01-10 16:10:49.585803+00	1	2	\N
4dde93eb-42a6-408d-b150-1dbfc0971fa2	deposit	bank_transfer	135.00	ROI payout 2025-12-15 for investment 2			approved	Approved via admin action by admin@wolvcapital.com	2026-01-08 13:44:46.596134+00	2026-01-10 16:10:49.622336+00	1	2	\N
f9d3df4b-1704-4f24-bb09-427b5002ab7a	deposit	bank_transfer	135.00	ROI payout 2025-12-13 for investment 2			approved	Approved via admin action by admin@wolvcapital.com	2026-01-08 13:44:40.917475+00	2026-01-10 16:10:49.677754+00	1	2	\N
602deedf-4fa3-4364-b623-43915ea0220e	deposit	bank_transfer	135.00	ROI payout 2025-12-12 for investment 2			approved	Approved via admin action by admin@wolvcapital.com	2026-01-08 13:44:38.655635+00	2026-01-10 16:10:49.715112+00	1	2	\N
6223b424-4e62-4f20-a5fa-3997b3b3e286	deposit	bank_transfer	135.00	ROI payout 2025-12-11 for investment 2			approved	Approved via admin action by admin@wolvcapital.com	2026-01-08 13:44:35.724679+00	2026-01-10 16:10:49.750213+00	1	2	\N
b8f58a2f-cd8a-46e1-932b-2370070a36ce	deposit	bank_transfer	135.00	ROI payout 2025-12-09 for investment 2			approved	Approved via admin action by admin@wolvcapital.com	2026-01-08 13:44:29.71196+00	2026-01-10 16:10:49.817368+00	1	2	\N
ff12e168-37d1-4387-b23c-49ab205021a6	deposit	bank_transfer	135.00	ROI payout 2025-12-08 for investment 2			approved	Approved via admin action by admin@wolvcapital.com	2026-01-08 13:44:27.394815+00	2026-01-10 16:10:49.842822+00	1	2	\N
7d89d89b-3321-4f70-a535-4024d1059a70	deposit	bank_transfer	135.00	ROI payout 2025-12-07 for investment 2			approved	Approved via admin action by admin@wolvcapital.com	2026-01-08 13:44:24.487306+00	2026-01-10 16:10:49.873844+00	1	2	\N
353ba2da-4a6a-48b6-96a5-19525ee767ce	deposit	bank_transfer	135.00	ROI payout 2025-12-05 for investment 2			approved	Approved via admin action by admin@wolvcapital.com	2026-01-08 13:44:20.117419+00	2026-01-10 16:10:49.948035+00	1	2	\N
2573e424-631c-41ee-bc9b-592cf9e623b9	deposit	bank_transfer	135.00	ROI payout 2025-12-04 for investment 2			approved	Approved via admin action by admin@wolvcapital.com	2026-01-08 13:44:18.020184+00	2026-01-10 16:10:49.97681+00	1	2	\N
4347cf45-51e0-418c-a637-aa29b4d2dad2	deposit	bank_transfer	135.00	ROI payout 2025-12-03 for investment 2			approved	Approved via admin action by admin@wolvcapital.com	2026-01-08 13:44:15.24042+00	2026-01-10 16:10:50.021684+00	1	2	\N
3ab11fba-5385-4d33-9e8d-dec28633a0df	deposit	bank_transfer	135.00	ROI payout 2025-12-01 for investment 2			approved	Approved via admin action by admin@wolvcapital.com	2026-01-08 13:44:09.526623+00	2026-01-10 16:10:50.110239+00	1	2	\N
92bb0255-3f2a-4140-9c33-057c9166355e	deposit	bank_transfer	135.00	ROI payout 2025-11-30 for investment 2			approved	Approved via admin action by admin@wolvcapital.com	2026-01-08 13:44:07.245291+00	2026-01-10 16:10:50.137864+00	1	2	\N
430aff24-8fae-47d8-ab59-42569d87937e	deposit	bank_transfer	135.00	ROI payout 2025-11-29 for investment 2			approved	Approved via admin action by admin@wolvcapital.com	2026-01-08 13:44:04.613505+00	2026-01-10 16:10:50.164043+00	1	2	\N
6530a138-0fb1-4206-9964-58e521e05bc0	deposit	bank_transfer	135.00	ROI payout 2025-11-27 for investment 2			approved	Approved via admin action by admin@wolvcapital.com	2026-01-08 13:44:00.316179+00	2026-01-10 16:10:50.24862+00	1	2	\N
a2ecee67-ae48-4eed-ad30-cb1c80d27f87	deposit	bank_transfer	135.00	ROI payout 2025-11-26 for investment 2			approved	Approved via admin action by admin@wolvcapital.com	2026-01-08 13:43:58.111923+00	2026-01-10 16:10:50.275811+00	1	2	\N
ec005c84-1a71-4bdb-ad61-0ce976136ea2	deposit	bank_transfer	135.00	ROI payout 2025-11-25 for investment 2			approved	Approved via admin action by admin@wolvcapital.com	2026-01-08 13:43:55.341507+00	2026-01-10 16:10:50.314725+00	1	2	\N
626f635a-dd2d-402e-8911-ba002a2f376a	deposit	bank_transfer	135.00	ROI payout 2025-11-23 for investment 2			approved	Approved via admin action by admin@wolvcapital.com	2026-01-08 13:43:49.525362+00	2026-01-10 16:10:50.368537+00	1	2	\N
661c9769-f55e-4287-a26d-9282dc597294	deposit	bank_transfer	62.49	ROI payout 2025-12-10 for investment 1			approved	Approved via admin action by admin@wolvcapital.com	2026-01-08 13:43:46.34103+00	2026-01-10 16:10:50.407457+00	1	2	\N
b17287c0-57c5-4188-a615-851abbaf6c40	deposit	bank_transfer	62.49	ROI payout 2025-12-09 for investment 1			approved	Approved via admin action by admin@wolvcapital.com	2026-01-08 13:43:43.98042+00	2026-01-10 16:10:50.44138+00	1	2	\N
812c7609-1701-4045-ad50-387b9a8ba043	deposit	bank_transfer	62.49	ROI payout 2025-12-07 for investment 1			approved	Approved via admin action by admin@wolvcapital.com	2026-01-08 13:43:39.273211+00	2026-01-10 16:10:50.524443+00	1	2	\N
017c29d7-79af-49a6-8963-c7010c1d2bb5	deposit	bank_transfer	62.49	ROI payout 2025-12-06 for investment 1			approved	Approved via admin action by admin@wolvcapital.com	2026-01-08 13:43:36.917368+00	2026-01-10 16:10:50.553784+00	1	2	\N
5a7a0648-4a74-469b-ae9b-d2524b132f62	deposit	bank_transfer	62.49	ROI payout 2025-12-04 for investment 1			approved	Approved via admin action by admin@wolvcapital.com	2026-01-08 13:43:31.997612+00	2026-01-10 16:10:50.627734+00	1	2	\N
be66c9ab-c5e4-4317-b772-27039a478f3e	deposit	bank_transfer	62.49	ROI payout 2025-12-03 for investment 1			approved	Approved via admin action by admin@wolvcapital.com	2026-01-08 13:43:29.693914+00	2026-01-10 16:10:50.657623+00	1	2	\N
5a83d291-e348-48e7-8b47-10aba98394f5	deposit	bank_transfer	62.49	ROI payout 2025-12-02 for investment 1			approved	Approved via admin action by admin@wolvcapital.com	2026-01-08 13:43:27.509614+00	2026-01-10 16:10:50.705274+00	1	2	\N
84ab186f-abc0-4905-bc36-4f9b0e6b8a00	deposit	bank_transfer	62.49	ROI payout 2025-11-30 for investment 1			approved	Approved via admin action by admin@wolvcapital.com	2026-01-08 13:43:22.580185+00	2026-01-10 16:10:50.772423+00	1	2	\N
db22d661-fd8a-4ced-8c89-79722578e473	deposit	bank_transfer	62.49	ROI payout 2025-11-29 for investment 1			approved	Approved via admin action by admin@wolvcapital.com	2026-01-08 13:43:19.879872+00	2026-01-10 16:10:50.815827+00	1	2	\N
850d9159-241f-483e-831e-a87641a09719	deposit	bank_transfer	62.49	ROI payout 2025-11-27 for investment 1			approved	Approved via admin action by admin@wolvcapital.com	2026-01-08 13:43:13.87515+00	2026-01-10 16:10:50.883239+00	1	2	\N
e6f627f7-7a7e-4900-a1a9-ad2ea54d9751	deposit	bank_transfer	62.49	ROI payout 2025-11-26 for investment 1			approved	Approved via admin action by admin@wolvcapital.com	2026-01-08 13:43:11.523975+00	2026-01-10 16:10:50.924169+00	1	2	\N
0a70114b-9bac-485c-a5c9-71b35f68b25c	deposit	bank_transfer	62.49	ROI payout 2025-11-25 for investment 1			approved	Approved via admin action by admin@wolvcapital.com	2026-01-08 13:43:07.96236+00	2026-01-10 16:10:50.955534+00	1	2	\N
67e1fb44-d585-41ab-8d0f-d3806017e410	deposit	bank_transfer	62.49	ROI payout 2025-11-23 for investment 1			approved	Approved via admin action by admin@wolvcapital.com	2026-01-08 13:43:01.72192+00	2026-01-10 16:10:51.026827+00	1	2	\N
0eae24cd-074a-485c-af56-8b6449c66eb3	deposit	bank_transfer	62.49	ROI payout 2025-11-22 for investment 1			approved	Approved via admin action by admin@wolvcapital.com	2026-01-08 13:42:58.764918+00	2026-01-10 16:10:51.064259+00	1	2	\N
791ec597-6570-4fd3-953e-8de1a906a597	deposit	bank_transfer	62.49	ROI payout 2025-11-20 for investment 1			approved	Approved via admin action by admin@wolvcapital.com	2026-01-08 13:42:53.603194+00	2026-01-10 16:10:51.136909+00	1	2	\N
096f3561-cadb-4386-9bc3-c1b110090653	deposit	bank_transfer	117.00	ROI payout 2025-12-27 for investment 3			approved	Approved via admin edit by admin@wolvcapital.com	2026-01-08 13:46:33.527865+00	2026-01-09 03:47:28.815654+00	1	2	\N
2a98fae4-efc7-4a9c-bf57-6d26a62e5341	deposit	bank_transfer	117.00	ROI payout 2025-12-17 for investment 3			approved	Approved via admin action by admin@wolvcapital.com	2026-01-08 13:46:05.909928+00	2026-01-10 16:10:48.545832+00	1	2	\N
98c12bc0-9561-49be-bdfa-c1529a2e3511	deposit	bank_transfer	117.00	ROI payout 2025-12-26 for investment 3			approved	Approved via admin action by admin@wolvcapital.com	2026-01-08 13:46:31.328859+00	2026-01-10 16:10:48.198157+00	1	2	\N
676e8841-badd-429c-af09-d47fdc6d01a1	deposit	bank_transfer	117.00	ROI payout 2025-12-25 for investment 3			approved	Approved via admin action by admin@wolvcapital.com	2026-01-08 13:46:29.122998+00	2026-01-10 16:10:48.236119+00	1	2	\N
97202502-b31f-43a5-89e7-63570fe2de9a	deposit	bank_transfer	117.00	ROI payout 2025-12-24 for investment 3			approved	Approved via admin action by admin@wolvcapital.com	2026-01-08 13:46:24.612653+00	2026-01-10 16:10:48.264612+00	1	2	\N
eb6c7092-47b3-4758-9453-6a67af078faa	deposit	bank_transfer	117.00	ROI payout 2025-12-23 for investment 3			approved	Approved via admin action by admin@wolvcapital.com	2026-01-08 13:46:20.999646+00	2026-01-10 16:10:48.296331+00	1	2	\N
f236ef17-c694-4885-84f4-71dd6d4a7b56	deposit	bank_transfer	117.00	ROI payout 2025-12-22 for investment 3			approved	Approved via admin action by admin@wolvcapital.com	2026-01-08 13:46:18.749394+00	2026-01-10 16:10:48.330962+00	1	2	\N
6e8c6ba6-cff1-4863-9a93-cbdd3d4cb59d	deposit	bank_transfer	117.00	ROI payout 2025-12-21 for investment 3			approved	Approved via admin action by admin@wolvcapital.com	2026-01-08 13:46:15.425018+00	2026-01-10 16:10:48.374388+00	1	2	\N
7b0029af-9bea-4752-982d-5b04dddd6593	deposit	bank_transfer	117.00	ROI payout 2025-12-20 for investment 3			approved	Approved via admin action by admin@wolvcapital.com	2026-01-08 13:46:13.174918+00	2026-01-10 16:10:48.426775+00	1	2	\N
c302d332-7e52-4f79-99e8-033b4ceaa4b3	deposit	bank_transfer	117.00	ROI payout 2025-12-19 for investment 3			approved	Approved via admin action by admin@wolvcapital.com	2026-01-08 13:46:10.856136+00	2026-01-10 16:10:48.464908+00	1	2	\N
cd6b2467-bc6a-437f-8b66-04a35177d279	deposit	bank_transfer	117.00	ROI payout 2025-12-18 for investment 3			approved	Approved via admin action by admin@wolvcapital.com	2026-01-08 13:46:08.261042+00	2026-01-10 16:10:48.507118+00	1	2	\N
e72196cd-855d-40e1-87c9-d5c549eca551	deposit	bank_transfer	117.00	ROI payout 2025-12-16 for investment 3			approved	Approved via admin action by admin@wolvcapital.com	2026-01-08 13:46:02.748664+00	2026-01-10 16:10:48.584415+00	1	2	\N
ff616c67-5d9b-4a6b-bf9d-c3687e4f7b2a	deposit	bank_transfer	117.00	ROI payout 2025-12-15 for investment 3			approved	Approved via admin action by admin@wolvcapital.com	2026-01-08 13:45:59.657674+00	2026-01-10 16:10:48.628514+00	1	2	\N
39e2c633-aa92-4032-abc9-abfde2e31402	deposit	bank_transfer	117.00	ROI payout 2025-12-14 for investment 3			approved	Approved via admin action by admin@wolvcapital.com	2026-01-08 13:45:57.406545+00	2026-01-10 16:10:48.666662+00	1	2	\N
0b307a5a-894a-4874-9e36-52bf7d0ca2a0	deposit	bank_transfer	117.00	ROI payout 2025-12-13 for investment 3			approved	Approved via admin action by admin@wolvcapital.com	2026-01-08 13:45:54.771594+00	2026-01-10 16:10:48.712662+00	1	2	\N
c29fc986-f1a3-4efa-97fe-3a90282e3269	deposit	bank_transfer	117.00	ROI payout 2025-12-12 for investment 3			approved	Approved via admin action by admin@wolvcapital.com	2026-01-08 13:45:52.353127+00	2026-01-10 16:10:48.747541+00	1	2	\N
7f23278e-e883-4b65-8410-53939ff9b668	deposit	bank_transfer	117.00	ROI payout 2025-12-11 for investment 3			approved	Approved via admin action by admin@wolvcapital.com	2026-01-08 13:45:50.11822+00	2026-01-10 16:10:48.780785+00	1	2	\N
c7a21bc7-11ba-4a45-954b-6a92968995d6	deposit	bank_transfer	117.00	ROI payout 2025-12-10 for investment 3			approved	Approved via admin action by admin@wolvcapital.com	2026-01-08 13:45:47.77469+00	2026-01-10 16:10:48.818094+00	1	2	\N
04c184c6-9bdd-4f4b-afa0-e8cfc15c7dda	deposit	bank_transfer	117.00	ROI payout 2025-12-09 for investment 3			approved	Approved via admin action by admin@wolvcapital.com	2026-01-08 13:45:44.984426+00	2026-01-10 16:10:48.846497+00	1	2	\N
5edb9d69-1471-40ae-a43d-97f5660e8f87	deposit	bank_transfer	117.00	ROI payout 2025-12-08 for investment 3			approved	Approved via admin action by admin@wolvcapital.com	2026-01-08 13:45:42.666665+00	2026-01-10 16:10:48.878866+00	1	2	\N
e274cc52-dd80-4872-ae44-8738853507ba	deposit	bank_transfer	117.00	ROI payout 2025-12-07 for investment 3			approved	Approved via admin action by admin@wolvcapital.com	2026-01-08 13:45:39.383616+00	2026-01-10 16:10:48.919107+00	1	2	\N
25f377a4-54a8-4901-8995-3c67d672fe45	deposit	bank_transfer	117.00	ROI payout 2025-12-06 for investment 3			approved	Approved via admin action by admin@wolvcapital.com	2026-01-08 13:45:37.034634+00	2026-01-10 16:10:48.96222+00	1	2	\N
5ba0f422-68df-4775-a6ce-fbb1cec3b73d	deposit	bank_transfer	117.00	ROI payout 2025-12-05 for investment 3			approved	Approved via admin action by admin@wolvcapital.com	2026-01-08 13:45:33.347367+00	2026-01-10 16:10:49.015467+00	1	2	\N
320f6d63-fe85-47c8-a1f0-53555b2b2e12	deposit	bank_transfer	117.00	ROI payout 2025-12-04 for investment 3			approved	Approved via admin action by admin@wolvcapital.com	2026-01-08 13:45:30.461136+00	2026-01-10 16:10:49.068902+00	1	2	\N
e092d6b8-a77b-4cf4-a2c7-9b412394089d	deposit	bank_transfer	117.00	ROI payout 2025-12-03 for investment 3			approved	Approved via admin action by admin@wolvcapital.com	2026-01-08 13:45:27.777955+00	2026-01-10 16:10:49.110251+00	1	2	\N
2060537d-5eb5-45d7-a012-39815d7b3f16	deposit	bank_transfer	117.00	ROI payout 2025-12-02 for investment 3			approved	Approved via admin action by admin@wolvcapital.com	2026-01-08 13:45:25.541508+00	2026-01-10 16:10:49.143665+00	1	2	\N
083a8fcb-7a7f-496b-9484-29a921130df8	deposit	bank_transfer	117.00	ROI payout 2025-12-01 for investment 3			approved	Approved via admin action by admin@wolvcapital.com	2026-01-08 13:45:18.723931+00	2026-01-10 16:10:49.180395+00	1	2	\N
9b1a187c-0cf9-49ba-bf90-eaae4cb69d11	deposit	bank_transfer	117.00	ROI payout 2025-11-30 for investment 3			approved	Approved via admin action by admin@wolvcapital.com	2026-01-08 13:45:15.350641+00	2026-01-10 16:10:49.221566+00	1	2	\N
3c6b62a3-236c-4114-a9f4-ccef1f3d616c	deposit	bank_transfer	117.00	ROI payout 2025-11-29 for investment 3			approved	Approved via admin action by admin@wolvcapital.com	2026-01-08 13:45:13.119035+00	2026-01-10 16:10:49.2646+00	1	2	\N
5e7fb533-45ca-4eac-8f48-be9e81226fa4	deposit	bank_transfer	117.00	ROI payout 2025-11-28 for investment 3			approved	Approved via admin action by admin@wolvcapital.com	2026-01-08 13:45:09.380635+00	2026-01-10 16:10:49.323685+00	1	2	\N
62e2ef74-67c9-4ec0-a600-7d1743cb9625	deposit	bank_transfer	135.00	ROI payout 2025-12-22 for investment 2			approved	Approved via admin action by admin@wolvcapital.com	2026-01-08 13:45:05.70496+00	2026-01-10 16:10:49.364839+00	1	2	\N
2a2aa15f-3b57-417b-8369-6ffe3b3a5575	deposit	bank_transfer	135.00	ROI payout 2025-12-21 for investment 2			approved	Approved via admin action by admin@wolvcapital.com	2026-01-08 13:45:03.337779+00	2026-01-10 16:10:49.404076+00	1	2	\N
fd91d5d4-8228-4c8c-a11e-0cc09ef3739f	deposit	bank_transfer	135.00	ROI payout 2025-12-17 for investment 2			approved	Approved via admin action by admin@wolvcapital.com	2026-01-08 13:44:52.441713+00	2026-01-10 16:10:49.557538+00	1	2	\N
a5558f14-b0ec-42ff-b2c5-e3c7f120fea8	deposit	bank_transfer	135.00	ROI payout 2025-12-14 for investment 2			approved	Approved via admin action by admin@wolvcapital.com	2026-01-08 13:44:43.78057+00	2026-01-10 16:10:49.649427+00	1	2	\N
72526e0e-64df-4631-9183-f2ee7bf1c337	deposit	bank_transfer	135.00	ROI payout 2025-12-10 for investment 2			approved	Approved via admin action by admin@wolvcapital.com	2026-01-08 13:44:32.50095+00	2026-01-10 16:10:49.781035+00	1	2	\N
05f35a14-a4ba-4d33-8c5d-2e24d95f15be	deposit	bank_transfer	135.00	ROI payout 2025-12-06 for investment 2			approved	Approved via admin action by admin@wolvcapital.com	2026-01-08 13:44:22.324631+00	2026-01-10 16:10:49.9182+00	1	2	\N
5c2d8866-e61e-4662-805c-c3852cffcbc2	deposit	bank_transfer	135.00	ROI payout 2025-12-02 for investment 2			approved	Approved via admin action by admin@wolvcapital.com	2026-01-08 13:44:11.69693+00	2026-01-10 16:10:50.071576+00	1	2	\N
4a165dde-03fe-4cba-af75-20c3285e5e1a	deposit	bank_transfer	135.00	ROI payout 2025-11-28 for investment 2			approved	Approved via admin action by admin@wolvcapital.com	2026-01-08 13:44:02.514068+00	2026-01-10 16:10:50.214171+00	1	2	\N
a03ea4c0-3fae-43f7-9f26-fe232fe59347	deposit	bank_transfer	135.00	ROI payout 2025-11-24 for investment 2			approved	Approved via admin action by admin@wolvcapital.com	2026-01-08 13:43:52.072651+00	2026-01-10 16:10:50.341466+00	1	2	\N
474c26ca-64d0-4109-9c55-e8b5d3002d96	deposit	bank_transfer	62.49	ROI payout 2025-12-08 for investment 1			approved	Approved via admin action by admin@wolvcapital.com	2026-01-08 13:43:41.630439+00	2026-01-10 16:10:50.484858+00	1	2	\N
e2593f7c-1c62-441e-833c-a4403e798c56	deposit	bank_transfer	62.49	ROI payout 2025-12-05 for investment 1			approved	Approved via admin action by admin@wolvcapital.com	2026-01-08 13:43:34.19687+00	2026-01-10 16:10:50.587966+00	1	2	\N
13c9aff8-cbbb-403a-b392-fcfee27b4b1e	deposit	bank_transfer	62.49	ROI payout 2025-12-01 for investment 1			approved	Approved via admin action by admin@wolvcapital.com	2026-01-08 13:43:24.78681+00	2026-01-10 16:10:50.739622+00	1	2	\N
2b9b18bb-47c5-4aab-810e-3827f38fc2b5	deposit	bank_transfer	62.49	ROI payout 2025-11-28 for investment 1			approved	Approved via admin action by admin@wolvcapital.com	2026-01-08 13:43:16.127739+00	2026-01-10 16:10:50.851469+00	1	2	\N
3d40dca0-d565-4a15-9cfb-6326592b1892	deposit	bank_transfer	62.49	ROI payout 2025-11-24 for investment 1			approved	Approved via admin action by admin@wolvcapital.com	2026-01-08 13:43:04.613563+00	2026-01-10 16:10:50.987269+00	1	2	\N
126bcb73-3c6a-40b2-9a93-b60a531329ea	deposit	bank_transfer	62.49	ROI payout 2025-11-21 for investment 1			approved	Approved via admin action by admin@wolvcapital.com	2026-01-08 13:42:55.902715+00	2026-01-10 16:10:51.102816+00	1	2	\N
2af2f97c-14ff-4e56-b7cd-0a92dbbf27d7	deposit	USDT	100.00	Binance Exchange	usdc	ox**************	rejected	Rejected via admin action by admin@wolvcapital.com	2026-01-08 17:39:43.230949+00	2026-01-11 02:58:49.567271+00	1	2	\N
d9cc2cbc-418e-49d2-a934-ebe79b40fd63	profit	bank_transfer	62.49	ROI:82			completed	Daily profit locked until plan expires (payout_date=2026-01-15)	2026-01-15 02:06:09.343239+00	2026-01-15 02:06:09.343635+00	\N	2	1
32735d35-a843-448d-ac04-23b74c730874	profit	bank_transfer	135.00	ROI:83			completed	Daily profit locked until plan expires (payout_date=2026-01-15)	2026-01-15 02:06:15.583841+00	2026-01-15 02:06:15.584262+00	\N	2	2
17a5120d-b8f8-4f71-9354-0ea25ff5f36c	profit	bank_transfer	117.00	ROI:84			completed	Daily profit locked until plan expires (payout_date=2026-01-15)	2026-01-15 02:06:20.871306+00	2026-01-15 02:06:20.871533+00	\N	2	3
6043655f-b170-4ed1-969b-4d753449b529	profit	bank_transfer	14.98	ROI:85			completed	Daily profit locked until plan expires (payout_date=2026-01-15)	2026-01-15 02:23:47.581693+00	2026-01-15 02:23:47.582228+00	\N	4	6
722c9262-4f55-4600-81ac-f9cbdb30e6f9	deposit	BTC	500.00	wallet			approved		2026-01-15 05:54:20.310268+00	2026-01-15 05:57:05.767693+00	1	4	\N
fe842584-29a8-4b70-8aab-4ad4b380b0e6	deposit	bank_transfer	2000.00	admin panel	trxnn		approved		2026-01-15 16:56:51.287044+00	2026-01-16 03:14:40.105761+00	1	4	\N
d2e364a5-9716-4a03-9e47-7da4d9d3af06	profit	bank_transfer	117.00	ROI:86			completed	Daily profit locked until plan expires (payout_date=2026-01-16)	2026-01-16 04:45:50.211062+00	2026-01-16 04:45:50.211384+00	\N	2	3
01dc341d-1b3f-4c2c-99c0-664753c57cdf	profit	bank_transfer	62.49	ROI:87			completed	Daily profit locked until plan expires (payout_date=2026-01-16)	2026-01-16 04:45:56.460072+00	2026-01-16 04:45:56.460299+00	\N	2	1
61bff5e0-2579-4c5c-8d12-e773f50aecb0	profit	bank_transfer	135.00	ROI:88			completed	Daily profit locked until plan expires (payout_date=2026-01-16)	2026-01-16 04:46:02.010415+00	2026-01-16 04:46:02.010633+00	\N	2	2
ab99c803-0ed2-4cf2-aab5-43e13a39aabd	profit	bank_transfer	14.98	ROI:89			completed	Daily profit locked until plan expires (payout_date=2026-01-16)	2026-01-16 04:46:07.290841+00	2026-01-16 04:46:07.291071+00	\N	4	6
de443ae1-b658-4596-8789-dd7db5d38ff0	profit	bank_transfer	2.00	ROI:90			completed	Daily profit locked until plan expires (payout_date=2026-01-16)	2026-01-16 04:46:12.612781+00	2026-01-16 04:46:12.613006+00	\N	4	7
02747f01-fd96-4b74-b0f4-853add81616b	profit	bank_transfer	117.00	ROI:91			completed	Daily profit locked until plan expires (payout_date=2026-01-19)	2026-01-19 04:37:52.072404+00	2026-01-19 04:37:52.0735+00	\N	2	3
a60167b3-b1cf-4113-bec4-2593919aca61	profit	bank_transfer	62.49	ROI:92			completed	Daily profit locked until plan expires (payout_date=2026-01-19)	2026-01-19 04:37:59.775673+00	2026-01-19 04:37:59.776915+00	\N	2	1
91c2b45f-c9cc-4656-8ab9-3b75d859eaeb	profit	bank_transfer	135.00	ROI:93			completed	Daily profit locked until plan expires (payout_date=2026-01-19)	2026-01-19 04:38:06.494452+00	2026-01-19 04:38:06.49488+00	\N	2	2
22a5ee6e-2888-489a-a16d-706b2cfc4e03	profit	bank_transfer	14.98	ROI:94			completed	Daily profit locked until plan expires (payout_date=2026-01-19)	2026-01-19 04:38:13.376542+00	2026-01-19 04:38:13.377073+00	\N	4	6
0300c188-6d04-462b-8765-fa9b33a8a14c	profit	bank_transfer	2.00	ROI:95			completed	Daily profit locked until plan expires (payout_date=2026-01-19)	2026-01-19 04:38:20.02592+00	2026-01-19 04:38:20.028796+00	\N	4	7
8718e9d1-5bbb-4414-8c7b-7fdc0e91ce8a	profit	bank_transfer	3.00	ROI:96			completed	Daily profit locked until plan expires (payout_date=2026-01-19)	2026-01-19 04:38:26.428089+00	2026-01-19 04:38:26.429253+00	\N	4	9
1a6c0ba2-0139-45cc-baca-132924f060f8	profit	bank_transfer	9.99	ROI:98			completed	Daily profit locked until plan expires (payout_date=2026-01-17)	2026-01-19 16:16:56.623344+00	2026-01-19 16:16:56.623629+00	\N	2	12
5adf78eb-bf33-4109-a965-5dd052843bb6	profit	bank_transfer	9.99	ROI:99			completed	Daily profit locked until plan expires (payout_date=2026-01-18)	2026-01-19 16:16:56.641469+00	2026-01-19 16:16:56.64175+00	\N	2	12
a188dfd7-3721-452d-8dd4-4a75b3e87417	profit	bank_transfer	9.99	ROI:100			completed	Daily profit locked until plan expires (payout_date=2026-01-19)	2026-01-19 16:27:25.800809+00	2026-01-19 16:27:25.80113+00	\N	2	12
ecde89ef-95ab-4d33-8478-d7cfd0ec4550	profit	bank_transfer	117.00	ROI:101			completed	Daily profit locked until plan expires (payout_date=2026-01-20)	2026-01-20 23:04:16.465267+00	2026-01-20 23:04:16.465641+00	\N	2	3
398ce1da-1d84-46f3-b200-cf38f713c583	profit	bank_transfer	62.49	ROI:102			completed	Daily profit locked until plan expires (payout_date=2026-01-20)	2026-01-20 23:04:16.490025+00	2026-01-20 23:04:16.490308+00	\N	2	1
e3c62425-883b-438b-a485-9ff594205f33	profit	bank_transfer	135.00	ROI:103			completed	Daily profit locked until plan expires (payout_date=2026-01-20)	2026-01-20 23:04:16.512778+00	2026-01-20 23:04:16.513113+00	\N	2	2
85367eb8-fd10-4771-8b08-7be9fe6b8cd4	profit	bank_transfer	14.98	ROI:104			completed	Daily profit locked until plan expires (payout_date=2026-01-20)	2026-01-20 23:04:16.534763+00	2026-01-20 23:04:16.535024+00	\N	4	6
73639ede-f55e-46ae-abb9-d066528ca7c8	profit	bank_transfer	2.00	ROI:105			completed	Daily profit locked until plan expires (payout_date=2026-01-20)	2026-01-20 23:04:16.559314+00	2026-01-20 23:04:16.559576+00	\N	4	7
436ccd68-1166-4c83-8fcf-efcd571089f5	profit	bank_transfer	3.00	ROI:106			completed	Daily profit locked until plan expires (payout_date=2026-01-20)	2026-01-20 23:04:16.590646+00	2026-01-20 23:04:16.590966+00	\N	4	9
94fff64d-c928-4735-ac59-4263aa9db48d	profit	bank_transfer	9.99	ROI:108			completed	Daily profit locked until plan expires (payout_date=2026-01-20)	2026-01-20 23:04:16.643569+00	2026-01-20 23:04:16.643819+00	\N	2	12
3d92d20c-21ae-4627-9af3-77b4700a52aa	profit	bank_transfer	117.00	ROI:109			completed	Daily profit locked until plan expires (payout_date=2026-01-21)	2026-01-21 02:04:28.860786+00	2026-01-21 02:04:28.861342+00	\N	2	3
7e69f9f3-13f9-4dd9-aa09-159790b389bb	profit	bank_transfer	62.49	ROI:110			completed	Daily profit locked until plan expires (payout_date=2026-01-21)	2026-01-21 02:04:29.153738+00	2026-01-21 02:04:29.154133+00	\N	2	1
b1c8acf6-2991-422f-af0a-8a1bc003b86c	profit	bank_transfer	135.00	ROI:111			completed	Daily profit locked until plan expires (payout_date=2026-01-21)	2026-01-21 02:04:29.378671+00	2026-01-21 02:04:29.379049+00	\N	2	2
b24bda7a-96e7-4921-a0f1-810a8d18e733	profit	bank_transfer	14.98	ROI:112			completed	Daily profit locked until plan expires (payout_date=2026-01-21)	2026-01-21 02:04:29.558656+00	2026-01-21 02:04:29.559014+00	\N	4	6
a82c3353-8a45-42e5-ae54-92f744ef28ce	profit	bank_transfer	2.00	ROI:113			completed	Daily profit locked until plan expires (payout_date=2026-01-21)	2026-01-21 02:04:29.767328+00	2026-01-21 02:04:29.767548+00	\N	4	7
b0e2c05b-b916-4524-8a51-0777ca020957	profit	bank_transfer	3.00	ROI:114			completed	Daily profit locked until plan expires (payout_date=2026-01-21)	2026-01-21 02:04:29.964391+00	2026-01-21 02:04:29.96493+00	\N	4	9
32e4ca3f-4207-4cd0-991b-a1f700526ba7	profit	bank_transfer	9.99	ROI:116			completed	Daily profit locked until plan expires (payout_date=2026-01-21)	2026-01-21 02:04:30.407879+00	2026-01-21 02:04:30.408146+00	\N	2	12
8044584f-be94-4677-b2e1-dea0f7e9f009	profit	bank_transfer	117.00	ROI:117			completed	Daily profit locked until plan expires (payout_date=2026-01-22)	2026-01-22 11:02:14.385953+00	2026-01-22 11:02:14.386372+00	\N	2	3
2f3f32c2-f3bc-4654-a42f-0ffb51d10d1f	profit	bank_transfer	62.49	ROI:118			completed	Daily profit locked until plan expires (payout_date=2026-01-22)	2026-01-22 11:02:14.619206+00	2026-01-22 11:02:14.619439+00	\N	2	1
bf17ebd1-c09a-4381-ba65-47e41e3887f3	profit	bank_transfer	135.00	ROI:119			completed	Daily profit locked until plan expires (payout_date=2026-01-22)	2026-01-22 11:02:14.799679+00	2026-01-22 11:02:14.799933+00	\N	2	2
0327b2f0-ac37-4eb5-8397-cd06b7fd3730	profit	bank_transfer	2.00	ROI:120			completed	Daily profit locked until plan expires (payout_date=2026-01-22)	2026-01-22 11:02:14.997183+00	2026-01-22 11:02:14.997403+00	\N	4	7
2072b2df-0ba5-4b72-990a-69724a63d2eb	profit	bank_transfer	3.00	ROI:121			completed	Daily profit locked until plan expires (payout_date=2026-01-22)	2026-01-22 11:02:15.309401+00	2026-01-22 11:02:15.309651+00	\N	4	9
82e03bd2-d9b8-4a94-9b84-9a1b888a90af	profit	bank_transfer	9.99	ROI:123			completed	Daily profit locked until plan expires (payout_date=2026-01-22)	2026-01-22 11:02:15.682016+00	2026-01-22 11:02:15.682248+00	\N	2	12
9e469f3c-e144-4d63-98a8-fb2c45263832	profit	bank_transfer	117.00	ROI:124			completed	Daily profit locked until plan expires (payout_date=2026-01-23)	2026-01-23 06:39:34.154648+00	2026-01-23 06:39:34.154991+00	\N	2	3
4c98cd24-6381-48ed-b572-dff7434ecea8	profit	bank_transfer	62.49	ROI:125			completed	Daily profit locked until plan expires (payout_date=2026-01-23)	2026-01-23 06:39:35.501071+00	2026-01-23 06:39:35.50147+00	\N	2	1
1696112c-4edc-4209-8a1a-b0f7d7611770	profit	bank_transfer	135.00	ROI:126			completed	Daily profit locked until plan expires (payout_date=2026-01-23)	2026-01-23 06:39:35.716346+00	2026-01-23 06:39:35.716642+00	\N	2	2
c834e82e-1a10-4ad1-baf8-20257c4e53cb	profit	bank_transfer	2.00	ROI:127			completed	Daily profit locked until plan expires (payout_date=2026-01-23)	2026-01-23 06:39:35.905354+00	2026-01-23 06:39:35.905618+00	\N	4	7
2a17c7c8-50b4-420a-af4b-58273d7d795a	profit	bank_transfer	3.00	ROI:128			completed	Daily profit locked until plan expires (payout_date=2026-01-23)	2026-01-23 06:39:36.079936+00	2026-01-23 06:39:36.08016+00	\N	4	9
9f10b535-e24b-4cbe-9f4e-516e66d7efa7	profit	bank_transfer	9.99	ROI:130			completed	Daily profit locked until plan expires (payout_date=2026-01-23)	2026-01-23 06:39:36.46171+00	2026-01-23 06:39:36.461993+00	\N	2	12
d8b052a7-b0f9-49c2-b75c-f76ba5543bbe	profit	bank_transfer	117.00	ROI:131			completed	Daily profit locked until plan expires (payout_date=2026-01-24)	2026-01-24 22:53:56.12512+00	2026-01-24 22:53:56.125441+00	\N	2	3
48985e5a-f3bb-4807-83a0-387c61102fdd	profit	bank_transfer	62.49	ROI:132			completed	Daily profit locked until plan expires (payout_date=2026-01-24)	2026-01-24 22:53:56.382411+00	2026-01-24 22:53:56.382743+00	\N	2	1
52c5efda-9056-4a44-a244-488719369059	profit	bank_transfer	135.00	ROI:133			completed	Daily profit locked until plan expires (payout_date=2026-01-24)	2026-01-24 22:53:56.590382+00	2026-01-24 22:53:56.590667+00	\N	2	2
0858a7f9-e587-4cea-98f9-7d9cf89112ea	profit	bank_transfer	2.00	ROI:134			completed	Daily profit locked until plan expires (payout_date=2026-01-24)	2026-01-24 22:53:56.774117+00	2026-01-24 22:53:56.774402+00	\N	4	7
a2cd8b1e-4486-42be-9496-048ab868712b	profit	bank_transfer	3.00	ROI:135			completed	Daily profit locked until plan expires (payout_date=2026-01-24)	2026-01-24 22:53:56.961105+00	2026-01-24 22:53:56.961376+00	\N	4	9
adee85c0-94d4-40d6-99df-f8d48d2c68de	profit	bank_transfer	9.99	ROI:137			completed	Daily profit locked until plan expires (payout_date=2026-01-24)	2026-01-24 22:53:57.31814+00	2026-01-24 22:53:57.318401+00	\N	2	12
1e4c354f-469c-424a-bbae-ebbdefb32433	profit	bank_transfer	117.00	ROI:138			completed	Daily profit locked until plan expires (payout_date=2026-01-25)	2026-01-25 22:43:48.246571+00	2026-01-25 22:43:48.247023+00	\N	2	3
924b0511-d79c-4407-a08d-97acdbc0d5d3	profit	bank_transfer	62.49	ROI:139			completed	Daily profit locked until plan expires (payout_date=2026-01-25)	2026-01-25 22:43:48.903205+00	2026-01-25 22:43:48.903657+00	\N	2	1
f829f09f-62ce-4ff5-9514-acaba9e209e1	profit	bank_transfer	135.00	ROI:140			completed	Daily profit locked until plan expires (payout_date=2026-01-25)	2026-01-25 22:43:49.408381+00	2026-01-25 22:43:49.408697+00	\N	2	2
bb4af6d6-5aa9-4644-a701-8fde5592afb6	profit	bank_transfer	2.00	ROI:141			completed	Daily profit locked until plan expires (payout_date=2026-01-25)	2026-01-25 22:43:49.942514+00	2026-01-25 22:43:49.942843+00	\N	4	7
7811b6d2-8be4-44c6-bcfb-bbc44631a2f1	profit	bank_transfer	3.00	ROI:142			completed	Daily profit locked until plan expires (payout_date=2026-01-25)	2026-01-25 22:43:50.491602+00	2026-01-25 22:43:50.491894+00	\N	4	9
b07fa888-d3b8-420e-b2d6-8039064a5cbf	profit	bank_transfer	9.99	ROI:144			completed	Daily profit locked until plan expires (payout_date=2026-01-25)	2026-01-25 22:43:51.54294+00	2026-01-25 22:43:51.543227+00	\N	2	12
ec84627b-5ddb-43cc-923c-f0f47c5cae14	profit	bank_transfer	117.00	ROI:145			completed	Daily profit locked until plan expires (payout_date=2026-01-26)	2026-01-26 16:33:04.926871+00	2026-01-26 16:33:04.927266+00	\N	2	3
df519e48-de78-4863-87e9-c7c3b1475c25	profit	bank_transfer	62.49	ROI:146			completed	Daily profit locked until plan expires (payout_date=2026-01-26)	2026-01-26 16:33:05.204549+00	2026-01-26 16:33:05.204838+00	\N	2	1
abee84b6-6b4e-4f1d-9b23-fef455855bd0	profit	bank_transfer	135.00	ROI:147			completed	Daily profit locked until plan expires (payout_date=2026-01-26)	2026-01-26 16:33:05.412268+00	2026-01-26 16:33:05.41259+00	\N	2	2
e97b428f-8945-483d-af41-b15b7207cd42	profit	bank_transfer	2.00	ROI:148			completed	Daily profit locked until plan expires (payout_date=2026-01-26)	2026-01-26 16:33:05.621158+00	2026-01-26 16:33:05.621488+00	\N	4	7
235a060e-7130-4806-b415-b6c32778ed75	profit	bank_transfer	3.00	ROI:149			completed	Daily profit locked until plan expires (payout_date=2026-01-26)	2026-01-26 16:33:05.835972+00	2026-01-26 16:33:05.836219+00	\N	4	9
c401c236-6dc3-44ea-a4e8-a33df1b12a57	profit	bank_transfer	9.99	ROI:151			completed	Daily profit locked until plan expires (payout_date=2026-01-26)	2026-01-26 16:33:06.227702+00	2026-01-26 16:33:06.227939+00	\N	2	12
5bb631ea-f80f-434b-b990-0c88448469b6	profit	bank_transfer	117.00	ROI:152			completed	Daily profit locked until plan expires (payout_date=2026-01-27)	2026-01-27 22:54:51.830665+00	2026-01-27 22:54:51.83112+00	\N	2	3
20c6ecde-27be-48cf-a246-5e4dd5cbd959	profit	bank_transfer	62.49	ROI:153			completed	Daily profit locked until plan expires (payout_date=2026-01-27)	2026-01-27 22:54:52.104602+00	2026-01-27 22:54:52.104964+00	\N	2	1
b56c6d61-8045-40b3-beb5-5323792c2778	profit	bank_transfer	135.00	ROI:154			completed	Daily profit locked until plan expires (payout_date=2026-01-27)	2026-01-27 22:54:52.314867+00	2026-01-27 22:54:52.315251+00	\N	2	2
469b5de5-d858-47f7-bafd-42db685ff92a	profit	bank_transfer	2.00	ROI:155			completed	Daily profit locked until plan expires (payout_date=2026-01-27)	2026-01-27 22:54:52.55227+00	2026-01-27 22:54:52.552554+00	\N	4	7
f23250f2-c9db-4283-af87-7a7179582630	profit	bank_transfer	3.00	ROI:156			completed	Daily profit locked until plan expires (payout_date=2026-01-27)	2026-01-27 22:54:52.767185+00	2026-01-27 22:54:52.767516+00	\N	4	9
21c833b1-b336-4759-a532-29f1567d6aa8	profit	bank_transfer	9.99	ROI:158			completed	Daily profit locked until plan expires (payout_date=2026-01-27)	2026-01-27 22:54:53.164039+00	2026-01-27 22:54:53.164325+00	\N	2	12
6e17a286-64ee-44e7-95f6-4f4b78f6cb47	profit	bank_transfer	117.00	ROI:159			completed	Daily profit locked until plan expires (payout_date=2026-01-28)	2026-01-28 21:45:07.47295+00	2026-01-28 21:45:07.473312+00	\N	2	3
a560be51-7a10-4853-9436-357f37b69287	profit	bank_transfer	62.49	ROI:160			completed	Daily profit locked until plan expires (payout_date=2026-01-28)	2026-01-28 21:45:07.732193+00	2026-01-28 21:45:07.73255+00	\N	2	1
8bcd175f-6a78-477a-8319-1895a26bcd91	profit	bank_transfer	135.00	ROI:161			completed	Daily profit locked until plan expires (payout_date=2026-01-28)	2026-01-28 21:45:07.952871+00	2026-01-28 21:45:07.953224+00	\N	2	2
2146e34f-58fa-4cd9-bcbc-8edb8fb8d249	profit	bank_transfer	2.00	ROI:162			completed	Daily profit locked until plan expires (payout_date=2026-01-28)	2026-01-28 21:45:08.163065+00	2026-01-28 21:45:08.163421+00	\N	4	7
ae9b0971-df16-4326-98ef-4b629d62dc98	profit	bank_transfer	3.00	ROI:163			completed	Daily profit locked until plan expires (payout_date=2026-01-28)	2026-01-28 21:45:08.359822+00	2026-01-28 21:45:08.36059+00	\N	4	9
722f6219-dd21-45c1-ac88-92e2838d845b	profit	bank_transfer	9.99	ROI:165			completed	Daily profit locked until plan expires (payout_date=2026-01-28)	2026-01-28 21:45:08.787406+00	2026-01-28 21:45:08.787947+00	\N	2	12
b345f4bb-b061-4ffc-9ab4-5776715db893	profit	bank_transfer	117.00	ROI:166			completed	Daily profit locked until plan expires (payout_date=2026-01-29)	2026-01-29 22:12:22.749192+00	2026-01-29 22:12:22.749522+00	\N	2	3
cd185222-aca2-4654-9a64-23ef223a1e19	profit	bank_transfer	62.49	ROI:167			completed	Daily profit locked until plan expires (payout_date=2026-01-29)	2026-01-29 22:12:22.999678+00	2026-01-29 22:12:22.999977+00	\N	2	1
e6ba1fcc-2dc6-4016-b5e8-f9bc29a5dab2	profit	bank_transfer	135.00	ROI:168			completed	Daily profit locked until plan expires (payout_date=2026-01-29)	2026-01-29 22:12:23.296334+00	2026-01-29 22:12:23.296731+00	\N	2	2
b4498121-3a0a-4087-8e54-7e403b6c2da7	profit	bank_transfer	2.00	ROI:169			completed	Daily profit locked until plan expires (payout_date=2026-01-29)	2026-01-29 22:12:23.498401+00	2026-01-29 22:12:23.498825+00	\N	4	7
8dd05312-4350-40b6-b6a6-f70977cb697a	profit	bank_transfer	3.00	ROI:170			completed	Daily profit locked until plan expires (payout_date=2026-01-29)	2026-01-29 22:12:23.714001+00	2026-01-29 22:12:23.714264+00	\N	4	9
bb8f22fb-38aa-4795-b8a6-d0821162810f	profit	bank_transfer	9.99	ROI:172			completed	Daily profit locked until plan expires (payout_date=2026-01-29)	2026-01-29 22:12:24.333983+00	2026-01-29 22:12:24.334205+00	\N	2	12
d88fba10-b9fb-41a6-8729-ddd8bc7bcd1f	profit	bank_transfer	117.00	ROI:173			completed	Daily profit locked until plan expires (payout_date=2026-01-31)	2026-01-31 22:44:49.01686+00	2026-01-31 22:44:49.017165+00	\N	2	3
c49a56bf-ef90-40fd-b2c6-9dd470ee5ae8	profit	bank_transfer	62.49	ROI:174			completed	Daily profit locked until plan expires (payout_date=2026-01-31)	2026-01-31 22:44:49.356685+00	2026-01-31 22:44:49.356966+00	\N	2	1
44d8b777-e24f-48ae-b119-b7a3e6b24965	profit	bank_transfer	135.00	ROI:175			completed	Daily profit locked until plan expires (payout_date=2026-01-31)	2026-01-31 22:44:49.566703+00	2026-01-31 22:44:49.567018+00	\N	2	2
93003ace-48e4-4aa8-87a6-f328518e10a7	profit	bank_transfer	2.00	ROI:176			completed	Daily profit locked until plan expires (payout_date=2026-01-31)	2026-01-31 22:44:49.80181+00	2026-01-31 22:44:49.802072+00	\N	4	7
65fae701-2d34-4897-bfaa-c0a263c9378a	profit	bank_transfer	3.00	ROI:177			completed	Daily profit locked until plan expires (payout_date=2026-01-31)	2026-01-31 22:44:50.005804+00	2026-01-31 22:44:50.006079+00	\N	4	9
2270fb56-0904-407f-b663-6d09a6be2c5b	profit	bank_transfer	9.99	ROI:179			completed	Daily profit locked until plan expires (payout_date=2026-01-31)	2026-01-31 22:44:50.380807+00	2026-01-31 22:44:50.381011+00	\N	2	12
e31f1923-41f7-475a-bc61-736edd0c4813	profit	bank_transfer	117.00	ROI:180			completed	Daily profit locked until plan expires (payout_date=2026-02-01)	2026-02-01 22:55:30.636182+00	2026-02-01 22:55:30.636903+00	\N	2	3
4c2e50ca-4ffe-4b32-af9a-f0f4e5d10b61	profit	bank_transfer	62.49	ROI:181			completed	Daily profit locked until plan expires (payout_date=2026-02-01)	2026-02-01 22:55:31.451521+00	2026-02-01 22:55:31.451986+00	\N	2	1
c61ee422-c747-4871-806a-7e6df5ca83a9	profit	bank_transfer	135.00	ROI:182			completed	Daily profit locked until plan expires (payout_date=2026-02-01)	2026-02-01 22:55:32.555009+00	2026-02-01 22:55:32.555428+00	\N	2	2
8283413f-b8e7-48cb-9c89-971a368de5fc	profit	bank_transfer	2.00	ROI:183			completed	Daily profit locked until plan expires (payout_date=2026-02-01)	2026-02-01 22:55:33.116495+00	2026-02-01 22:55:33.116913+00	\N	4	7
fee26a32-370a-4f00-bb84-adc1d0930e8c	profit	bank_transfer	3.00	ROI:184			completed	Daily profit locked until plan expires (payout_date=2026-02-01)	2026-02-01 22:55:33.670394+00	2026-02-01 22:55:33.670939+00	\N	4	9
71916411-7185-4f3f-b11f-a8f39018c2af	profit	bank_transfer	9.99	ROI:186			completed	Daily profit locked until plan expires (payout_date=2026-02-01)	2026-02-01 22:55:34.718251+00	2026-02-01 22:55:34.718715+00	\N	2	12
cd4cc3c9-69d7-4313-9ed2-036d1faeca73	profit	bank_transfer	117.00	ROI:187			completed	Daily profit locked until plan expires (payout_date=2026-02-02)	2026-02-02 16:23:50.133288+00	2026-02-02 16:23:50.133651+00	\N	2	3
24b18ca5-e569-4ad2-800d-0d8d87eb859a	profit	bank_transfer	62.49	ROI:188			completed	Daily profit locked until plan expires (payout_date=2026-02-02)	2026-02-02 16:23:50.672439+00	2026-02-02 16:23:50.672873+00	\N	2	1
8b413e4a-a086-4a33-a56a-1b97ff75057b	profit	bank_transfer	135.00	ROI:189			completed	Daily profit locked until plan expires (payout_date=2026-02-02)	2026-02-02 16:23:50.948215+00	2026-02-02 16:23:50.948675+00	\N	2	2
dcdaea66-0c24-4f29-9a5d-ff7cab9ec174	profit	bank_transfer	2.00	ROI:190			completed	Daily profit locked until plan expires (payout_date=2026-02-02)	2026-02-02 16:23:51.169842+00	2026-02-02 16:23:51.170098+00	\N	4	7
96efe9a0-7cf3-4fb3-9946-234da1fc5958	profit	bank_transfer	3.00	ROI:191			completed	Daily profit locked until plan expires (payout_date=2026-02-02)	2026-02-02 16:23:51.421329+00	2026-02-02 16:23:51.422171+00	\N	4	9
71193aac-2597-428b-9c1f-94807fefe554	profit	bank_transfer	9.99	ROI:193			completed	Daily profit locked until plan expires (payout_date=2026-02-02)	2026-02-02 16:23:51.929001+00	2026-02-02 16:23:51.929303+00	\N	2	12
f28709e4-2b08-4614-b899-795413056fe2	profit	bank_transfer	117.00	ROI:194			completed	Daily profit locked until plan expires (payout_date=2026-02-04)	2026-02-04 02:26:22.255271+00	2026-02-04 02:26:22.256213+00	\N	2	3
b8ddac55-d651-41a2-a0f2-15fd56bf7d33	profit	bank_transfer	62.49	ROI:195			completed	Daily profit locked until plan expires (payout_date=2026-02-04)	2026-02-04 02:26:28.141996+00	2026-02-04 02:26:28.142313+00	\N	2	1
63a371d5-6534-4773-95aa-4e09b1548e82	profit	bank_transfer	135.00	ROI:196			completed	Daily profit locked until plan expires (payout_date=2026-02-04)	2026-02-04 02:26:32.650176+00	2026-02-04 02:26:32.651831+00	\N	2	2
9a336108-8561-481a-8806-2c6b8a7d9024	profit	bank_transfer	2.00	ROI:197			completed	Daily profit locked until plan expires (payout_date=2026-02-04)	2026-02-04 02:26:37.560779+00	2026-02-04 02:26:37.561375+00	\N	4	7
215dff35-33bb-4983-b93e-3828fee0e893	profit	bank_transfer	3.00	ROI:198			completed	Daily profit locked until plan expires (payout_date=2026-02-04)	2026-02-04 02:26:42.067184+00	2026-02-04 02:26:42.067939+00	\N	4	9
7a4cd1b4-8ffd-4e82-b3ae-74e5718c3ebd	profit	bank_transfer	9.99	ROI:200			completed	Daily profit locked until plan expires (payout_date=2026-02-04)	2026-02-04 02:26:50.617001+00	2026-02-04 02:26:50.617517+00	\N	2	12
5d3415b7-c2f3-4154-8502-3bedf348aa3c	profit	bank_transfer	117.00	ROI:201			completed	Daily profit locked until plan expires (payout_date=2026-02-06)	2026-02-06 02:52:22.427289+00	2026-02-06 02:52:22.427652+00	\N	2	3
df757006-5ef6-4591-92f4-06b0416b80c8	profit	bank_transfer	62.49	ROI:202			completed	Daily profit locked until plan expires (payout_date=2026-02-06)	2026-02-06 02:52:22.659503+00	2026-02-06 02:52:22.659666+00	\N	2	1
55360d94-cd0d-42a2-b088-ce91461d3a16	profit	bank_transfer	135.00	ROI:203			completed	Daily profit locked until plan expires (payout_date=2026-02-06)	2026-02-06 02:52:22.935204+00	2026-02-06 02:52:22.935411+00	\N	2	2
c7714615-0525-4197-8022-d27c523ec66a	profit	bank_transfer	2.00	ROI:204			completed	Daily profit locked until plan expires (payout_date=2026-02-06)	2026-02-06 02:52:23.122862+00	2026-02-06 02:52:23.123074+00	\N	4	7
e87b7928-48b6-420d-8c18-b0f10a963f8a	profit	bank_transfer	3.00	ROI:205			completed	Daily profit locked until plan expires (payout_date=2026-02-06)	2026-02-06 02:52:23.333455+00	2026-02-06 02:52:23.333633+00	\N	4	9
36541975-7a85-4e89-85cd-f59a33c66ad6	profit	bank_transfer	9.99	ROI:207			completed	Daily profit locked until plan expires (payout_date=2026-02-06)	2026-02-06 02:52:23.687225+00	2026-02-06 02:52:23.687405+00	\N	2	12
bc98d783-cb14-4418-b5a3-44e2a022822c	profit	bank_transfer	117.00	ROI:208			completed	Daily profit locked until plan expires (payout_date=2026-02-07)	2026-02-07 03:27:39.583547+00	2026-02-07 03:27:39.58421+00	\N	2	3
763e88ec-fb99-488d-bc6e-2bd38926e7b7	profit	bank_transfer	62.49	ROI:209			completed	Daily profit locked until plan expires (payout_date=2026-02-07)	2026-02-07 03:27:41.77691+00	2026-02-07 03:27:41.777248+00	\N	2	1
72ba7747-91a9-48eb-84da-7e33ca15fa75	profit	bank_transfer	135.00	ROI:210			completed	Daily profit locked until plan expires (payout_date=2026-02-07)	2026-02-07 03:27:43.883965+00	2026-02-07 03:27:43.884383+00	\N	2	2
8e19d136-d9ba-4571-944b-a23831a2e091	profit	bank_transfer	2.00	ROI:211			completed	Daily profit locked until plan expires (payout_date=2026-02-07)	2026-02-07 03:27:46.016909+00	2026-02-07 03:27:46.017336+00	\N	4	7
2ac51d47-0280-46f7-9b47-830ccde56f8c	profit	bank_transfer	3.00	ROI:212			completed	Daily profit locked until plan expires (payout_date=2026-02-07)	2026-02-07 03:27:48.153711+00	2026-02-07 03:27:48.154089+00	\N	4	9
2212b0fc-528e-4999-b7c1-60c4b53b48b9	profit	bank_transfer	9.99	ROI:214			completed	Daily profit locked until plan expires (payout_date=2026-02-07)	2026-02-07 03:27:52.664366+00	2026-02-07 03:27:52.66473+00	\N	2	12
553d327c-ff61-4af8-aa77-b0655127684a	profit	bank_transfer	117.00	ROI:215			completed	Daily profit locked until plan expires (payout_date=2026-02-08)	2026-02-08 16:21:13.024639+00	2026-02-08 16:21:13.025293+00	\N	2	3
b6d85757-6acc-4829-87e3-be5948998758	profit	bank_transfer	62.49	ROI:216			completed	Daily profit locked until plan expires (payout_date=2026-02-08)	2026-02-08 16:21:15.253144+00	2026-02-08 16:21:15.253541+00	\N	2	1
546372ba-59d2-415c-986c-8f80352bc807	profit	bank_transfer	135.00	ROI:217			completed	Daily profit locked until plan expires (payout_date=2026-02-08)	2026-02-08 16:21:17.432775+00	2026-02-08 16:21:17.433578+00	\N	2	2
19638319-5b88-4de0-9bbf-634883b05bfb	profit	bank_transfer	2.00	ROI:218			completed	Daily profit locked until plan expires (payout_date=2026-02-08)	2026-02-08 16:21:19.602007+00	2026-02-08 16:21:19.602397+00	\N	4	7
4d7330e8-82e0-4f90-8be9-112dae633a76	profit	bank_transfer	3.00	ROI:219			completed	Daily profit locked until plan expires (payout_date=2026-02-08)	2026-02-08 16:21:21.724482+00	2026-02-08 16:21:21.724913+00	\N	4	9
9f0e7600-4461-434c-be70-030a50a0b277	profit	bank_transfer	9.99	ROI:221			completed	Daily profit locked until plan expires (payout_date=2026-02-08)	2026-02-08 16:21:26.090734+00	2026-02-08 16:21:26.091453+00	\N	2	12
52288b67-8d0e-4320-8fef-e53003c82c9a	deposit	BTC	5000.00	coinbase			approved	Approved via admin	2026-02-09 20:00:00.008519+00	2026-02-09 20:02:02.235094+00	1	9	\N
15f4a849-5be0-49e9-afaf-3c01797e3f9b	profit	bank_transfer	117.00	ROI:222			completed	Daily profit locked until plan expires (payout_date=2026-02-09)	2026-02-09 22:49:10.283609+00	2026-02-09 22:49:10.284164+00	\N	2	3
2a8f1b45-8e48-4ff9-acf7-756a9f07ff8d	profit	bank_transfer	62.49	ROI:223			completed	Daily profit locked until plan expires (payout_date=2026-02-09)	2026-02-09 22:49:12.463429+00	2026-02-09 22:49:12.463765+00	\N	2	1
b3480c09-0144-4b08-a6f3-98185d2582bf	profit	bank_transfer	135.00	ROI:224			completed	Daily profit locked until plan expires (payout_date=2026-02-09)	2026-02-09 22:49:14.616125+00	2026-02-09 22:49:14.616523+00	\N	2	2
673c4233-7bee-4c64-bae8-8c8513ec57a4	profit	bank_transfer	2.00	ROI:225			completed	Daily profit locked until plan expires (payout_date=2026-02-09)	2026-02-09 22:49:16.793494+00	2026-02-09 22:49:16.793881+00	\N	4	7
5bd26ba4-a585-49c8-8ead-b0fc312f2194	profit	bank_transfer	3.00	ROI:226			completed	Daily profit locked until plan expires (payout_date=2026-02-09)	2026-02-09 22:49:18.948715+00	2026-02-09 22:49:18.949061+00	\N	4	9
e506a432-47c7-47d0-a2ba-1391135fc2cb	profit	bank_transfer	9.99	ROI:228			completed	Daily profit locked until plan expires (payout_date=2026-02-09)	2026-02-09 22:49:23.270404+00	2026-02-09 22:49:23.270813+00	\N	2	12
bcfb7315-7968-45ca-aabb-3f6a6b6e9df3	profit	bank_transfer	12.50	ROI:229			completed	Daily profit locked until plan expires (payout_date=2026-02-09)	2026-02-09 22:49:25.456357+00	2026-02-09 22:49:25.456692+00	\N	9	13
0d0e61c3-9acb-478e-b07c-eb53fb793660	profit	bank_transfer	117.00	ROI:230			completed	Daily profit locked until plan expires (payout_date=2026-02-10)	2026-02-10 21:19:17.558401+00	2026-02-10 21:19:17.559004+00	\N	2	3
5cca3cae-b560-4397-8797-996d1210d062	profit	bank_transfer	62.49	ROI:231			completed	Daily profit locked until plan expires (payout_date=2026-02-10)	2026-02-10 21:19:19.809917+00	2026-02-10 21:19:19.810321+00	\N	2	1
cc63aac2-085e-42f7-ab8d-8aa005d0a268	profit	bank_transfer	135.00	ROI:232			completed	Daily profit locked until plan expires (payout_date=2026-02-10)	2026-02-10 21:19:21.967439+00	2026-02-10 21:19:21.967895+00	\N	2	2
11c62fc6-d283-4a0a-a1f8-5514a7c959a3	profit	bank_transfer	2.00	ROI:233			completed	Daily profit locked until plan expires (payout_date=2026-02-10)	2026-02-10 21:19:24.087253+00	2026-02-10 21:19:24.087585+00	\N	4	7
21e53bb4-81f0-4663-bef3-93805f26f6f2	profit	bank_transfer	3.00	ROI:234			completed	Daily profit locked until plan expires (payout_date=2026-02-10)	2026-02-10 21:19:26.290313+00	2026-02-10 21:19:26.290633+00	\N	4	9
c3040239-ce95-46e2-bec4-e439591ade1a	profit	bank_transfer	9.99	ROI:236			completed	Daily profit locked until plan expires (payout_date=2026-02-10)	2026-02-10 21:19:30.614855+00	2026-02-10 21:19:30.615301+00	\N	2	12
2ec6b061-6860-4612-9c5d-1d554c967a25	profit	bank_transfer	12.50	ROI:237			completed	Daily profit locked until plan expires (payout_date=2026-02-10)	2026-02-10 21:19:32.879623+00	2026-02-10 21:19:32.880032+00	\N	9	13
a12773d6-a814-4f20-a58b-8cbac1526903	profit	bank_transfer	117.00	ROI:238			completed	Daily profit locked until plan expires (payout_date=2026-02-11)	2026-02-11 22:44:51.467882+00	2026-02-11 22:44:51.468271+00	\N	2	3
e9f7c337-621e-40b3-98e1-66028e337567	profit	bank_transfer	62.49	ROI:239			completed	Daily profit locked until plan expires (payout_date=2026-02-11)	2026-02-11 22:44:53.665009+00	2026-02-11 22:44:53.665676+00	\N	2	1
0469b8d9-7c98-412a-8b5a-a12666f0fb5f	profit	bank_transfer	135.00	ROI:240			completed	Daily profit locked until plan expires (payout_date=2026-02-11)	2026-02-11 22:44:55.809786+00	2026-02-11 22:44:55.81007+00	\N	2	2
f0de623a-d887-4348-9ee6-d93c6ca860f8	profit	bank_transfer	2.00	ROI:241			completed	Daily profit locked until plan expires (payout_date=2026-02-11)	2026-02-11 22:44:57.936959+00	2026-02-11 22:44:57.937392+00	\N	4	7
b67ca3c6-91fb-4fd1-ba49-2fbb9088b4a9	profit	bank_transfer	3.00	ROI:242			completed	Daily profit locked until plan expires (payout_date=2026-02-11)	2026-02-11 22:45:00.074931+00	2026-02-11 22:45:00.075325+00	\N	4	9
9618987f-487f-498e-b3fc-a0218092fc3c	profit	bank_transfer	9.99	ROI:244			completed	Daily profit locked until plan expires (payout_date=2026-02-11)	2026-02-11 22:45:04.607558+00	2026-02-11 22:45:04.608011+00	\N	2	12
7059eb58-109d-4e5f-bd02-b7ddd24b4a27	profit	bank_transfer	12.50	ROI:245			completed	Daily profit locked until plan expires (payout_date=2026-02-11)	2026-02-11 22:45:06.73661+00	2026-02-11 22:45:06.736909+00	\N	9	13
bda60823-7ac3-45f5-b69e-1fa5cafb466a	deposit	BTC	6000.00	cryto deposit			approved		2026-02-12 22:34:54.210915+00	2026-02-12 23:38:28.033972+00	1	10	\N
ff4446b7-b9fd-4a8a-9dac-eb4d49d1d8bf	deposit	BTC	6000.00	crypto deposit			approved	Approved via admin	2026-02-12 23:48:03.437771+00	2026-02-12 23:48:35.275202+00	1	10	\N
4452888d-6cea-42b8-92a2-20a3c575e9f8	profit	bank_transfer	117.00	ROI:246			completed	Daily profit locked until plan expires (payout_date=2026-02-13)	2026-02-13 03:13:27.79602+00	2026-02-13 03:13:27.796456+00	\N	2	3
39619b0f-859a-4693-b6bd-3074f6b40ffe	profit	bank_transfer	62.49	ROI:247			completed	Daily profit locked until plan expires (payout_date=2026-02-13)	2026-02-13 03:13:30.31233+00	2026-02-13 03:13:30.312778+00	\N	2	1
a164c7d6-cde5-4f3b-8d4e-5481ed48448e	profit	bank_transfer	135.00	ROI:248			completed	Daily profit locked until plan expires (payout_date=2026-02-13)	2026-02-13 03:13:32.420193+00	2026-02-13 03:13:32.420642+00	\N	2	2
ee7b73be-6bb6-4aaf-b963-1b7b12fa269a	profit	bank_transfer	2.00	ROI:249			completed	Daily profit locked until plan expires (payout_date=2026-02-13)	2026-02-13 03:13:34.527602+00	2026-02-13 03:13:34.528034+00	\N	4	7
2478f5b0-ded1-42bf-b3e8-b7b211342240	profit	bank_transfer	3.00	ROI:250			completed	Daily profit locked until plan expires (payout_date=2026-02-13)	2026-02-13 03:13:36.686229+00	2026-02-13 03:13:36.686661+00	\N	4	9
bcecf9eb-6086-4f5b-b915-9a04d334c24a	profit	bank_transfer	9.99	ROI:252			completed	Daily profit locked until plan expires (payout_date=2026-02-13)	2026-02-13 03:13:40.989303+00	2026-02-13 03:13:40.990119+00	\N	2	12
fb7340b0-d3be-4d4d-b928-3c144918dbbc	profit	bank_transfer	12.50	ROI:253			completed	Daily profit locked until plan expires (payout_date=2026-02-13)	2026-02-13 03:13:43.190338+00	2026-02-13 03:13:43.190829+00	\N	9	13
558a9179-d45c-49e1-8ab5-bc8687cebca0	profit	bank_transfer	75.00	ROI:254			completed	Daily profit locked until plan expires (payout_date=2026-02-13)	2026-02-13 03:13:45.34327+00	2026-02-13 03:13:45.343987+00	\N	10	14
5c21dcd5-d604-4897-8fed-86546c61ffcd	deposit	USDT	7200.00	Usdt payment			approved	Approved via admin	2026-02-14 17:37:12.902618+00	2026-02-14 17:42:48.161197+00	7	11	\N
b9210f50-c84c-441b-99e8-083c628f69c0	withdrawal	admin_adjustment	7200.00	Manual admin debit			approved	Manual debit	2026-02-14 17:46:47.546364+00	2026-02-14 17:46:48.597346+00	7	11	\N
78f4a716-b419-40e1-a5da-3c3c33951868	profit	bank_transfer	117.00	ROI:255			completed	Daily profit locked until plan expires (payout_date=2026-02-15)	2026-02-15 00:58:18.041472+00	2026-02-15 00:58:18.041691+00	\N	2	3
328b6201-38b1-4097-b010-297c59c09eec	profit	bank_transfer	62.49	ROI:256			completed	Daily profit locked until plan expires (payout_date=2026-02-15)	2026-02-15 00:58:18.26701+00	2026-02-15 00:58:18.267145+00	\N	2	1
6c36b2d1-31e0-4f8b-afcd-d97cc0366fae	profit	bank_transfer	135.00	ROI:257			completed	Daily profit locked until plan expires (payout_date=2026-02-15)	2026-02-15 00:58:18.480979+00	2026-02-15 00:58:18.481121+00	\N	2	2
fda1211b-60f4-4dc3-b661-11c9c4d26e2e	profit	bank_transfer	2.00	ROI:258			completed	Daily profit locked until plan expires (payout_date=2026-02-15)	2026-02-15 00:58:18.670694+00	2026-02-15 00:58:18.670832+00	\N	4	7
d42ae664-9bd1-4303-b381-e823768f4e03	profit	bank_transfer	3.00	ROI:259			completed	Daily profit locked until plan expires (payout_date=2026-02-15)	2026-02-15 00:58:18.862845+00	2026-02-15 00:58:18.862976+00	\N	4	9
3fdd3e20-a974-4cf6-91fb-3f13a6eb97c5	profit	bank_transfer	9.99	ROI:260			completed	Daily profit locked until plan expires (payout_date=2026-02-15)	2026-02-15 00:58:19.04463+00	2026-02-15 00:58:19.044768+00	\N	2	12
3edf62a3-d732-42b0-8ae2-80737451ebbc	profit	bank_transfer	12.50	ROI:261			completed	Daily profit locked until plan expires (payout_date=2026-02-15)	2026-02-15 00:58:19.228128+00	2026-02-15 00:58:19.228276+00	\N	9	13
35de5842-372d-40b1-bfe9-346f3c6f058c	profit	bank_transfer	75.00	ROI:262			completed	Daily profit locked until plan expires (payout_date=2026-02-15)	2026-02-15 00:58:19.43615+00	2026-02-15 00:58:19.436295+00	\N	10	14
914582ac-5f4e-4645-9ed0-ae49b825671b	profit	bank_transfer	117.00	ROI:263			completed	Daily profit locked until plan expires (payout_date=2026-02-16)	2026-02-16 19:15:05.797471+00	2026-02-16 19:15:05.797668+00	\N	2	3
a311d84b-119e-4eba-bf7c-b25656559bf6	profit	bank_transfer	62.49	ROI:264			completed	Daily profit locked until plan expires (payout_date=2026-02-16)	2026-02-16 19:15:06.073119+00	2026-02-16 19:15:06.073276+00	\N	2	1
54401c7b-0b48-41b3-8fed-5a4f3bf1717d	profit	bank_transfer	135.00	ROI:265			completed	Daily profit locked until plan expires (payout_date=2026-02-16)	2026-02-16 19:15:06.294121+00	2026-02-16 19:15:06.294278+00	\N	2	2
cb5dea7a-fd97-4568-a1c3-3f87a2bef29d	profit	bank_transfer	2.00	ROI:266			completed	Daily profit locked until plan expires (payout_date=2026-02-16)	2026-02-16 19:15:06.490578+00	2026-02-16 19:15:06.490744+00	\N	4	7
d325e257-2c50-416a-a298-a177c2fe5ec3	profit	bank_transfer	3.00	ROI:267			completed	Daily profit locked until plan expires (payout_date=2026-02-16)	2026-02-16 19:15:06.692924+00	2026-02-16 19:15:06.693075+00	\N	4	9
62d602c4-fcc8-40cd-b099-f85b5ed67fd3	profit	bank_transfer	9.99	ROI:268			completed	Daily profit locked until plan expires (payout_date=2026-02-16)	2026-02-16 19:15:06.884148+00	2026-02-16 19:15:06.88431+00	\N	2	12
c4b4b4ee-29a2-4d42-9073-c608a727a369	profit	bank_transfer	12.50	ROI:269			completed	Daily profit locked until plan expires (payout_date=2026-02-16)	2026-02-16 19:15:07.081768+00	2026-02-16 19:15:07.08192+00	\N	9	13
5d307767-caf0-4e14-899c-ec72d32f4dfd	profit	bank_transfer	75.00	ROI:270			completed	Daily profit locked until plan expires (payout_date=2026-02-16)	2026-02-16 19:15:07.296743+00	2026-02-16 19:15:07.29688+00	\N	10	14
b96f80d9-5741-4b02-b9fa-bdaad262d01f	profit	bank_transfer	117.00	ROI:271			completed	Daily profit locked until plan expires (payout_date=2026-02-18)	2026-02-18 09:33:26.967202+00	2026-02-18 09:33:26.967591+00	\N	2	3
47ccbda6-b6df-459c-82c7-af63533ee328	profit	bank_transfer	62.49	ROI:272			completed	Daily profit locked until plan expires (payout_date=2026-02-18)	2026-02-18 09:33:28.337482+00	2026-02-18 09:33:28.337916+00	\N	2	1
afd760dd-ae83-4658-86e7-eead2d4aa0b0	profit	bank_transfer	135.00	ROI:273			completed	Daily profit locked until plan expires (payout_date=2026-02-18)	2026-02-18 09:33:29.367802+00	2026-02-18 09:33:29.368191+00	\N	2	2
692941df-4bfe-423d-9e9e-aa94b6d2144d	profit	bank_transfer	2.00	ROI:274			completed	Daily profit locked until plan expires (payout_date=2026-02-18)	2026-02-18 09:33:30.4292+00	2026-02-18 09:33:30.429483+00	\N	4	7
0c83308d-276a-47c9-a90c-a9ac3a858419	profit	bank_transfer	3.00	ROI:275			completed	Daily profit locked until plan expires (payout_date=2026-02-18)	2026-02-18 09:33:31.440254+00	2026-02-18 09:33:31.440544+00	\N	4	9
6756f61d-8008-4f4b-81f6-5e413ffe856e	profit	bank_transfer	9.99	ROI:276			completed	Daily profit locked until plan expires (payout_date=2026-02-18)	2026-02-18 09:33:32.460504+00	2026-02-18 09:33:32.460774+00	\N	2	12
831d01f3-43e1-4287-8cf6-6dac8300a8ed	profit	bank_transfer	12.50	ROI:277			completed	Daily profit locked until plan expires (payout_date=2026-02-18)	2026-02-18 09:33:33.488485+00	2026-02-18 09:33:33.488792+00	\N	9	13
e424f289-819e-442f-9acc-fd05b400bf97	profit	bank_transfer	75.00	ROI:278			completed	Daily profit locked until plan expires (payout_date=2026-02-18)	2026-02-18 09:33:34.519795+00	2026-02-18 09:33:34.520073+00	\N	10	14
bb935b35-0b25-4a11-9a76-f03827e7b609	profit	bank_transfer	117.00	ROI:279			completed	Daily profit locked until plan expires (payout_date=2026-02-19)	2026-02-19 18:58:08.780366+00	2026-02-19 18:58:08.780761+00	\N	2	3
c3a3d550-c2fe-4b9a-9bc6-296ebdff3087	profit	bank_transfer	62.49	ROI:280			completed	Daily profit locked until plan expires (payout_date=2026-02-19)	2026-02-19 18:58:10.107258+00	2026-02-19 18:58:10.107554+00	\N	2	1
47fe18c8-0f3f-4cc9-901c-fe33afaa26f0	profit	bank_transfer	135.00	ROI:281			completed	Daily profit locked until plan expires (payout_date=2026-02-19)	2026-02-19 18:58:11.143458+00	2026-02-19 18:58:11.143769+00	\N	2	2
5ef4d32f-0853-4f10-8d3a-e98b19bc29c5	profit	bank_transfer	2.00	ROI:282			completed	Daily profit locked until plan expires (payout_date=2026-02-19)	2026-02-19 18:58:12.200556+00	2026-02-19 18:58:12.200885+00	\N	4	7
85018cec-aa56-49df-8702-3c1ce77cfa32	profit	bank_transfer	3.00	ROI:283			completed	Daily profit locked until plan expires (payout_date=2026-02-19)	2026-02-19 18:58:13.200214+00	2026-02-19 18:58:13.200562+00	\N	4	9
a06824df-05f5-4836-adb0-0428cba5c678	profit	bank_transfer	9.99	ROI:284			completed	Daily profit locked until plan expires (payout_date=2026-02-19)	2026-02-19 18:58:14.199248+00	2026-02-19 18:58:14.199636+00	\N	2	12
483bd33a-c89b-40e6-9b59-7237e692fc1e	profit	bank_transfer	12.50	ROI:285			completed	Daily profit locked until plan expires (payout_date=2026-02-19)	2026-02-19 18:58:15.195755+00	2026-02-19 18:58:15.196063+00	\N	9	13
b5fa4bf4-e835-4f31-a587-1e2d132e4114	profit	bank_transfer	75.00	ROI:286			completed	Daily profit locked until plan expires (payout_date=2026-02-19)	2026-02-19 18:58:16.207941+00	2026-02-19 18:58:16.208202+00	\N	10	14
07a808af-f9da-4d30-869d-e088ad40dd99	profit	bank_transfer	117.00	ROI:287			completed	Daily profit locked until plan expires (payout_date=2026-02-20)	2026-02-20 22:54:10.263675+00	2026-02-20 22:54:10.263874+00	\N	2	3
848ea9ee-7479-4c9c-9273-1d8c329ce810	profit	bank_transfer	62.49	ROI:288			completed	Daily profit locked until plan expires (payout_date=2026-02-20)	2026-02-20 22:54:10.532342+00	2026-02-20 22:54:10.532491+00	\N	2	1
a96e8355-4608-4e82-b0a0-6125776dfc36	profit	bank_transfer	135.00	ROI:289			completed	Daily profit locked until plan expires (payout_date=2026-02-20)	2026-02-20 22:54:10.74173+00	2026-02-20 22:54:10.741894+00	\N	2	2
9299486d-aab3-42b8-b4d6-e6273c287a2f	profit	bank_transfer	2.00	ROI:290			completed	Daily profit locked until plan expires (payout_date=2026-02-20)	2026-02-20 22:54:10.934169+00	2026-02-20 22:54:10.934352+00	\N	4	7
1d6b72b5-dcab-4cfa-8d3b-33fcc617bcf6	profit	bank_transfer	3.00	ROI:291			completed	Daily profit locked until plan expires (payout_date=2026-02-20)	2026-02-20 22:54:11.120135+00	2026-02-20 22:54:11.12029+00	\N	4	9
6e6276a2-42cb-49bc-8b2a-572dc47b353f	profit	bank_transfer	9.99	ROI:292			completed	Daily profit locked until plan expires (payout_date=2026-02-20)	2026-02-20 22:54:11.317927+00	2026-02-20 22:54:11.318063+00	\N	2	12
1049cc87-7743-421a-93b5-81afb6689b5c	profit	bank_transfer	12.50	ROI:293			completed	Daily profit locked until plan expires (payout_date=2026-02-20)	2026-02-20 22:54:11.549768+00	2026-02-20 22:54:11.549897+00	\N	9	13
272875c4-ad57-449b-b156-b728b942286b	profit	bank_transfer	75.00	ROI:294			completed	Daily profit locked until plan expires (payout_date=2026-02-20)	2026-02-20 22:54:11.765203+00	2026-02-20 22:54:11.765338+00	\N	10	14
dc4cb284-f6fa-4066-95c2-33babdc67f2a	profit	bank_transfer	117.00	ROI:295			completed	Daily profit locked until plan expires (payout_date=2026-02-21)	2026-02-21 22:54:30.609113+00	2026-02-21 22:54:30.6093+00	\N	2	3
f69e48ca-4d97-4cce-a241-939714fc7d0f	profit	bank_transfer	62.49	ROI:296			completed	Daily profit locked until plan expires (payout_date=2026-02-21)	2026-02-21 22:54:30.937495+00	2026-02-21 22:54:30.937637+00	\N	2	1
d880c525-d1e0-43b2-b32b-e015b086af52	profit	bank_transfer	135.00	ROI:297			completed	Daily profit locked until plan expires (payout_date=2026-02-21)	2026-02-21 22:54:31.171145+00	2026-02-21 22:54:31.171304+00	\N	2	2
b32d8a4d-a0ce-46e7-a230-6f0c4af9437c	profit	bank_transfer	2.00	ROI:298			completed	Daily profit locked until plan expires (payout_date=2026-02-21)	2026-02-21 22:54:31.389999+00	2026-02-21 22:54:31.390167+00	\N	4	7
5563d42f-c951-437e-9e9a-4800e8e5962b	profit	bank_transfer	3.00	ROI:299			completed	Daily profit locked until plan expires (payout_date=2026-02-21)	2026-02-21 22:54:31.658875+00	2026-02-21 22:54:31.659027+00	\N	4	9
095f3370-0cf8-4885-9d98-9951c722e456	profit	bank_transfer	9.99	ROI:300			completed	Daily profit locked until plan expires (payout_date=2026-02-21)	2026-02-21 22:54:31.859697+00	2026-02-21 22:54:31.859865+00	\N	2	12
b8508a39-0de9-4021-8d86-190b3d5fbe8b	profit	bank_transfer	12.50	ROI:301			completed	Daily profit locked until plan expires (payout_date=2026-02-21)	2026-02-21 22:54:32.131309+00	2026-02-21 22:54:32.131468+00	\N	9	13
7bf7e738-00ca-45ad-a732-ef74d26924f7	profit	bank_transfer	75.00	ROI:302			completed	Daily profit locked until plan expires (payout_date=2026-02-21)	2026-02-21 22:54:32.357281+00	2026-02-21 22:54:32.357424+00	\N	10	14
ed5ed9b4-1b36-4405-8834-b7fb8b74ebc2	deposit	USDC	500.00	crypto trx			pending		2026-02-23 00:12:40.316297+00	2026-02-23 00:12:40.316505+00	\N	4	\N
16c9ce9a-af36-482f-808d-122b0dd1007d	profit	bank_transfer	117.00	ROI:303			completed	Daily profit locked until plan expires (payout_date=2026-02-23)	2026-02-23 01:08:40.918405+00	2026-02-23 01:08:40.91859+00	\N	2	3
35c955a8-2a5f-4184-af0a-c6be56dda7ce	profit	bank_transfer	62.49	ROI:304			completed	Daily profit locked until plan expires (payout_date=2026-02-23)	2026-02-23 01:08:41.182519+00	2026-02-23 01:08:41.182684+00	\N	2	1
18139635-508c-4442-b69a-30f9a23097e4	profit	bank_transfer	135.00	ROI:305			completed	Daily profit locked until plan expires (payout_date=2026-02-23)	2026-02-23 01:08:41.401559+00	2026-02-23 01:08:41.401719+00	\N	2	2
876cc3e4-88c7-4ca4-a96d-c2131bac4dcb	profit	bank_transfer	2.00	ROI:306			completed	Daily profit locked until plan expires (payout_date=2026-02-23)	2026-02-23 01:08:41.610086+00	2026-02-23 01:08:41.610299+00	\N	4	7
8d36ef6d-c15d-4437-be79-9ae610b194d3	profit	bank_transfer	3.00	ROI:307			completed	Daily profit locked until plan expires (payout_date=2026-02-23)	2026-02-23 01:08:41.804433+00	2026-02-23 01:08:41.804569+00	\N	4	9
6896dfd7-231f-4001-801d-106b156f8311	profit	bank_transfer	9.99	ROI:308			completed	Daily profit locked until plan expires (payout_date=2026-02-23)	2026-02-23 01:08:42.011248+00	2026-02-23 01:08:42.011394+00	\N	2	12
a3931778-abc9-47df-93c7-eddb9eab2af1	profit	bank_transfer	12.50	ROI:309			completed	Daily profit locked until plan expires (payout_date=2026-02-23)	2026-02-23 01:08:42.253952+00	2026-02-23 01:08:42.254098+00	\N	9	13
038d3867-fa4d-460b-b246-909ba2c20f41	profit	bank_transfer	75.00	ROI:310			completed	Daily profit locked until plan expires (payout_date=2026-02-23)	2026-02-23 01:08:42.488453+00	2026-02-23 01:08:42.488597+00	\N	10	14
ba3ed87f-34b5-41c4-ae45-56e016bd4154	deposit	bank_transfer	11074.29	admin actions			rejected	Admin debit	2026-02-23 01:54:09.60456+00	2026-02-23 02:04:01.620606+00	7	2	\N
1f2330c1-3a63-4d15-a311-8b2870acb50b	withdrawal	bank_transfer	500.00	admin actionss		bc1hehjejeryeyrhrnrjwkesbrbrx	approved		2026-02-23 02:53:42.723383+00	2026-02-23 02:53:42.737097+00	6	4	\N
cab65d32-4358-48c6-b6ea-b454c08cabc1	profit	bank_transfer	117.00	ROI:311			completed	Daily profit locked until plan expires (payout_date=2026-02-26)	2026-02-26 04:08:48.981729+00	2026-02-26 04:08:48.982192+00	\N	2	3
ebef31c7-8ac8-4849-af78-f14525031e63	profit	bank_transfer	62.49	ROI:312			completed	Daily profit locked until plan expires (payout_date=2026-02-26)	2026-02-26 04:08:49.263571+00	2026-02-26 04:08:49.263818+00	\N	2	1
9fda87bf-570a-4bbc-89c7-1d16687cd3fc	profit	bank_transfer	135.00	ROI:313			completed	Daily profit locked until plan expires (payout_date=2026-02-26)	2026-02-26 04:08:49.511339+00	2026-02-26 04:08:49.511558+00	\N	2	2
badc73b8-1595-4867-9c7f-a8a437e838c0	profit	bank_transfer	2.00	ROI:314			completed	Daily profit locked until plan expires (payout_date=2026-02-26)	2026-02-26 04:08:49.708783+00	2026-02-26 04:08:49.709023+00	\N	4	7
c881e369-5936-45f1-8d12-ee4ad074f7ec	profit	bank_transfer	3.00	ROI:315			completed	Daily profit locked until plan expires (payout_date=2026-02-26)	2026-02-26 04:08:49.882823+00	2026-02-26 04:08:49.883031+00	\N	4	9
e4c6649e-ffdc-4b06-99fc-cbeec6e1f9c5	profit	bank_transfer	12.50	ROI:316			completed	Daily profit locked until plan expires (payout_date=2026-02-26)	2026-02-26 04:08:50.068575+00	2026-02-26 04:08:50.068852+00	\N	9	13
021db978-eccd-4923-b233-50c3f8f53b30	profit	bank_transfer	75.00	ROI:317			completed	Daily profit locked until plan expires (payout_date=2026-02-26)	2026-02-26 04:08:50.259499+00	2026-02-26 04:08:50.259771+00	\N	10	14
dc16f834-0d1f-44db-9b71-8b1ca6acb678	profit	bank_transfer	117.00	ROI:318			completed	Daily profit locked until plan expires (payout_date=2026-03-01)	2026-03-01 04:44:10.932351+00	2026-03-01 04:44:10.932773+00	\N	2	3
9680d9f5-5854-40ec-a557-691f52c6dd7a	profit	bank_transfer	62.49	ROI:319			completed	Daily profit locked until plan expires (payout_date=2026-03-01)	2026-03-01 04:44:11.177159+00	2026-03-01 04:44:11.177521+00	\N	2	1
4b323eb1-2040-450a-b44c-945340c108b1	profit	bank_transfer	135.00	ROI:320			completed	Daily profit locked until plan expires (payout_date=2026-03-01)	2026-03-01 04:44:11.366182+00	2026-03-01 04:44:11.366421+00	\N	2	2
75ef4f83-765d-4989-ae3c-5fbe2c0bff58	profit	bank_transfer	2.00	ROI:321			completed	Daily profit locked until plan expires (payout_date=2026-03-01)	2026-03-01 04:44:11.532947+00	2026-03-01 04:44:11.533196+00	\N	4	7
a1fdf12b-b254-4422-9989-3cb886eff191	profit	bank_transfer	3.00	ROI:322			completed	Daily profit locked until plan expires (payout_date=2026-03-01)	2026-03-01 04:44:11.724445+00	2026-03-01 04:44:11.724782+00	\N	4	9
48dca48e-5081-4820-9a1b-5d521888f45d	profit	bank_transfer	12.50	ROI:323			completed	Daily profit locked until plan expires (payout_date=2026-03-01)	2026-03-01 04:44:11.898247+00	2026-03-01 04:44:11.898485+00	\N	9	13
ffe8b342-26ab-47c0-a54c-78231de32952	profit	bank_transfer	75.00	ROI:324			completed	Daily profit locked until plan expires (payout_date=2026-03-01)	2026-03-01 04:44:12.116419+00	2026-03-01 04:44:12.11668+00	\N	10	14
d8a1a47b-c61b-49c5-9ab5-b916f6b62eb2	withdrawal	bank_transfer	50.00	bc1hehjejeryeyrhrnrjwkesbrbr			approved	Approved via admin	2026-03-01 04:49:24.005741+00	2026-03-01 04:51:24.432167+00	1	4	6
b8e02c01-7755-4734-8e3f-65d29460560f	profit	bank_transfer	117.00	ROI:325			completed	Daily profit locked until plan expires (payout_date=2026-03-02)	2026-03-02 16:17:19.528511+00	2026-03-02 16:17:19.528763+00	\N	2	3
e269aa0f-19d6-4296-9093-bbca1f1393f8	profit	bank_transfer	62.49	ROI:326			completed	Daily profit locked until plan expires (payout_date=2026-03-02)	2026-03-02 16:17:19.813013+00	2026-03-02 16:17:19.813221+00	\N	2	1
cce048e2-3f41-4093-813a-4765891367ad	profit	bank_transfer	135.00	ROI:327			completed	Daily profit locked until plan expires (payout_date=2026-03-02)	2026-03-02 16:17:20.011587+00	2026-03-02 16:17:20.011804+00	\N	2	2
074371d6-dab8-4f8f-a0fa-49c0cbe747f3	profit	bank_transfer	2.00	ROI:328			completed	Daily profit locked until plan expires (payout_date=2026-03-02)	2026-03-02 16:17:20.213341+00	2026-03-02 16:17:20.213551+00	\N	4	7
d92889eb-89e5-4c6b-86e3-09f5b80edcc4	profit	bank_transfer	3.00	ROI:329			completed	Daily profit locked until plan expires (payout_date=2026-03-02)	2026-03-02 16:17:20.375882+00	2026-03-02 16:17:20.37608+00	\N	4	9
8f8106d7-e4f2-4e55-983b-0e097328abfd	profit	bank_transfer	12.50	ROI:330			completed	Daily profit locked until plan expires (payout_date=2026-03-02)	2026-03-02 16:17:20.551604+00	2026-03-02 16:17:20.551754+00	\N	9	13
a2f50576-1a3e-4259-b20c-820214051f95	profit	bank_transfer	75.00	ROI:331			completed	Daily profit locked until plan expires (payout_date=2026-03-02)	2026-03-02 16:17:20.744911+00	2026-03-02 16:17:20.74509+00	\N	10	14
13495c3b-236c-4087-a29c-cce5fd648bb5	profit	bank_transfer	117.00	ROI:332			completed	Daily profit locked until plan expires (payout_date=2026-03-03)	2026-03-03 21:20:30.278241+00	2026-03-03 21:20:30.278455+00	\N	2	3
18207c6d-7cfe-4c5b-9394-57cef008e34b	profit	bank_transfer	62.49	ROI:333			completed	Daily profit locked until plan expires (payout_date=2026-03-03)	2026-03-03 21:20:30.519646+00	2026-03-03 21:20:30.51981+00	\N	2	1
c590aa32-23c8-4bb3-9c90-8cf1c8cc78c2	profit	bank_transfer	135.00	ROI:334			completed	Daily profit locked until plan expires (payout_date=2026-03-03)	2026-03-03 21:20:30.725702+00	2026-03-03 21:20:30.725875+00	\N	2	2
b0437804-1079-4013-beba-c2a102e226d7	profit	bank_transfer	2.00	ROI:335			completed	Daily profit locked until plan expires (payout_date=2026-03-03)	2026-03-03 21:20:30.898924+00	2026-03-03 21:20:30.899131+00	\N	4	7
6c00d211-4e38-4140-a877-9a016f0cc607	profit	bank_transfer	3.00	ROI:336			completed	Daily profit locked until plan expires (payout_date=2026-03-03)	2026-03-03 21:20:31.071428+00	2026-03-03 21:20:31.071605+00	\N	4	9
2a640b30-bd42-45dd-b089-759fae5be9b4	profit	bank_transfer	12.50	ROI:337			completed	Daily profit locked until plan expires (payout_date=2026-03-03)	2026-03-03 21:20:31.25107+00	2026-03-03 21:20:31.251224+00	\N	9	13
16edbb87-9bb2-48b7-91fb-1f4ece28b01b	profit	bank_transfer	75.00	ROI:338			completed	Daily profit locked until plan expires (payout_date=2026-03-03)	2026-03-03 21:20:31.442827+00	2026-03-03 21:20:31.442981+00	\N	10	14
e51643bd-ea51-4bcd-986c-e91e1548aca7	profit	bank_transfer	117.00	ROI:339			completed	Daily profit locked until plan expires (payout_date=2026-03-04)	2026-03-04 22:31:00.426212+00	2026-03-04 22:31:00.42652+00	\N	2	3
cc2d43ef-e0a6-4f8a-8fd9-f88943e2cebb	profit	bank_transfer	62.49	ROI:340			completed	Daily profit locked until plan expires (payout_date=2026-03-04)	2026-03-04 22:31:00.7612+00	2026-03-04 22:31:00.761426+00	\N	2	1
7a646f58-9393-4165-9cba-ed9eba944a76	profit	bank_transfer	135.00	ROI:341			completed	Daily profit locked until plan expires (payout_date=2026-03-04)	2026-03-04 22:31:01.020889+00	2026-03-04 22:31:01.021051+00	\N	2	2
348910a2-0675-4bb0-bf94-a5c5bf80cc1f	profit	bank_transfer	2.00	ROI:342			completed	Daily profit locked until plan expires (payout_date=2026-03-04)	2026-03-04 22:31:01.211166+00	2026-03-04 22:31:01.211341+00	\N	4	7
363360e6-963d-4b58-a192-cc41c2ca1f7d	profit	bank_transfer	3.00	ROI:343			completed	Daily profit locked until plan expires (payout_date=2026-03-04)	2026-03-04 22:31:01.404048+00	2026-03-04 22:31:01.404207+00	\N	4	9
eda88c06-4c16-4ec6-a39b-d28d6de2555f	profit	bank_transfer	12.50	ROI:344			completed	Daily profit locked until plan expires (payout_date=2026-03-04)	2026-03-04 22:31:01.673888+00	2026-03-04 22:31:01.674044+00	\N	9	13
2ca09aa4-f548-4ecb-8794-29d3d166eb9d	profit	bank_transfer	75.00	ROI:345			completed	Daily profit locked until plan expires (payout_date=2026-03-04)	2026-03-04 22:31:01.858358+00	2026-03-04 22:31:01.858535+00	\N	10	14
405cad63-b133-48b0-ac1d-e6540fbce905	profit	bank_transfer	117.00	ROI:346			completed	Daily profit locked until plan expires (payout_date=2026-03-08)	2026-03-08 17:29:54.543648+00	2026-03-08 17:29:54.54395+00	\N	2	3
83959f0c-bd39-41ee-942f-d294456d4a91	profit	bank_transfer	62.49	ROI:347			completed	Daily profit locked until plan expires (payout_date=2026-03-08)	2026-03-08 17:29:56.747555+00	2026-03-08 17:29:56.747795+00	\N	2	1
e0450999-03c9-4ccb-b52b-206ad6bbe20d	profit	bank_transfer	135.00	ROI:348			completed	Daily profit locked until plan expires (payout_date=2026-03-08)	2026-03-08 17:29:58.922512+00	2026-03-08 17:29:58.922753+00	\N	2	2
d837ab37-965b-4d86-bf9b-352530139eaf	profit	bank_transfer	2.00	ROI:349			completed	Daily profit locked until plan expires (payout_date=2026-03-08)	2026-03-08 17:30:01.30229+00	2026-03-08 17:30:01.302614+00	\N	4	7
dd88c107-2c7b-4e62-a479-c12e5d1aa07b	profit	bank_transfer	3.00	ROI:350			completed	Daily profit locked until plan expires (payout_date=2026-03-08)	2026-03-08 17:30:03.406134+00	2026-03-08 17:30:03.406369+00	\N	4	9
83d1e253-659c-4e6e-95dd-5e89c60356a4	profit	bank_transfer	12.50	ROI:351			completed	Daily profit locked until plan expires (payout_date=2026-03-08)	2026-03-08 17:30:05.520854+00	2026-03-08 17:30:05.521138+00	\N	9	13
f27df863-cdb2-45ab-8b1a-ca65db44cf66	profit	bank_transfer	75.00	ROI:352			completed	Daily profit locked until plan expires (payout_date=2026-03-08)	2026-03-08 17:30:07.640648+00	2026-03-08 17:30:07.640942+00	\N	10	14
2b1220d0-e7d3-44f3-a644-3b7fdfbb76c7	profit	bank_transfer	117.00	ROI:353			completed	Daily profit locked until plan expires (payout_date=2026-03-09)	2026-03-09 13:26:55.06156+00	2026-03-09 13:26:55.062104+00	\N	2	3
6b4808eb-0df0-4fd1-8c30-049140101fb6	profit	bank_transfer	62.49	ROI:354			completed	Daily profit locked until plan expires (payout_date=2026-03-09)	2026-03-09 13:26:55.370104+00	2026-03-09 13:26:55.370505+00	\N	2	1
964019c0-d96d-4852-8c2b-9982a6110cba	profit	bank_transfer	135.00	ROI:355			completed	Daily profit locked until plan expires (payout_date=2026-03-09)	2026-03-09 13:26:55.585328+00	2026-03-09 13:26:55.586334+00	\N	2	2
e4c285cc-a96e-4b4a-a1f7-644e9d22b013	profit	bank_transfer	2.00	ROI:356			completed	Daily profit locked until plan expires (payout_date=2026-03-09)	2026-03-09 13:26:55.813825+00	2026-03-09 13:26:55.815066+00	\N	4	7
659f4dfd-d891-4625-b78c-70afb32b0653	profit	bank_transfer	3.00	ROI:357			completed	Daily profit locked until plan expires (payout_date=2026-03-09)	2026-03-09 13:26:56.03786+00	2026-03-09 13:26:56.038127+00	\N	4	9
0d0417fd-c9b2-4fec-a6dd-05de93ddadc1	profit	bank_transfer	12.50	ROI:358			completed	Daily profit locked until plan expires (payout_date=2026-03-09)	2026-03-09 13:26:56.271297+00	2026-03-09 13:26:56.27186+00	\N	9	13
9c7ad809-dd0e-4ebe-b697-c4f0c253fcbf	profit	bank_transfer	75.00	ROI:359			completed	Daily profit locked until plan expires (payout_date=2026-03-09)	2026-03-09 13:26:56.489095+00	2026-03-09 13:26:56.489437+00	\N	10	14
25afbe6a-f1b1-4c04-972e-1dd5c671213f	profit	bank_transfer	117.00	ROI:360			completed	Daily profit locked until plan expires (payout_date=2026-03-10)	2026-03-10 18:38:30.756747+00	2026-03-10 18:38:30.75701+00	\N	2	3
d0bf8109-d1d7-4bdc-b9c3-f1b938b24d2e	profit	bank_transfer	62.49	ROI:361			completed	Daily profit locked until plan expires (payout_date=2026-03-10)	2026-03-10 18:38:30.999885+00	2026-03-10 18:38:31.000148+00	\N	2	1
1ba55fd1-98c4-4b7f-a900-56d4ee0c106d	profit	bank_transfer	135.00	ROI:362			completed	Daily profit locked until plan expires (payout_date=2026-03-10)	2026-03-10 18:38:31.220142+00	2026-03-10 18:38:31.220413+00	\N	2	2
1cfcd1fe-95f2-49a2-bdda-6a22fc27e30f	profit	bank_transfer	2.00	ROI:363			completed	Daily profit locked until plan expires (payout_date=2026-03-10)	2026-03-10 18:38:31.405525+00	2026-03-10 18:38:31.405759+00	\N	4	7
2d6868e7-adea-4029-8971-c78ca6f10b73	profit	bank_transfer	3.00	ROI:364			completed	Daily profit locked until plan expires (payout_date=2026-03-10)	2026-03-10 18:38:31.595265+00	2026-03-10 18:38:31.59543+00	\N	4	9
ab3b1ae1-1d78-4452-b22e-6d70e6124562	profit	bank_transfer	12.50	ROI:365			completed	Daily profit locked until plan expires (payout_date=2026-03-10)	2026-03-10 18:38:31.774755+00	2026-03-10 18:38:31.774976+00	\N	9	13
29f0833c-8c05-4c5a-8bc5-057b2ff4c30e	profit	bank_transfer	75.00	ROI:366			completed	Daily profit locked until plan expires (payout_date=2026-03-10)	2026-03-10 18:38:32.224075+00	2026-03-10 18:38:32.22423+00	\N	10	14
866da78a-6c78-4657-b628-753d83862105	withdrawal	bank_transfer	24.00	trx			pending		2026-03-12 14:25:23.128349+00	2026-03-12 14:25:23.128668+00	\N	4	6
eb7d886b-2f66-4198-a3aa-c8e6238569fc	profit	bank_transfer	117.00	ROI:367			completed	Daily profit locked until plan expires (payout_date=2026-03-12)	2026-03-12 17:53:06.694703+00	2026-03-12 17:53:06.695125+00	\N	2	3
73f17b07-2b04-4b46-8183-247a26abe70a	profit	bank_transfer	62.49	ROI:368			completed	Daily profit locked until plan expires (payout_date=2026-03-12)	2026-03-12 17:53:07.781456+00	2026-03-12 17:53:07.781823+00	\N	2	1
87b4a3b9-3bf3-4747-b788-474c486a596a	profit	bank_transfer	135.00	ROI:369			completed	Daily profit locked until plan expires (payout_date=2026-03-12)	2026-03-12 17:53:08.856956+00	2026-03-12 17:53:08.85727+00	\N	2	2
c3535b7f-c05d-4f9b-826d-091f1b73f5f8	profit	bank_transfer	2.00	ROI:370			completed	Daily profit locked until plan expires (payout_date=2026-03-12)	2026-03-12 17:53:09.966867+00	2026-03-12 17:53:09.967167+00	\N	4	7
6439c8eb-ded0-403c-9516-4e10d4f63f2d	profit	bank_transfer	3.00	ROI:371			completed	Daily profit locked until plan expires (payout_date=2026-03-12)	2026-03-12 17:53:11.036088+00	2026-03-12 17:53:11.036434+00	\N	4	9
3a3fa05e-0114-4ca2-95bc-04d822817b81	profit	bank_transfer	12.50	ROI:372			completed	Daily profit locked until plan expires (payout_date=2026-03-12)	2026-03-12 17:53:12.155753+00	2026-03-12 17:53:12.156107+00	\N	9	13
deef79e8-f672-4f5b-b321-1ba1e908d557	profit	bank_transfer	75.00	ROI:373			completed	Daily profit locked until plan expires (payout_date=2026-03-12)	2026-03-12 17:53:13.969749+00	2026-03-12 17:53:13.97015+00	\N	10	14
4d725587-3544-45c6-b1b1-a22733022ee2	profit	bank_transfer	117.00	ROI:374			completed	Daily profit locked until plan expires (payout_date=2026-03-13)	2026-03-13 14:31:37.636798+00	2026-03-13 14:31:37.637138+00	\N	2	3
9fc0c838-5a0c-4295-955c-fc0c9f5a8d4e	profit	bank_transfer	62.49	ROI:375			completed	Daily profit locked until plan expires (payout_date=2026-03-13)	2026-03-13 14:31:38.75876+00	2026-03-13 14:31:38.759116+00	\N	2	1
6aa2da6f-f4be-4fb0-bad0-ce50834d0098	profit	bank_transfer	135.00	ROI:376			completed	Daily profit locked until plan expires (payout_date=2026-03-13)	2026-03-13 14:31:39.847804+00	2026-03-13 14:31:39.848072+00	\N	2	2
49201787-6ff4-4d0f-8d17-cd66783e6062	profit	bank_transfer	2.00	ROI:377			completed	Daily profit locked until plan expires (payout_date=2026-03-13)	2026-03-13 14:31:40.906139+00	2026-03-13 14:31:40.906479+00	\N	4	7
267644cc-b936-4fb4-bd0d-6ae1451e0268	profit	bank_transfer	3.00	ROI:378			completed	Daily profit locked until plan expires (payout_date=2026-03-13)	2026-03-13 14:31:41.970438+00	2026-03-13 14:31:41.970752+00	\N	4	9
151d3c56-0937-4972-bb6a-7ca6d47c16ef	profit	bank_transfer	12.50	ROI:379			completed	Daily profit locked until plan expires (payout_date=2026-03-13)	2026-03-13 14:31:43.061336+00	2026-03-13 14:31:43.061856+00	\N	9	13
27140ae5-a3af-4b31-9ead-9a07af88fae2	profit	bank_transfer	75.00	ROI:380			completed	Daily profit locked until plan expires (payout_date=2026-03-13)	2026-03-13 14:31:44.4845+00	2026-03-13 14:31:44.484765+00	\N	10	14
9d039d4d-3a90-4485-88da-74afadb62a49	profit	bank_transfer	117.00	ROI:381			completed	Daily profit locked until plan expires (payout_date=2026-03-14)	2026-03-14 16:02:41.980896+00	2026-03-14 16:02:41.981224+00	\N	2	3
4ecb44f3-c211-4b37-990d-a7a9dccf135e	profit	bank_transfer	62.49	ROI:382			completed	Daily profit locked until plan expires (payout_date=2026-03-14)	2026-03-14 16:02:43.062539+00	2026-03-14 16:02:43.06432+00	\N	2	1
7d48871e-a404-4101-9791-94eb5221cb8f	profit	bank_transfer	135.00	ROI:383			completed	Daily profit locked until plan expires (payout_date=2026-03-14)	2026-03-14 16:02:44.375097+00	2026-03-14 16:02:44.375372+00	\N	2	2
e5040a11-a1e5-4e31-9585-94200f67e1c6	profit	bank_transfer	2.00	ROI:384			completed	Daily profit locked until plan expires (payout_date=2026-03-14)	2026-03-14 16:02:45.440434+00	2026-03-14 16:02:45.440779+00	\N	4	7
3c642a21-e87f-45dc-91df-611c7edc2dc0	profit	bank_transfer	3.00	ROI:385			completed	Daily profit locked until plan expires (payout_date=2026-03-14)	2026-03-14 16:02:46.992097+00	2026-03-14 16:02:46.992357+00	\N	4	9
aaa54b5b-4c26-4ecb-a79e-114088ecacef	profit	bank_transfer	12.50	ROI:386			completed	Daily profit locked until plan expires (payout_date=2026-03-14)	2026-03-14 16:02:48.044292+00	2026-03-14 16:02:48.044585+00	\N	9	13
3e84887b-562b-49e7-90e2-2a3f97e2ca4a	profit	bank_transfer	75.00	ROI:387			completed	Daily profit locked until plan expires (payout_date=2026-03-14)	2026-03-14 16:02:49.102072+00	2026-03-14 16:02:49.102328+00	\N	10	14
1f7182a2-f920-414f-8f6c-a620633c1e7d	profit	bank_transfer	117.00	ROI:388			completed	Daily profit locked until plan expires (payout_date=2026-03-15)	2026-03-15 02:17:15.23721+00	2026-03-15 02:17:15.237587+00	\N	2	3
9c1dbb3f-b706-42fb-9dde-2960acafaa71	profit	bank_transfer	62.49	ROI:389			completed	Daily profit locked until plan expires (payout_date=2026-03-15)	2026-03-15 02:17:17.883947+00	2026-03-15 02:17:17.88426+00	\N	2	1
cf81007d-01e6-4ecc-8530-382adc2ae1e7	profit	bank_transfer	135.00	ROI:390			completed	Daily profit locked until plan expires (payout_date=2026-03-15)	2026-03-15 02:17:20.39679+00	2026-03-15 02:17:20.397085+00	\N	2	2
2db65b51-8e63-4017-ad02-ec7c126a8792	profit	bank_transfer	2.00	ROI:391			completed	Daily profit locked until plan expires (payout_date=2026-03-15)	2026-03-15 02:17:22.93601+00	2026-03-15 02:17:22.936336+00	\N	4	7
c26c6241-a935-4dff-bb57-61e0264d23c3	profit	bank_transfer	3.00	ROI:392			completed	Daily profit locked until plan expires (payout_date=2026-03-15)	2026-03-15 02:17:25.449968+00	2026-03-15 02:17:25.450306+00	\N	4	9
da2f8b1a-5f0c-43e1-a02d-683c1bb5d5ad	profit	bank_transfer	12.50	ROI:393			completed	Daily profit locked until plan expires (payout_date=2026-03-15)	2026-03-15 02:17:28.667659+00	2026-03-15 02:17:28.668+00	\N	9	13
8e3295f8-5f2a-472e-abb5-8c04c49b2104	profit	bank_transfer	75.00	ROI:394			completed	Daily profit locked until plan expires (payout_date=2026-03-15)	2026-03-15 02:17:31.187965+00	2026-03-15 02:17:31.188268+00	\N	10	14
899fe0e2-add3-472d-8aec-9dff4be7466b	profit	bank_transfer	117.00	ROI:395			completed	Daily profit locked until plan expires (payout_date=2026-03-16)	2026-03-16 07:16:19.677377+00	2026-03-16 07:16:19.677696+00	\N	2	3
d7a102f7-9e92-436a-b3b7-dc51ecba3534	profit	bank_transfer	62.49	ROI:396			completed	Daily profit locked until plan expires (payout_date=2026-03-16)	2026-03-16 07:16:22.294758+00	2026-03-16 07:16:22.295047+00	\N	2	1
eee8c97e-f606-43d8-977d-08fe877f7429	profit	bank_transfer	135.00	ROI:397			completed	Daily profit locked until plan expires (payout_date=2026-03-16)	2026-03-16 07:16:24.829398+00	2026-03-16 07:16:24.829656+00	\N	2	2
56c753d9-0a4c-4e73-a50e-d538e3331cbf	profit	bank_transfer	2.00	ROI:398			completed	Daily profit locked until plan expires (payout_date=2026-03-16)	2026-03-16 07:16:27.362974+00	2026-03-16 07:16:27.363274+00	\N	4	7
4b156b1a-855c-45d5-a2ec-48de1c6b1527	profit	bank_transfer	3.00	ROI:399			completed	Daily profit locked until plan expires (payout_date=2026-03-16)	2026-03-16 07:16:29.879878+00	2026-03-16 07:16:29.880171+00	\N	4	9
6f5c24c6-89f6-4fc9-a358-30ca1be93c3e	profit	bank_transfer	12.50	ROI:400			completed	Daily profit locked until plan expires (payout_date=2026-03-16)	2026-03-16 07:16:32.414645+00	2026-03-16 07:16:32.414962+00	\N	9	13
95d3f397-2cfc-4523-979a-447d54af6b0e	profit	bank_transfer	75.00	ROI:401			completed	Daily profit locked until plan expires (payout_date=2026-03-16)	2026-03-16 07:16:34.97427+00	2026-03-16 07:16:34.974515+00	\N	10	14
09f23577-e8c2-4c31-ba2e-a92f5b9b83e2	profit	bank_transfer	117.00	ROI:402			completed	Daily profit locked until plan expires (payout_date=2026-03-17)	2026-03-17 01:37:48.37596+00	2026-03-17 01:37:48.376315+00	\N	2	3
2ca6c91e-0086-41ca-b852-e7f971926d96	profit	bank_transfer	62.49	ROI:403			completed	Daily profit locked until plan expires (payout_date=2026-03-17)	2026-03-17 01:37:50.983603+00	2026-03-17 01:37:50.983896+00	\N	2	1
b62bbc01-76e8-4448-afc6-8707d994406e	profit	bank_transfer	135.00	ROI:404			completed	Daily profit locked until plan expires (payout_date=2026-03-17)	2026-03-17 01:37:53.538488+00	2026-03-17 01:37:53.538839+00	\N	2	2
3c55c6b1-e348-4f87-ad59-31187494ca98	profit	bank_transfer	2.00	ROI:405			completed	Daily profit locked until plan expires (payout_date=2026-03-17)	2026-03-17 01:37:56.053897+00	2026-03-17 01:37:56.054329+00	\N	4	7
51fc3f15-86b3-4e65-a275-f23f4f677845	profit	bank_transfer	3.00	ROI:406			completed	Daily profit locked until plan expires (payout_date=2026-03-17)	2026-03-17 01:37:58.616413+00	2026-03-17 01:37:58.61673+00	\N	4	9
5aadf5d7-dab5-4222-b861-83603c0b0ac9	profit	bank_transfer	12.50	ROI:407			completed	Daily profit locked until plan expires (payout_date=2026-03-17)	2026-03-17 01:38:01.223059+00	2026-03-17 01:38:01.22331+00	\N	9	13
0ddfe9cb-cec1-4cb5-a441-b7ef5baed51e	profit	bank_transfer	75.00	ROI:408			completed	Daily profit locked until plan expires (payout_date=2026-03-17)	2026-03-17 01:38:03.757321+00	2026-03-17 01:38:03.757613+00	\N	10	14
039478f8-0424-40f3-ada8-989b8ae86b79	profit	bank_transfer	117.00	ROI:409			completed	Daily profit locked until plan expires (payout_date=2026-03-18)	2026-03-18 21:43:26.547827+00	2026-03-18 21:43:26.548194+00	\N	2	3
7df62b53-bfbb-45ea-9a81-1443e9961fa0	profit	bank_transfer	62.49	ROI:410			completed	Daily profit locked until plan expires (payout_date=2026-03-18)	2026-03-18 21:43:29.187485+00	2026-03-18 21:43:29.187793+00	\N	2	1
6311006f-e8a5-411a-9d1d-fd482f7ab3e7	profit	bank_transfer	135.00	ROI:411			completed	Daily profit locked until plan expires (payout_date=2026-03-18)	2026-03-18 21:43:31.793679+00	2026-03-18 21:43:31.794129+00	\N	2	2
4043769f-b997-4245-97a7-d4505325df01	profit	bank_transfer	2.00	ROI:412			completed	Daily profit locked until plan expires (payout_date=2026-03-18)	2026-03-18 21:43:35.019615+00	2026-03-18 21:43:35.019875+00	\N	4	7
c1f2b0e0-3205-4b6a-8a96-5589a16fc19d	profit	bank_transfer	3.00	ROI:413			completed	Daily profit locked until plan expires (payout_date=2026-03-18)	2026-03-18 21:43:37.587795+00	2026-03-18 21:43:37.588063+00	\N	4	9
e500c337-3c50-4706-bb26-30822ddb4cf3	profit	bank_transfer	12.50	ROI:414			completed	Daily profit locked until plan expires (payout_date=2026-03-18)	2026-03-18 21:43:40.136809+00	2026-03-18 21:43:40.137061+00	\N	9	13
c1c47fdb-1309-4ec0-b7b8-b47d7938a4c2	profit	bank_transfer	75.00	ROI:415			completed	Daily profit locked until plan expires (payout_date=2026-03-18)	2026-03-18 21:43:43.356204+00	2026-03-18 21:43:43.356526+00	\N	10	14
c7072c94-f67f-4d19-a734-4ddce64e3187	profit	bank_transfer	117.00	ROI:416			completed	Daily profit locked until plan expires (payout_date=2026-03-21)	2026-03-21 01:48:17.007948+00	2026-03-21 01:48:17.008275+00	\N	2	3
eaf07dd5-1305-425b-b2eb-49465f3a12ad	profit	bank_transfer	62.49	ROI:417			completed	Daily profit locked until plan expires (payout_date=2026-03-21)	2026-03-21 01:48:19.646494+00	2026-03-21 01:48:19.646763+00	\N	2	1
22a45d08-c5c0-47c1-9886-f703b06bbb53	profit	bank_transfer	135.00	ROI:418			completed	Daily profit locked until plan expires (payout_date=2026-03-21)	2026-03-21 01:48:22.172129+00	2026-03-21 01:48:22.172476+00	\N	2	2
9300b1aa-61b3-4b79-85af-b1a13c1b94ce	profit	bank_transfer	2.00	ROI:419			completed	Daily profit locked until plan expires (payout_date=2026-03-21)	2026-03-21 01:48:24.778502+00	2026-03-21 01:48:24.77895+00	\N	4	7
295168c3-e3bc-4a56-b055-056712b2536a	profit	bank_transfer	3.00	ROI:420			completed	Daily profit locked until plan expires (payout_date=2026-03-21)	2026-03-21 01:48:28.02086+00	2026-03-21 01:48:28.021402+00	\N	4	9
58007a0d-be42-4efe-8468-eb2f3241b33f	profit	bank_transfer	12.50	ROI:421			completed	Daily profit locked until plan expires (payout_date=2026-03-21)	2026-03-21 01:48:31.268283+00	2026-03-21 01:48:31.268601+00	\N	9	13
7f5e0dd2-4cf2-4ec9-91f7-8adc04fd0d4c	profit	bank_transfer	75.00	ROI:422			completed	Daily profit locked until plan expires (payout_date=2026-03-21)	2026-03-21 01:48:33.800653+00	2026-03-21 01:48:33.800914+00	\N	10	14
f5bb7563-f71f-471e-98c4-888cd139cec6	profit	bank_transfer	117.00	ROI:423			completed	Daily profit locked until plan expires (payout_date=2026-03-23)	2026-03-23 12:44:21.188122+00	2026-03-23 12:44:21.188543+00	\N	2	3
841a00b2-ab31-43bc-b7c0-4f323b49c5e9	profit	bank_transfer	62.49	ROI:424			completed	Daily profit locked until plan expires (payout_date=2026-03-23)	2026-03-23 12:44:23.798333+00	2026-03-23 12:44:23.798605+00	\N	2	1
e3502ded-013e-4bce-9874-76c5d013cc70	profit	bank_transfer	135.00	ROI:425			completed	Daily profit locked until plan expires (payout_date=2026-03-23)	2026-03-23 12:44:26.364993+00	2026-03-23 12:44:26.365267+00	\N	2	2
ec2ac251-e530-4db3-af0d-7e6786a9eddb	profit	bank_transfer	2.00	ROI:426			completed	Daily profit locked until plan expires (payout_date=2026-03-23)	2026-03-23 12:44:29.224236+00	2026-03-23 12:44:29.224514+00	\N	4	7
4029f857-99e2-4761-8b03-417d36309505	profit	bank_transfer	3.00	ROI:427			completed	Daily profit locked until plan expires (payout_date=2026-03-23)	2026-03-23 12:44:32.519699+00	2026-03-23 12:44:32.520042+00	\N	4	9
d5ac66f5-2b15-43c5-874d-736c8f618bd1	profit	bank_transfer	12.50	ROI:428			completed	Daily profit locked until plan expires (payout_date=2026-03-23)	2026-03-23 12:44:35.094498+00	2026-03-23 12:44:35.094744+00	\N	9	13
d348d244-0336-43b9-bca7-ca0de5b27df8	profit	bank_transfer	75.00	ROI:429			completed	Daily profit locked until plan expires (payout_date=2026-03-23)	2026-03-23 12:44:37.637306+00	2026-03-23 12:44:37.637589+00	\N	10	14
ef53e36b-2e2b-42a8-b2db-09eba50d75c4	profit	bank_transfer	117.00	ROI:430			completed	Daily profit locked until plan expires (payout_date=2026-03-24)	2026-03-24 16:54:40.471771+00	2026-03-24 16:54:40.472156+00	\N	2	3
fb434d30-a2c4-4ce0-8163-0536adcfaa9c	profit	bank_transfer	62.49	ROI:431			completed	Daily profit locked until plan expires (payout_date=2026-03-24)	2026-03-24 16:54:43.151653+00	2026-03-24 16:54:43.151917+00	\N	2	1
76f306fb-d61f-4c91-9835-2d2cdfcbc05e	profit	bank_transfer	135.00	ROI:432			completed	Daily profit locked until plan expires (payout_date=2026-03-24)	2026-03-24 16:54:46.617879+00	2026-03-24 16:54:46.61823+00	\N	2	2
49fd1a70-aa1b-405f-ba7a-7fa2a700f4c0	profit	bank_transfer	2.00	ROI:433			completed	Daily profit locked until plan expires (payout_date=2026-03-24)	2026-03-24 16:54:49.218745+00	2026-03-24 16:54:49.219004+00	\N	4	7
7ffa8101-93a5-4cb1-bf9f-25555e9fc21c	profit	bank_transfer	3.00	ROI:434			completed	Daily profit locked until plan expires (payout_date=2026-03-24)	2026-03-24 16:54:51.739373+00	2026-03-24 16:54:51.739629+00	\N	4	9
6f3f3e84-864f-4ca2-926b-2e2068155959	profit	bank_transfer	12.50	ROI:435			completed	Daily profit locked until plan expires (payout_date=2026-03-24)	2026-03-24 16:54:54.320688+00	2026-03-24 16:54:54.320966+00	\N	9	13
8299759d-004a-4cc9-8f9e-d53bf708eba5	profit	bank_transfer	75.00	ROI:436			completed	Daily profit locked until plan expires (payout_date=2026-03-24)	2026-03-24 16:54:56.856464+00	2026-03-24 16:54:56.856694+00	\N	10	14
054743d5-51ba-4565-8b40-a76cf977cc69	profit	bank_transfer	117.00	ROI:437			completed	Daily profit locked until plan expires (payout_date=2026-03-27)	2026-03-27 13:27:37.90728+00	2026-03-27 13:27:37.907771+00	\N	2	3
2c553c04-2dfe-42a2-99da-4daa37041ffe	profit	bank_transfer	62.49	ROI:438			completed	Daily profit locked until plan expires (payout_date=2026-03-27)	2026-03-27 13:27:40.601565+00	2026-03-27 13:27:40.601869+00	\N	2	1
7c5051ff-6234-46d7-80c8-0ffe0a24c276	profit	bank_transfer	135.00	ROI:439			completed	Daily profit locked until plan expires (payout_date=2026-03-27)	2026-03-27 13:27:43.133518+00	2026-03-27 13:27:43.13399+00	\N	2	2
de120a3e-0618-45c6-a086-0786a8b804b7	profit	bank_transfer	2.00	ROI:440			completed	Daily profit locked until plan expires (payout_date=2026-03-27)	2026-03-27 13:27:45.691347+00	2026-03-27 13:27:45.691651+00	\N	4	7
4779d992-f5fd-4f5f-b058-2510dce6752b	profit	bank_transfer	3.00	ROI:441			completed	Daily profit locked until plan expires (payout_date=2026-03-27)	2026-03-27 13:27:48.225577+00	2026-03-27 13:27:48.225951+00	\N	4	9
840f351d-f401-40bd-ac1e-54e9d81b1591	profit	bank_transfer	12.50	ROI:442			completed	Daily profit locked until plan expires (payout_date=2026-03-27)	2026-03-27 13:27:50.744219+00	2026-03-27 13:27:50.744501+00	\N	9	13
559a3d1d-a331-4856-93ee-299ff66df7e4	profit	bank_transfer	75.00	ROI:443			completed	Daily profit locked until plan expires (payout_date=2026-03-27)	2026-03-27 13:27:53.260954+00	2026-03-27 13:27:53.261236+00	\N	10	14
5894530d-0ca4-48bd-9be9-23ac7b3ed2ee	profit	bank_transfer	117.00	ROI:444			completed	Daily profit locked until plan expires (payout_date=2026-03-28)	2026-03-28 10:40:37.994922+00	2026-03-28 10:40:37.995367+00	\N	2	3
2168b9be-c2f5-4d14-98f6-f4a2dbf6f28f	profit	bank_transfer	62.49	ROI:445			completed	Daily profit locked until plan expires (payout_date=2026-03-28)	2026-03-28 10:40:40.600156+00	2026-03-28 10:40:40.600562+00	\N	2	1
fbf0a862-f167-4f72-98a9-488ec0dd1c69	profit	bank_transfer	135.00	ROI:446			completed	Daily profit locked until plan expires (payout_date=2026-03-28)	2026-03-28 10:40:43.139345+00	2026-03-28 10:40:43.139623+00	\N	2	2
ab3c51ae-8ae6-48ad-9d91-28c4e0f0a14c	profit	bank_transfer	2.00	ROI:447			completed	Daily profit locked until plan expires (payout_date=2026-03-28)	2026-03-28 10:40:45.680971+00	2026-03-28 10:40:45.681275+00	\N	4	7
7f1acec4-29e7-4dd2-9309-12725d0a7cf6	profit	bank_transfer	3.00	ROI:448			completed	Daily profit locked until plan expires (payout_date=2026-03-28)	2026-03-28 10:40:48.233874+00	2026-03-28 10:40:48.234254+00	\N	4	9
7e5710ea-eb20-46c7-9b19-d1b4dad95e43	profit	bank_transfer	12.50	ROI:449			completed	Daily profit locked until plan expires (payout_date=2026-03-28)	2026-03-28 10:40:51.478332+00	2026-03-28 10:40:51.478627+00	\N	9	13
78869ecb-4506-49da-832f-1fa4837b4e1e	profit	bank_transfer	75.00	ROI:450			completed	Daily profit locked until plan expires (payout_date=2026-03-28)	2026-03-28 10:40:54.075907+00	2026-03-28 10:40:54.076195+00	\N	10	14
fb3fc30b-3893-4cdd-a667-dfa57c32b26e	deposit	USDT	1000.00	trxn			approved	Approved via admin	2026-03-29 09:54:40.199662+00	2026-03-29 09:55:59.890312+00	7	17	\N
2db59e4a-89ed-4d33-8417-06f0b929d398	deposit	BTC	500.00	Bonus	1737373	bc1hehjejeryeyrhrnrjwkeubrbrx	completed		2026-03-29 10:00:40.833338+00	2026-03-29 10:00:40.877847+00	7	9	\N
fa71b596-eaf5-41c0-b04e-f4dcee7ce210	deposit	BTC	200.00	payment			approved	Approved via admin	2026-03-29 11:19:57.053606+00	2026-03-29 11:21:31.877358+00	7	17	\N
63316ac7-aeee-4c71-a8ff-36ca31e85285	deposit	BTC	500.00	walletss			approved	Approved via admin	2026-03-29 11:23:11.326274+00	2026-03-29 11:23:35.89365+00	7	9	\N
\.


--
-- TOC entry 4054 (class 0 OID 17115)
-- Dependencies: 295
-- Data for Name: transactions_virtual_card; Type: TABLE DATA; Schema: public; Owner: -
--

COPY public.transactions_virtual_card (id, card_type, card_number, cardholder_name, expiry_month, expiry_year, cvv, balance, purchase_amount, status, is_active, notes, created_at, updated_at, expires_at, approved_by_id, user_id) FROM stdin;
9fe703b2-7a56-428c-9ecb-f75537f85a7e	visa						0.00	1000.00	pending	f	Virtual card purchase request via BTC	2026-03-10 13:01:54.6184+00	2026-03-10 13:01:54.619041+00	\N	\N	4
e698d466-9aa1-4345-9db0-c5ec93ab906a	visa						0.00	1000.00	pending	f	Virtual card purchase request via BTC	2026-03-10 13:31:07.378452+00	2026-03-10 13:31:07.379462+00	\N	\N	4
294e2b10-f8c8-4152-83c8-2e2f48e0b6fc	visa						0.00	1000.00	pending	f	Virtual card purchase request via BTC	2026-03-10 13:31:20.508892+00	2026-03-10 13:31:20.510178+00	\N	\N	4
be5292f7-1cb3-4dd5-b36d-ec9dbcee477f	visa						0.00	1000.00	pending	f	Virtual card purchase request via BTC	2026-03-10 13:31:29.813093+00	2026-03-10 13:31:29.814367+00	\N	\N	4
f884ae5c-9592-4941-8c6b-e4be5352f49e	visa						0.00	1000.00	pending	f	Virtual card purchase request via BTC	2026-03-10 13:31:43.715047+00	2026-03-10 13:31:43.715393+00	\N	\N	4
56649396-27b8-4f69-80eb-ad93f32747ee	visa						0.00	1000.00	pending	f	Virtual card purchase request via BTC	2026-03-10 14:55:12.591566+00	2026-03-10 14:55:12.592046+00	\N	\N	4
b6554e64-c357-418b-9427-fb1fdf029954	visa	5061240207413595	ozoani nnabuike	11	26		0.00	1000.00	active	t	Virtual card purchase request via BTC	2026-03-11 21:03:47+00	2026-03-12 14:13:01.99919+00	\N	1	4
\.


--
-- TOC entry 3997 (class 0 OID 16490)
-- Dependencies: 238
-- Data for Name: users_emailverification; Type: TABLE DATA; Schema: public; Owner: -
--

COPY public.users_emailverification (id, token, expires_at, used_at, created_at, user_id) FROM stdin;
2	tsP47l_59J-g1G7uiu0t_S5L-hqtNOBWhR7IYq3x45w	2026-01-09 14:38:09.042918+00	2026-01-09 12:38:46.062806+00	2026-01-09 12:38:09.043397+00	4
5	hnUuANXLAYwLASa-GkkQpKCErm8mzP44gUG3weLQ_08	2026-02-09 05:43:08.900747+00	2026-02-09 03:43:30.624648+00	2026-02-09 03:43:08.90126+00	9
6	0jKcNXb2fKXbsnJbbUktzyNwxABfrlFIsRrbo4gfGQ0	2026-02-13 00:30:54.367343+00	2026-02-12 22:34:05.651941+00	2026-02-12 22:30:54.367778+00	10
7	BJ7SqfYTHSDS6_w_pLLWRDrWr0dEqfFtQMM5xIGXokU	2026-02-14 19:33:55.887362+00	2026-02-14 17:35:49.995228+00	2026-02-14 17:33:55.887553+00	11
10	RABid8muiKh8Qb1qqH9FrSdTQPxODdd77dCUZS1NXLE	2026-03-10 22:27:47.503297+00	\N	2026-03-10 20:27:47.503693+00	14
12	DTbUO7iR4tlE5V6rVLdaq5jRU4HTwkQayiqWWQq-1Gs	2026-03-27 11:28:41.547386+00	\N	2026-03-27 09:28:41.547795+00	16
13	klAWQs9i8kIslCCO7ogBom-0pnLpjCgPa9wJ76xJXz0	2026-03-29 10:46:53.062582+00	2026-03-29 08:49:45.331414+00	2026-03-29 08:46:53.062869+00	17
\.


--
-- TOC entry 3998 (class 0 OID 16497)
-- Dependencies: 239
-- Data for Name: users_kyc_application; Type: TABLE DATA; Schema: public; Owner: -
--

COPY public.users_kyc_application (id, status, personal_info, document_info, personal_info_submitted_at, document_submitted_at, last_submitted_at, reviewed_at, reviewer_notes, rejection_reason, created_at, updated_at, reviewed_by_id, user_id) FROM stdin;
1bc38944-d6cb-414a-9c05-b8c465c54491	approved	{"address": "Ted Are Bjørn \\nØvrejensvollvei 38 A\\n9060 Lyngseidet \\nNorge", "last_name": "Bjørn", "first_name": "Ted Are", "nationality": "NO", "date_of_birth": "1972-10-17"}	{}	2026-03-02 22:27:16+00	\N	2026-03-02 22:27:16+00	2026-03-03 06:42:56+00	valid		2026-03-02 22:13:31.605185+00	2026-03-03 06:44:01.287521+00	1	2
07910478-4de5-4ce3-b553-63923cc1f63c	approved	{"address": "edem rd", "last_name": "nnabuike", "first_name": "ozoani", "nationality": "US", "date_of_birth": "1990-02-05"}	{"government_id": {"name": "Screenshot From 2026-02-26 20-36-09.png", "size": 104829, "type": "image/png", "source": "local"}, "proof_of_address": {"name": "Screenshot from 2026-02-15 23-46-31.png", "size": 165151, "type": "image/png", "source": "local"}}	2026-03-02 19:35:10+00	2026-02-28 18:42:00+00	2026-03-02 19:35:10+00	2026-03-02 19:38:25+00	The application was submitted with personal details for Ted Are Bjørn, but the ID document upload was not received. The 'Document info' field is empty. Please re-submit the application and ensure your ID or Passport file is successfully uploaded before clicking save.	The application was submitted with personal details for Ted Are Bjørn, but the ID document upload was not received. The 'Document info' field is empty. Please re-submit the application and ensure your ID or Passport file is successfully uploaded before clicking save.	2026-02-28 18:41:12.797915+00	2026-03-03 06:45:35.07223+00	1	4
\.


--
-- TOC entry 4055 (class 0 OID 49153)
-- Dependencies: 296
-- Data for Name: users_kyc_document; Type: TABLE DATA; Schema: public; Owner: -
--

COPY public.users_kyc_document (id, document_type, document_file, status, submitted_at, reviewed_at, rejection_reason, created_at, updated_at, kyc_application_id, reviewed_by_id, user_id) FROM stdin;
55e5fa79-b0ac-4460-83a4-dac888ef21cb	passport	kyc_documents/2026/03/03/17724967392228477987028907591699.jpg	pending	2026-03-03 00:13:07.01022+00	\N		2026-03-02 22:13:31.611478+00	2026-03-03 00:13:07.014388+00	1bc38944-d6cb-414a-9c05-b8c465c54491	\N	2
acba429a-4970-48f6-979d-3c4245f7032a	national_id	kyc_documents/2026/03/03/Screenshot_20260302_231641_Chrome.jpg	pending	2026-03-03 00:13:08.583477+00	\N		2026-03-02 22:13:32.98326+00	2026-03-03 00:13:08.584325+00	1bc38944-d6cb-414a-9c05-b8c465c54491	\N	2
\.


--
-- TOC entry 3999 (class 0 OID 16504)
-- Dependencies: 240
-- Data for Name: users_notification; Type: TABLE DATA; Schema: public; Owner: -
--

COPY public.users_notification (id, notification_type, title, message, action_url, entity_type, entity_id, priority, is_read, read_at, created_at, expires_at, user_id) FROM stdin;
d961f86b-a712-4b1f-a608-2e918eda606c	deposit_approved	Deposit Approved	Your deposit of $25000.0 has been approved and added to your wallet.\n\nAdmin notes: Historical funding restoration	/dashboard/checkout/success?status=completed&txId=5d15e18d-cca4-46e3-bc53-6b98079933ff&amount=25000.0&email=teddybjorn72%40live.no&name=Teddy	transaction	5d15e18d-cca4-46e3-bc53-6b98079933ff	high	f	\N	2026-01-08 13:41:21.238993+00	2026-02-07 13:41:21.23867+00	2
6971f45c-b821-4512-9e9a-1ef825c511f2	deposit_approved	Deposit Approved	Your deposit of $117.00 has been approved and added to your wallet.\n\nAdmin notes: Approved via admin edit by admin@wolvcapital.com	/dashboard/checkout/success?status=completed&txId=096f3561-cadb-4386-9bc3-c1b110090653&amount=117.00&email=teddybjorn72%40live.no&name=Teddy	transaction	096f3561-cadb-4386-9bc3-c1b110090653	high	f	\N	2026-01-09 03:47:28.905603+00	2026-02-08 03:47:28.905395+00	2
6e5fa66c-ea8c-4727-9f29-596c11c94c26	deposit_approved	Deposit Approved	Your deposit of $117.00 has been approved and added to your wallet.\n\nAdmin notes: Approved via admin action by admin@wolvcapital.com	/dashboard/checkout/success?status=completed&txId=98c12bc0-9561-49be-bdfa-c1529a2e3511&amount=117.00&email=teddybjorn72%40live.no&name=Teddy	transaction	98c12bc0-9561-49be-bdfa-c1529a2e3511	high	f	\N	2026-01-10 16:10:48.210494+00	2026-02-09 16:10:48.21026+00	2
1fea9029-c55d-44d5-a117-a555e739ba07	deposit_approved	Deposit Approved	Your deposit of $117.00 has been approved and added to your wallet.\n\nAdmin notes: Approved via admin action by admin@wolvcapital.com	/dashboard/checkout/success?status=completed&txId=676e8841-badd-429c-af09-d47fdc6d01a1&amount=117.00&email=teddybjorn72%40live.no&name=Teddy	transaction	676e8841-badd-429c-af09-d47fdc6d01a1	high	f	\N	2026-01-10 16:10:48.244098+00	2026-02-09 16:10:48.243968+00	2
19da0c98-0cbc-4720-b8da-c162aba03834	deposit_approved	Deposit Approved	Your deposit of $117.00 has been approved and added to your wallet.\n\nAdmin notes: Approved via admin action by admin@wolvcapital.com	/dashboard/checkout/success?status=completed&txId=97202502-b31f-43a5-89e7-63570fe2de9a&amount=117.00&email=teddybjorn72%40live.no&name=Teddy	transaction	97202502-b31f-43a5-89e7-63570fe2de9a	high	f	\N	2026-01-10 16:10:48.272601+00	2026-02-09 16:10:48.272489+00	2
dee536a0-d762-4613-a894-27eb908c87ec	deposit_approved	Deposit Approved	Your deposit of $117.00 has been approved and added to your wallet.\n\nAdmin notes: Approved via admin action by admin@wolvcapital.com	/dashboard/checkout/success?status=completed&txId=eb6c7092-47b3-4758-9453-6a67af078faa&amount=117.00&email=teddybjorn72%40live.no&name=Teddy	transaction	eb6c7092-47b3-4758-9453-6a67af078faa	high	f	\N	2026-01-10 16:10:48.311038+00	2026-02-09 16:10:48.31086+00	2
21526b78-d901-4536-ba1e-85034af5f7c7	deposit_approved	Deposit Approved	Your deposit of $117.00 has been approved and added to your wallet.\n\nAdmin notes: Approved via admin action by admin@wolvcapital.com	/dashboard/checkout/success?status=completed&txId=f236ef17-c694-4885-84f4-71dd6d4a7b56&amount=117.00&email=teddybjorn72%40live.no&name=Teddy	transaction	f236ef17-c694-4885-84f4-71dd6d4a7b56	high	f	\N	2026-01-10 16:10:48.341432+00	2026-02-09 16:10:48.341246+00	2
7030744f-a6ee-4302-bb1a-5cfd3a616fc2	deposit_approved	Deposit Approved	Your deposit of $117.00 has been approved and added to your wallet.\n\nAdmin notes: Approved via admin action by admin@wolvcapital.com	/dashboard/checkout/success?status=completed&txId=6e8c6ba6-cff1-4863-9a93-cbdd3d4cb59d&amount=117.00&email=teddybjorn72%40live.no&name=Teddy	transaction	6e8c6ba6-cff1-4863-9a93-cbdd3d4cb59d	high	f	\N	2026-01-10 16:10:48.38728+00	2026-02-09 16:10:48.387047+00	2
baa5aa7e-d8db-470b-90ea-877957144d89	deposit_approved	Deposit Approved	Your deposit of $117.00 has been approved and added to your wallet.\n\nAdmin notes: Approved via admin action by admin@wolvcapital.com	/dashboard/checkout/success?status=completed&txId=7b0029af-9bea-4752-982d-5b04dddd6593&amount=117.00&email=teddybjorn72%40live.no&name=Teddy	transaction	7b0029af-9bea-4752-982d-5b04dddd6593	high	f	\N	2026-01-10 16:10:48.439534+00	2026-02-09 16:10:48.43935+00	2
8d423aac-dc8e-4af5-9873-cee4f30e6267	deposit_approved	Deposit Approved	Your deposit of $117.00 has been approved and added to your wallet.\n\nAdmin notes: Approved via admin action by admin@wolvcapital.com	/dashboard/checkout/success?status=completed&txId=c302d332-7e52-4f79-99e8-033b4ceaa4b3&amount=117.00&email=teddybjorn72%40live.no&name=Teddy	transaction	c302d332-7e52-4f79-99e8-033b4ceaa4b3	high	f	\N	2026-01-10 16:10:48.477605+00	2026-02-09 16:10:48.477386+00	2
c4078a31-698c-4735-8ff8-e96ee7821758	deposit_approved	Deposit Approved	Your deposit of $117.00 has been approved and added to your wallet.\n\nAdmin notes: Approved via admin action by admin@wolvcapital.com	/dashboard/checkout/success?status=completed&txId=cd6b2467-bc6a-437f-8b66-04a35177d279&amount=117.00&email=teddybjorn72%40live.no&name=Teddy	transaction	cd6b2467-bc6a-437f-8b66-04a35177d279	high	f	\N	2026-01-10 16:10:48.518204+00	2026-02-09 16:10:48.518073+00	2
17e8fe4d-6903-40df-823a-e196282bad5b	deposit_approved	Deposit Approved	Your deposit of $117.00 has been approved and added to your wallet.\n\nAdmin notes: Approved via admin action by admin@wolvcapital.com	/dashboard/checkout/success?status=completed&txId=2a98fae4-efc7-4a9c-bf57-6d26a62e5341&amount=117.00&email=teddybjorn72%40live.no&name=Teddy	transaction	2a98fae4-efc7-4a9c-bf57-6d26a62e5341	high	f	\N	2026-01-10 16:10:48.56342+00	2026-02-09 16:10:48.563274+00	2
ef65dcbe-ca55-44e8-b668-6b0e4b86426b	deposit_approved	Deposit Approved	Your deposit of $117.00 has been approved and added to your wallet.\n\nAdmin notes: Approved via admin action by admin@wolvcapital.com	/dashboard/checkout/success?status=completed&txId=e72196cd-855d-40e1-87c9-d5c549eca551&amount=117.00&email=teddybjorn72%40live.no&name=Teddy	transaction	e72196cd-855d-40e1-87c9-d5c549eca551	high	f	\N	2026-01-10 16:10:48.59836+00	2026-02-09 16:10:48.595966+00	2
a8030f97-1541-45a3-bdce-df93104f7d37	deposit_approved	Deposit Approved	Your deposit of $117.00 has been approved and added to your wallet.\n\nAdmin notes: Approved via admin action by admin@wolvcapital.com	/dashboard/checkout/success?status=completed&txId=ff616c67-5d9b-4a6b-bf9d-c3687e4f7b2a&amount=117.00&email=teddybjorn72%40live.no&name=Teddy	transaction	ff616c67-5d9b-4a6b-bf9d-c3687e4f7b2a	high	f	\N	2026-01-10 16:10:48.639627+00	2026-02-09 16:10:48.639473+00	2
19ef8977-46ff-46e9-8197-19922ff170f3	deposit_approved	Deposit Approved	Your deposit of $117.00 has been approved and added to your wallet.\n\nAdmin notes: Approved via admin action by admin@wolvcapital.com	/dashboard/checkout/success?status=completed&txId=39e2c633-aa92-4032-abc9-abfde2e31402&amount=117.00&email=teddybjorn72%40live.no&name=Teddy	transaction	39e2c633-aa92-4032-abc9-abfde2e31402	high	f	\N	2026-01-10 16:10:48.679535+00	2026-02-09 16:10:48.67939+00	2
27d92d7c-d3c5-4eaa-b497-7c9f8a92fb38	deposit_approved	Deposit Approved	Your deposit of $117.00 has been approved and added to your wallet.\n\nAdmin notes: Approved via admin action by admin@wolvcapital.com	/dashboard/checkout/success?status=completed&txId=0b307a5a-894a-4874-9e36-52bf7d0ca2a0&amount=117.00&email=teddybjorn72%40live.no&name=Teddy	transaction	0b307a5a-894a-4874-9e36-52bf7d0ca2a0	high	f	\N	2026-01-10 16:10:48.724117+00	2026-02-09 16:10:48.72394+00	2
dbfb67d8-dcee-49df-b488-73374d5c65a1	deposit_approved	Deposit Approved	Your deposit of $117.00 has been approved and added to your wallet.\n\nAdmin notes: Approved via admin action by admin@wolvcapital.com	/dashboard/checkout/success?status=completed&txId=c29fc986-f1a3-4efa-97fe-3a90282e3269&amount=117.00&email=teddybjorn72%40live.no&name=Teddy	transaction	c29fc986-f1a3-4efa-97fe-3a90282e3269	high	f	\N	2026-01-10 16:10:48.756515+00	2026-02-09 16:10:48.756379+00	2
2d617995-53cc-4517-b21a-0f5dfdad37d3	deposit_approved	Deposit Approved	Your deposit of $117.00 has been approved and added to your wallet.\n\nAdmin notes: Approved via admin action by admin@wolvcapital.com	/dashboard/checkout/success?status=completed&txId=7f23278e-e883-4b65-8410-53939ff9b668&amount=117.00&email=teddybjorn72%40live.no&name=Teddy	transaction	7f23278e-e883-4b65-8410-53939ff9b668	high	f	\N	2026-01-10 16:10:48.798171+00	2026-02-09 16:10:48.798021+00	2
02a0af8c-28b8-4e5b-84b4-b381c9636043	deposit_approved	Deposit Approved	Your deposit of $117.00 has been approved and added to your wallet.\n\nAdmin notes: Approved via admin action by admin@wolvcapital.com	/dashboard/checkout/success?status=completed&txId=c7a21bc7-11ba-4a45-954b-6a92968995d6&amount=117.00&email=teddybjorn72%40live.no&name=Teddy	transaction	c7a21bc7-11ba-4a45-954b-6a92968995d6	high	f	\N	2026-01-10 16:10:48.826691+00	2026-02-09 16:10:48.826569+00	2
d613794d-1b2f-4e34-b7f7-44ee99df311b	deposit_approved	Deposit Approved	Your deposit of $117.00 has been approved and added to your wallet.\n\nAdmin notes: Approved via admin action by admin@wolvcapital.com	/dashboard/checkout/success?status=completed&txId=04c184c6-9bdd-4f4b-afa0-e8cfc15c7dda&amount=117.00&email=teddybjorn72%40live.no&name=Teddy	transaction	04c184c6-9bdd-4f4b-afa0-e8cfc15c7dda	high	f	\N	2026-01-10 16:10:48.856552+00	2026-02-09 16:10:48.85641+00	2
8cf2b1f3-2841-41c8-ab48-df15aea39025	deposit_approved	Deposit Approved	Your deposit of $117.00 has been approved and added to your wallet.\n\nAdmin notes: Approved via admin action by admin@wolvcapital.com	/dashboard/checkout/success?status=completed&txId=5edb9d69-1471-40ae-a43d-97f5660e8f87&amount=117.00&email=teddybjorn72%40live.no&name=Teddy	transaction	5edb9d69-1471-40ae-a43d-97f5660e8f87	high	f	\N	2026-01-10 16:10:48.890652+00	2026-02-09 16:10:48.890502+00	2
5b4d8201-8cc7-423d-916f-b00dc6a55238	deposit_approved	Deposit Approved	Your deposit of $117.00 has been approved and added to your wallet.\n\nAdmin notes: Approved via admin action by admin@wolvcapital.com	/dashboard/checkout/success?status=completed&txId=e274cc52-dd80-4872-ae44-8738853507ba&amount=117.00&email=teddybjorn72%40live.no&name=Teddy	transaction	e274cc52-dd80-4872-ae44-8738853507ba	high	f	\N	2026-01-10 16:10:48.933389+00	2026-02-09 16:10:48.933279+00	2
03d70de0-ee7b-42f3-b1c8-09c017adff27	deposit_approved	Deposit Approved	Your deposit of $117.00 has been approved and added to your wallet.\n\nAdmin notes: Approved via admin action by admin@wolvcapital.com	/dashboard/checkout/success?status=completed&txId=25f377a4-54a8-4901-8995-3c67d672fe45&amount=117.00&email=teddybjorn72%40live.no&name=Teddy	transaction	25f377a4-54a8-4901-8995-3c67d672fe45	high	f	\N	2026-01-10 16:10:48.974897+00	2026-02-09 16:10:48.974733+00	2
3bd91990-e5a5-492a-831e-f71b7b491307	deposit_approved	Deposit Approved	Your deposit of $117.00 has been approved and added to your wallet.\n\nAdmin notes: Approved via admin action by admin@wolvcapital.com	/dashboard/checkout/success?status=completed&txId=5ba0f422-68df-4775-a6ce-fbb1cec3b73d&amount=117.00&email=teddybjorn72%40live.no&name=Teddy	transaction	5ba0f422-68df-4775-a6ce-fbb1cec3b73d	high	f	\N	2026-01-10 16:10:49.03265+00	2026-02-09 16:10:49.032356+00	2
3c9aaaef-c150-4415-a17c-90f836ceeaa5	deposit_approved	Deposit Approved	Your deposit of $117.00 has been approved and added to your wallet.\n\nAdmin notes: Approved via admin action by admin@wolvcapital.com	/dashboard/checkout/success?status=completed&txId=320f6d63-fe85-47c8-a1f0-53555b2b2e12&amount=117.00&email=teddybjorn72%40live.no&name=Teddy	transaction	320f6d63-fe85-47c8-a1f0-53555b2b2e12	high	f	\N	2026-01-10 16:10:49.077429+00	2026-02-09 16:10:49.077317+00	2
f0346cbc-aa8a-435f-ad30-ac4fbfc51ca5	deposit_approved	Deposit Approved	Your deposit of $117.00 has been approved and added to your wallet.\n\nAdmin notes: Approved via admin action by admin@wolvcapital.com	/dashboard/checkout/success?status=completed&txId=e092d6b8-a77b-4cf4-a2c7-9b412394089d&amount=117.00&email=teddybjorn72%40live.no&name=Teddy	transaction	e092d6b8-a77b-4cf4-a2c7-9b412394089d	high	f	\N	2026-01-10 16:10:49.121011+00	2026-02-09 16:10:49.120895+00	2
b07ee7f4-c7eb-4196-9832-02fd01eab4a5	deposit_approved	Deposit Approved	Your deposit of $117.00 has been approved and added to your wallet.\n\nAdmin notes: Approved via admin action by admin@wolvcapital.com	/dashboard/checkout/success?status=completed&txId=2060537d-5eb5-45d7-a012-39815d7b3f16&amount=117.00&email=teddybjorn72%40live.no&name=Teddy	transaction	2060537d-5eb5-45d7-a012-39815d7b3f16	high	f	\N	2026-01-10 16:10:49.157318+00	2026-02-09 16:10:49.157196+00	2
d18a93e9-ee46-4ad5-8241-ca90bbd3e452	deposit_approved	Deposit Approved	Your deposit of $117.00 has been approved and added to your wallet.\n\nAdmin notes: Approved via admin action by admin@wolvcapital.com	/dashboard/checkout/success?status=completed&txId=083a8fcb-7a7f-496b-9484-29a921130df8&amount=117.00&email=teddybjorn72%40live.no&name=Teddy	transaction	083a8fcb-7a7f-496b-9484-29a921130df8	high	f	\N	2026-01-10 16:10:49.196052+00	2026-02-09 16:10:49.195911+00	2
24585b97-e2a5-4726-bb5f-e4e6dcc03d02	deposit_approved	Deposit Approved	Your deposit of $117.00 has been approved and added to your wallet.\n\nAdmin notes: Approved via admin action by admin@wolvcapital.com	/dashboard/checkout/success?status=completed&txId=9b1a187c-0cf9-49ba-bf90-eaae4cb69d11&amount=117.00&email=teddybjorn72%40live.no&name=Teddy	transaction	9b1a187c-0cf9-49ba-bf90-eaae4cb69d11	high	f	\N	2026-01-10 16:10:49.239218+00	2026-02-09 16:10:49.239057+00	2
8941184b-12ac-43b7-b28e-7fed0a2dbc3a	deposit_approved	Deposit Approved	Your deposit of $117.00 has been approved and added to your wallet.\n\nAdmin notes: Approved via admin action by admin@wolvcapital.com	/dashboard/checkout/success?status=completed&txId=3c6b62a3-236c-4114-a9f4-ccef1f3d616c&amount=117.00&email=teddybjorn72%40live.no&name=Teddy	transaction	3c6b62a3-236c-4114-a9f4-ccef1f3d616c	high	f	\N	2026-01-10 16:10:49.278782+00	2026-02-09 16:10:49.278528+00	2
00edc192-5661-496b-af04-7dc2ee5c0080	deposit_approved	Deposit Approved	Your deposit of $117.00 has been approved and added to your wallet.\n\nAdmin notes: Approved via admin action by admin@wolvcapital.com	/dashboard/checkout/success?status=completed&txId=5e7fb533-45ca-4eac-8f48-be9e81226fa4&amount=117.00&email=teddybjorn72%40live.no&name=Teddy	transaction	5e7fb533-45ca-4eac-8f48-be9e81226fa4	high	f	\N	2026-01-10 16:10:49.335085+00	2026-02-09 16:10:49.334968+00	2
8cfdf96a-8777-4609-b435-b2d23ad60506	deposit_approved	Deposit Approved	Your deposit of $135.00 has been approved and added to your wallet.\n\nAdmin notes: Approved via admin action by admin@wolvcapital.com	/dashboard/checkout/success?status=completed&txId=62e2ef74-67c9-4ec0-a600-7d1743cb9625&amount=135.00&email=teddybjorn72%40live.no&name=Teddy	transaction	62e2ef74-67c9-4ec0-a600-7d1743cb9625	high	f	\N	2026-01-10 16:10:49.374111+00	2026-02-09 16:10:49.373988+00	2
5f0b7279-e5d8-465f-8e76-4fd7f040b629	deposit_approved	Deposit Approved	Your deposit of $135.00 has been approved and added to your wallet.\n\nAdmin notes: Approved via admin action by admin@wolvcapital.com	/dashboard/checkout/success?status=completed&txId=2a2aa15f-3b57-417b-8369-6ffe3b3a5575&amount=135.00&email=teddybjorn72%40live.no&name=Teddy	transaction	2a2aa15f-3b57-417b-8369-6ffe3b3a5575	high	f	\N	2026-01-10 16:10:49.412864+00	2026-02-09 16:10:49.412723+00	2
36abb636-20be-4188-96fc-be3e84d02263	deposit_approved	Deposit Approved	Your deposit of $135.00 has been approved and added to your wallet.\n\nAdmin notes: Approved via admin action by admin@wolvcapital.com	/dashboard/checkout/success?status=completed&txId=b547e104-dca4-42eb-ad21-60167a477f8c&amount=135.00&email=teddybjorn72%40live.no&name=Teddy	transaction	b547e104-dca4-42eb-ad21-60167a477f8c	high	f	\N	2026-01-10 16:10:49.459158+00	2026-02-09 16:10:49.458699+00	2
6d0cfc29-fee5-48cb-95b7-be89f250e901	deposit_approved	Deposit Approved	Your deposit of $135.00 has been approved and added to your wallet.\n\nAdmin notes: Approved via admin action by admin@wolvcapital.com	/dashboard/checkout/success?status=completed&txId=88e24e0f-ba14-47cc-97f6-6fc078a1163b&amount=135.00&email=teddybjorn72%40live.no&name=Teddy	transaction	88e24e0f-ba14-47cc-97f6-6fc078a1163b	high	f	\N	2026-01-10 16:10:49.502988+00	2026-02-09 16:10:49.502863+00	2
3ed81174-bc9f-4bee-90a5-c71a3f44602c	deposit_approved	Deposit Approved	Your deposit of $135.00 has been approved and added to your wallet.\n\nAdmin notes: Approved via admin action by admin@wolvcapital.com	/dashboard/checkout/success?status=completed&txId=aee8eed2-01ef-4d61-b7df-918ed4a97db8&amount=135.00&email=teddybjorn72%40live.no&name=Teddy	transaction	aee8eed2-01ef-4d61-b7df-918ed4a97db8	high	f	\N	2026-01-10 16:10:49.533689+00	2026-02-09 16:10:49.533538+00	2
c90e06c6-9c30-48bc-8b9b-a8e2a4a2e4ab	deposit_approved	Deposit Approved	Your deposit of $135.00 has been approved and added to your wallet.\n\nAdmin notes: Approved via admin action by admin@wolvcapital.com	/dashboard/checkout/success?status=completed&txId=fd91d5d4-8228-4c8c-a11e-0cc09ef3739f&amount=135.00&email=teddybjorn72%40live.no&name=Teddy	transaction	fd91d5d4-8228-4c8c-a11e-0cc09ef3739f	high	f	\N	2026-01-10 16:10:49.565758+00	2026-02-09 16:10:49.565652+00	2
c9a8cfd2-f5db-4cab-941a-2b60aa9216c4	deposit_approved	Deposit Approved	Your deposit of $135.00 has been approved and added to your wallet.\n\nAdmin notes: Approved via admin action by admin@wolvcapital.com	/dashboard/checkout/success?status=completed&txId=ea8e4a9d-1ec9-4712-a5b6-15c2ded6ccb1&amount=135.00&email=teddybjorn72%40live.no&name=Teddy	transaction	ea8e4a9d-1ec9-4712-a5b6-15c2ded6ccb1	high	f	\N	2026-01-10 16:10:49.598273+00	2026-02-09 16:10:49.598133+00	2
0b531e55-fd1f-44b9-98b1-a85daca1d046	deposit_approved	Deposit Approved	Your deposit of $135.00 has been approved and added to your wallet.\n\nAdmin notes: Approved via admin action by admin@wolvcapital.com	/dashboard/checkout/success?status=completed&txId=4dde93eb-42a6-408d-b150-1dbfc0971fa2&amount=135.00&email=teddybjorn72%40live.no&name=Teddy	transaction	4dde93eb-42a6-408d-b150-1dbfc0971fa2	high	f	\N	2026-01-10 16:10:49.630691+00	2026-02-09 16:10:49.630563+00	2
c65ba3f5-e531-4d65-8b3a-ab558e07b207	deposit_approved	Deposit Approved	Your deposit of $135.00 has been approved and added to your wallet.\n\nAdmin notes: Approved via admin action by admin@wolvcapital.com	/dashboard/checkout/success?status=completed&txId=a5558f14-b0ec-42ff-b2c5-e3c7f120fea8&amount=135.00&email=teddybjorn72%40live.no&name=Teddy	transaction	a5558f14-b0ec-42ff-b2c5-e3c7f120fea8	high	f	\N	2026-01-10 16:10:49.659035+00	2026-02-09 16:10:49.658887+00	2
ed343614-9f8c-4acd-96cd-604a063a06e2	deposit_approved	Deposit Approved	Your deposit of $135.00 has been approved and added to your wallet.\n\nAdmin notes: Approved via admin action by admin@wolvcapital.com	/dashboard/checkout/success?status=completed&txId=f9d3df4b-1704-4f24-bb09-427b5002ab7a&amount=135.00&email=teddybjorn72%40live.no&name=Teddy	transaction	f9d3df4b-1704-4f24-bb09-427b5002ab7a	high	f	\N	2026-01-10 16:10:49.689978+00	2026-02-09 16:10:49.68982+00	2
24fdc70c-7c48-42c6-872d-bd9e2f8fd2fa	deposit_approved	Deposit Approved	Your deposit of $135.00 has been approved and added to your wallet.\n\nAdmin notes: Approved via admin action by admin@wolvcapital.com	/dashboard/checkout/success?status=completed&txId=602deedf-4fa3-4364-b623-43915ea0220e&amount=135.00&email=teddybjorn72%40live.no&name=Teddy	transaction	602deedf-4fa3-4364-b623-43915ea0220e	high	f	\N	2026-01-10 16:10:49.730931+00	2026-02-09 16:10:49.730833+00	2
052c7224-a80d-4346-90e2-84b21687e941	deposit_approved	Deposit Approved	Your deposit of $135.00 has been approved and added to your wallet.\n\nAdmin notes: Approved via admin action by admin@wolvcapital.com	/dashboard/checkout/success?status=completed&txId=6223b424-4e62-4f20-a5fa-3997b3b3e286&amount=135.00&email=teddybjorn72%40live.no&name=Teddy	transaction	6223b424-4e62-4f20-a5fa-3997b3b3e286	high	f	\N	2026-01-10 16:10:49.760115+00	2026-02-09 16:10:49.759972+00	2
104740c8-3a1f-4361-9ca2-2dede989b609	deposit_approved	Deposit Approved	Your deposit of $135.00 has been approved and added to your wallet.\n\nAdmin notes: Approved via admin action by admin@wolvcapital.com	/dashboard/checkout/success?status=completed&txId=72526e0e-64df-4631-9183-f2ee7bf1c337&amount=135.00&email=teddybjorn72%40live.no&name=Teddy	transaction	72526e0e-64df-4631-9183-f2ee7bf1c337	high	f	\N	2026-01-10 16:10:49.7933+00	2026-02-09 16:10:49.793143+00	2
031778f6-bfc7-4a67-809e-1bb16cd6516b	deposit_approved	Deposit Approved	Your deposit of $135.00 has been approved and added to your wallet.\n\nAdmin notes: Approved via admin action by admin@wolvcapital.com	/dashboard/checkout/success?status=completed&txId=b8f58a2f-cd8a-46e1-932b-2370070a36ce&amount=135.00&email=teddybjorn72%40live.no&name=Teddy	transaction	b8f58a2f-cd8a-46e1-932b-2370070a36ce	high	f	\N	2026-01-10 16:10:49.825207+00	2026-02-09 16:10:49.82511+00	2
513f4e0c-e77c-4600-ad97-90af390e1975	deposit_approved	Deposit Approved	Your deposit of $135.00 has been approved and added to your wallet.\n\nAdmin notes: Approved via admin action by admin@wolvcapital.com	/dashboard/checkout/success?status=completed&txId=ff12e168-37d1-4387-b23c-49ab205021a6&amount=135.00&email=teddybjorn72%40live.no&name=Teddy	transaction	ff12e168-37d1-4387-b23c-49ab205021a6	high	f	\N	2026-01-10 16:10:49.854321+00	2026-02-09 16:10:49.854188+00	2
d5daf7cd-a5b4-4f5b-8588-2a21501f7908	deposit_approved	Deposit Approved	Your deposit of $135.00 has been approved and added to your wallet.\n\nAdmin notes: Approved via admin action by admin@wolvcapital.com	/dashboard/checkout/success?status=completed&txId=7d89d89b-3321-4f70-a535-4024d1059a70&amount=135.00&email=teddybjorn72%40live.no&name=Teddy	transaction	7d89d89b-3321-4f70-a535-4024d1059a70	high	f	\N	2026-01-10 16:10:49.894562+00	2026-02-09 16:10:49.894242+00	2
a8642fd6-6a72-4b51-855d-c78ed0ec0263	deposit_approved	Deposit Approved	Your deposit of $135.00 has been approved and added to your wallet.\n\nAdmin notes: Approved via admin action by admin@wolvcapital.com	/dashboard/checkout/success?status=completed&txId=05f35a14-a4ba-4d33-8c5d-2e24d95f15be&amount=135.00&email=teddybjorn72%40live.no&name=Teddy	transaction	05f35a14-a4ba-4d33-8c5d-2e24d95f15be	high	f	\N	2026-01-10 16:10:49.926508+00	2026-02-09 16:10:49.926051+00	2
1ec5c37e-766b-432b-9c22-9938315cba6f	deposit_approved	Deposit Approved	Your deposit of $135.00 has been approved and added to your wallet.\n\nAdmin notes: Approved via admin action by admin@wolvcapital.com	/dashboard/checkout/success?status=completed&txId=353ba2da-4a6a-48b6-96a5-19525ee767ce&amount=135.00&email=teddybjorn72%40live.no&name=Teddy	transaction	353ba2da-4a6a-48b6-96a5-19525ee767ce	high	f	\N	2026-01-10 16:10:49.959732+00	2026-02-09 16:10:49.959594+00	2
7efc980a-07e0-41fb-aa64-db8e686a7b49	deposit_approved	Deposit Approved	Your deposit of $135.00 has been approved and added to your wallet.\n\nAdmin notes: Approved via admin action by admin@wolvcapital.com	/dashboard/checkout/success?status=completed&txId=2573e424-631c-41ee-bc9b-592cf9e623b9&amount=135.00&email=teddybjorn72%40live.no&name=Teddy	transaction	2573e424-631c-41ee-bc9b-592cf9e623b9	high	f	\N	2026-01-10 16:10:49.994178+00	2026-02-09 16:10:49.99402+00	2
5af8b8d7-ebfe-45c3-83dd-42685bfb0fb5	deposit_approved	Deposit Approved	Your deposit of $135.00 has been approved and added to your wallet.\n\nAdmin notes: Approved via admin action by admin@wolvcapital.com	/dashboard/checkout/success?status=completed&txId=4347cf45-51e0-418c-a637-aa29b4d2dad2&amount=135.00&email=teddybjorn72%40live.no&name=Teddy	transaction	4347cf45-51e0-418c-a637-aa29b4d2dad2	high	f	\N	2026-01-10 16:10:50.041094+00	2026-02-09 16:10:50.040955+00	2
daa20cc0-d501-466c-aa7b-f4750b2e71e1	deposit_approved	Deposit Approved	Your deposit of $135.00 has been approved and added to your wallet.\n\nAdmin notes: Approved via admin action by admin@wolvcapital.com	/dashboard/checkout/success?status=completed&txId=5c2d8866-e61e-4662-805c-c3852cffcbc2&amount=135.00&email=teddybjorn72%40live.no&name=Teddy	transaction	5c2d8866-e61e-4662-805c-c3852cffcbc2	high	f	\N	2026-01-10 16:10:50.079984+00	2026-02-09 16:10:50.079877+00	2
bbf43d5f-f0e0-489e-8b9c-20297d364435	deposit_approved	Deposit Approved	Your deposit of $135.00 has been approved and added to your wallet.\n\nAdmin notes: Approved via admin action by admin@wolvcapital.com	/dashboard/checkout/success?status=completed&txId=3ab11fba-5385-4d33-9e8d-dec28633a0df&amount=135.00&email=teddybjorn72%40live.no&name=Teddy	transaction	3ab11fba-5385-4d33-9e8d-dec28633a0df	high	f	\N	2026-01-10 16:10:50.118198+00	2026-02-09 16:10:50.118074+00	2
3577d935-1b70-41f7-a2da-00d91bf32fb5	deposit_approved	Deposit Approved	Your deposit of $135.00 has been approved and added to your wallet.\n\nAdmin notes: Approved via admin action by admin@wolvcapital.com	/dashboard/checkout/success?status=completed&txId=92bb0255-3f2a-4140-9c33-057c9166355e&amount=135.00&email=teddybjorn72%40live.no&name=Teddy	transaction	92bb0255-3f2a-4140-9c33-057c9166355e	high	f	\N	2026-01-10 16:10:50.145836+00	2026-02-09 16:10:50.145731+00	2
9043aaa3-177f-45ee-9ae8-0dc68b1b4c86	deposit_approved	Deposit Approved	Your deposit of $135.00 has been approved and added to your wallet.\n\nAdmin notes: Approved via admin action by admin@wolvcapital.com	/dashboard/checkout/success?status=completed&txId=430aff24-8fae-47d8-ab59-42569d87937e&amount=135.00&email=teddybjorn72%40live.no&name=Teddy	transaction	430aff24-8fae-47d8-ab59-42569d87937e	high	f	\N	2026-01-10 16:10:50.173863+00	2026-02-09 16:10:50.173737+00	2
d35efbb1-9337-4d03-b267-aada1ae64fe2	deposit_approved	Deposit Approved	Your deposit of $135.00 has been approved and added to your wallet.\n\nAdmin notes: Approved via admin action by admin@wolvcapital.com	/dashboard/checkout/success?status=completed&txId=4a165dde-03fe-4cba-af75-20c3285e5e1a&amount=135.00&email=teddybjorn72%40live.no&name=Teddy	transaction	4a165dde-03fe-4cba-af75-20c3285e5e1a	high	f	\N	2026-01-10 16:10:50.222965+00	2026-02-09 16:10:50.222822+00	2
abd9eae5-ed9a-4717-8d6b-57f2cca0ec57	deposit_approved	Deposit Approved	Your deposit of $135.00 has been approved and added to your wallet.\n\nAdmin notes: Approved via admin action by admin@wolvcapital.com	/dashboard/checkout/success?status=completed&txId=6530a138-0fb1-4206-9964-58e521e05bc0&amount=135.00&email=teddybjorn72%40live.no&name=Teddy	transaction	6530a138-0fb1-4206-9964-58e521e05bc0	high	f	\N	2026-01-10 16:10:50.257635+00	2026-02-09 16:10:50.257499+00	2
741eabf6-29ca-47f1-a773-a14459554403	deposit_approved	Deposit Approved	Your deposit of $135.00 has been approved and added to your wallet.\n\nAdmin notes: Approved via admin action by admin@wolvcapital.com	/dashboard/checkout/success?status=completed&txId=a2ecee67-ae48-4eed-ad30-cb1c80d27f87&amount=135.00&email=teddybjorn72%40live.no&name=Teddy	transaction	a2ecee67-ae48-4eed-ad30-cb1c80d27f87	high	f	\N	2026-01-10 16:10:50.28944+00	2026-02-09 16:10:50.289317+00	2
54e46f39-9a1b-4902-907c-6404d27626d6	deposit_approved	Deposit Approved	Your deposit of $135.00 has been approved and added to your wallet.\n\nAdmin notes: Approved via admin action by admin@wolvcapital.com	/dashboard/checkout/success?status=completed&txId=ec005c84-1a71-4bdb-ad61-0ce976136ea2&amount=135.00&email=teddybjorn72%40live.no&name=Teddy	transaction	ec005c84-1a71-4bdb-ad61-0ce976136ea2	high	f	\N	2026-01-10 16:10:50.324014+00	2026-02-09 16:10:50.323885+00	2
2d694fe9-123a-4250-9180-8fbf183801b7	deposit_approved	Deposit Approved	Your deposit of $135.00 has been approved and added to your wallet.\n\nAdmin notes: Approved via admin action by admin@wolvcapital.com	/dashboard/checkout/success?status=completed&txId=a03ea4c0-3fae-43f7-9f26-fe232fe59347&amount=135.00&email=teddybjorn72%40live.no&name=Teddy	transaction	a03ea4c0-3fae-43f7-9f26-fe232fe59347	high	f	\N	2026-01-10 16:10:50.350307+00	2026-02-09 16:10:50.350168+00	2
988bac46-de75-492c-8f41-43777b99ca8c	deposit_approved	Deposit Approved	Your deposit of $135.00 has been approved and added to your wallet.\n\nAdmin notes: Approved via admin action by admin@wolvcapital.com	/dashboard/checkout/success?status=completed&txId=626f635a-dd2d-402e-8911-ba002a2f376a&amount=135.00&email=teddybjorn72%40live.no&name=Teddy	transaction	626f635a-dd2d-402e-8911-ba002a2f376a	high	f	\N	2026-01-10 16:10:50.379934+00	2026-02-09 16:10:50.379801+00	2
af915d92-205d-458e-b1a6-eac3fbf9e3ab	deposit_approved	Deposit Approved	Your deposit of $62.49 has been approved and added to your wallet.\n\nAdmin notes: Approved via admin action by admin@wolvcapital.com	/dashboard/checkout/success?status=completed&txId=661c9769-f55e-4287-a26d-9282dc597294&amount=62.49&email=teddybjorn72%40live.no&name=Teddy	transaction	661c9769-f55e-4287-a26d-9282dc597294	high	f	\N	2026-01-10 16:10:50.419765+00	2026-02-09 16:10:50.419587+00	2
7dbc8b26-6326-434c-8ea1-5fef7b30ed90	deposit_approved	Deposit Approved	Your deposit of $62.49 has been approved and added to your wallet.\n\nAdmin notes: Approved via admin action by admin@wolvcapital.com	/dashboard/checkout/success?status=completed&txId=b17287c0-57c5-4188-a615-851abbaf6c40&amount=62.49&email=teddybjorn72%40live.no&name=Teddy	transaction	b17287c0-57c5-4188-a615-851abbaf6c40	high	f	\N	2026-01-10 16:10:50.452163+00	2026-02-09 16:10:50.452027+00	2
d796900d-e6b2-4a83-b828-4657630595b7	deposit_approved	Deposit Approved	Your deposit of $62.49 has been approved and added to your wallet.\n\nAdmin notes: Approved via admin action by admin@wolvcapital.com	/dashboard/checkout/success?status=completed&txId=474c26ca-64d0-4109-9c55-e8b5d3002d96&amount=62.49&email=teddybjorn72%40live.no&name=Teddy	transaction	474c26ca-64d0-4109-9c55-e8b5d3002d96	high	f	\N	2026-01-10 16:10:50.502287+00	2026-02-09 16:10:50.502138+00	2
c99c56d0-cca1-48a7-8472-4b4abac48207	deposit_approved	Deposit Approved	Your deposit of $62.49 has been approved and added to your wallet.\n\nAdmin notes: Approved via admin action by admin@wolvcapital.com	/dashboard/checkout/success?status=completed&txId=812c7609-1701-4045-ad50-387b9a8ba043&amount=62.49&email=teddybjorn72%40live.no&name=Teddy	transaction	812c7609-1701-4045-ad50-387b9a8ba043	high	f	\N	2026-01-10 16:10:50.534052+00	2026-02-09 16:10:50.533942+00	2
6b8627a3-5bbb-4369-9983-9617336e3a78	deposit_approved	Deposit Approved	Your deposit of $62.49 has been approved and added to your wallet.\n\nAdmin notes: Approved via admin action by admin@wolvcapital.com	/dashboard/checkout/success?status=completed&txId=017c29d7-79af-49a6-8963-c7010c1d2bb5&amount=62.49&email=teddybjorn72%40live.no&name=Teddy	transaction	017c29d7-79af-49a6-8963-c7010c1d2bb5	high	f	\N	2026-01-10 16:10:50.564856+00	2026-02-09 16:10:50.564711+00	2
b44bae5f-664e-49b3-8cdb-a82b1384467a	deposit_approved	Deposit Approved	Your deposit of $62.49 has been approved and added to your wallet.\n\nAdmin notes: Approved via admin action by admin@wolvcapital.com	/dashboard/checkout/success?status=completed&txId=e2593f7c-1c62-441e-833c-a4403e798c56&amount=62.49&email=teddybjorn72%40live.no&name=Teddy	transaction	e2593f7c-1c62-441e-833c-a4403e798c56	high	f	\N	2026-01-10 16:10:50.605982+00	2026-02-09 16:10:50.605828+00	2
128e2e93-ac2b-49ee-a693-59d3e470fec6	deposit_approved	Deposit Approved	Your deposit of $62.49 has been approved and added to your wallet.\n\nAdmin notes: Approved via admin action by admin@wolvcapital.com	/dashboard/checkout/success?status=completed&txId=5a7a0648-4a74-469b-ae9b-d2524b132f62&amount=62.49&email=teddybjorn72%40live.no&name=Teddy	transaction	5a7a0648-4a74-469b-ae9b-d2524b132f62	high	f	\N	2026-01-10 16:10:50.636424+00	2026-02-09 16:10:50.636285+00	2
896b866c-8f06-4a9e-968e-74904f6ae93f	deposit_approved	Deposit Approved	Your deposit of $62.49 has been approved and added to your wallet.\n\nAdmin notes: Approved via admin action by admin@wolvcapital.com	/dashboard/checkout/success?status=completed&txId=be66c9ab-c5e4-4317-b772-27039a478f3e&amount=62.49&email=teddybjorn72%40live.no&name=Teddy	transaction	be66c9ab-c5e4-4317-b772-27039a478f3e	high	f	\N	2026-01-10 16:10:50.667963+00	2026-02-09 16:10:50.667837+00	2
9a55b82a-b9da-4dfb-9770-30898615ba0d	deposit_approved	Deposit Approved	Your deposit of $62.49 has been approved and added to your wallet.\n\nAdmin notes: Approved via admin action by admin@wolvcapital.com	/dashboard/checkout/success?status=completed&txId=5a83d291-e348-48e7-8b47-10aba98394f5&amount=62.49&email=teddybjorn72%40live.no&name=Teddy	transaction	5a83d291-e348-48e7-8b47-10aba98394f5	high	f	\N	2026-01-10 16:10:50.717341+00	2026-02-09 16:10:50.71721+00	2
46e837ad-4923-4786-972f-7cf36480f870	deposit_approved	Deposit Approved	Your deposit of $62.49 has been approved and added to your wallet.\n\nAdmin notes: Approved via admin action by admin@wolvcapital.com	/dashboard/checkout/success?status=completed&txId=13c9aff8-cbbb-403a-b392-fcfee27b4b1e&amount=62.49&email=teddybjorn72%40live.no&name=Teddy	transaction	13c9aff8-cbbb-403a-b392-fcfee27b4b1e	high	f	\N	2026-01-10 16:10:50.748625+00	2026-02-09 16:10:50.748509+00	2
0857fe03-5736-4e3b-bd16-430cdbabe135	deposit_approved	Deposit Approved	Your deposit of $62.49 has been approved and added to your wallet.\n\nAdmin notes: Approved via admin action by admin@wolvcapital.com	/dashboard/checkout/success?status=completed&txId=84ab186f-abc0-4905-bc36-4f9b0e6b8a00&amount=62.49&email=teddybjorn72%40live.no&name=Teddy	transaction	84ab186f-abc0-4905-bc36-4f9b0e6b8a00	high	f	\N	2026-01-10 16:10:50.78204+00	2026-02-09 16:10:50.78188+00	2
e5a620c9-fd1c-4c78-a6a5-2f4463f14e34	deposit_approved	Deposit Approved	Your deposit of $62.49 has been approved and added to your wallet.\n\nAdmin notes: Approved via admin action by admin@wolvcapital.com	/dashboard/checkout/success?status=completed&txId=db22d661-fd8a-4ced-8c89-79722578e473&amount=62.49&email=teddybjorn72%40live.no&name=Teddy	transaction	db22d661-fd8a-4ced-8c89-79722578e473	high	f	\N	2026-01-10 16:10:50.827907+00	2026-02-09 16:10:50.827782+00	2
ff367708-6cec-4496-8b32-7e8dd95aef02	deposit_approved	Deposit Approved	Your deposit of $62.49 has been approved and added to your wallet.\n\nAdmin notes: Approved via admin action by admin@wolvcapital.com	/dashboard/checkout/success?status=completed&txId=2b9b18bb-47c5-4aab-810e-3827f38fc2b5&amount=62.49&email=teddybjorn72%40live.no&name=Teddy	transaction	2b9b18bb-47c5-4aab-810e-3827f38fc2b5	high	f	\N	2026-01-10 16:10:50.864516+00	2026-02-09 16:10:50.86438+00	2
5e97c1ad-a799-4019-b7f2-fd9be1c83818	deposit_approved	Deposit Approved	Your deposit of $62.49 has been approved and added to your wallet.\n\nAdmin notes: Approved via admin action by admin@wolvcapital.com	/dashboard/checkout/success?status=completed&txId=850d9159-241f-483e-831e-a87641a09719&amount=62.49&email=teddybjorn72%40live.no&name=Teddy	transaction	850d9159-241f-483e-831e-a87641a09719	high	f	\N	2026-01-10 16:10:50.906203+00	2026-02-09 16:10:50.906063+00	2
e99bf7f6-5eb7-424f-872f-2e3ff519988f	deposit_approved	Deposit Approved	Your deposit of $62.49 has been approved and added to your wallet.\n\nAdmin notes: Approved via admin action by admin@wolvcapital.com	/dashboard/checkout/success?status=completed&txId=e6f627f7-7a7e-4900-a1a9-ad2ea54d9751&amount=62.49&email=teddybjorn72%40live.no&name=Teddy	transaction	e6f627f7-7a7e-4900-a1a9-ad2ea54d9751	high	f	\N	2026-01-10 16:10:50.93385+00	2026-02-09 16:10:50.933744+00	2
3d1c71a2-a3b9-4ae3-b209-9d24ad26e7ad	deposit_approved	Deposit Approved	Your deposit of $62.49 has been approved and added to your wallet.\n\nAdmin notes: Approved via admin action by admin@wolvcapital.com	/dashboard/checkout/success?status=completed&txId=0a70114b-9bac-485c-a5c9-71b35f68b25c&amount=62.49&email=teddybjorn72%40live.no&name=Teddy	transaction	0a70114b-9bac-485c-a5c9-71b35f68b25c	high	f	\N	2026-01-10 16:10:50.965234+00	2026-02-09 16:10:50.965122+00	2
4ab2d000-24d9-43cf-a0ba-7eed578bfba5	deposit_approved	Deposit Approved	Your deposit of $62.49 has been approved and added to your wallet.\n\nAdmin notes: Approved via admin action by admin@wolvcapital.com	/dashboard/checkout/success?status=completed&txId=3d40dca0-d565-4a15-9cfb-6326592b1892&amount=62.49&email=teddybjorn72%40live.no&name=Teddy	transaction	3d40dca0-d565-4a15-9cfb-6326592b1892	high	f	\N	2026-01-10 16:10:51.002567+00	2026-02-09 16:10:51.002426+00	2
1048d1cc-6b45-459c-8f82-ad0901abc962	deposit_approved	Deposit Approved	Your deposit of $62.49 has been approved and added to your wallet.\n\nAdmin notes: Approved via admin action by admin@wolvcapital.com	/dashboard/checkout/success?status=completed&txId=67e1fb44-d585-41ab-8d0f-d3806017e410&amount=62.49&email=teddybjorn72%40live.no&name=Teddy	transaction	67e1fb44-d585-41ab-8d0f-d3806017e410	high	f	\N	2026-01-10 16:10:51.035522+00	2026-02-09 16:10:51.035421+00	2
5def8732-35f0-415f-b3dd-a9895ebac666	deposit_approved	Deposit Approved	Your deposit of $62.49 has been approved and added to your wallet.\n\nAdmin notes: Approved via admin action by admin@wolvcapital.com	/dashboard/checkout/success?status=completed&txId=0eae24cd-074a-485c-af56-8b6449c66eb3&amount=62.49&email=teddybjorn72%40live.no&name=Teddy	transaction	0eae24cd-074a-485c-af56-8b6449c66eb3	high	f	\N	2026-01-10 16:10:51.074041+00	2026-02-09 16:10:51.07391+00	2
2b05cba1-c601-446c-a736-728aa5d797a1	deposit_approved	Deposit Approved	Your deposit of $62.49 has been approved and added to your wallet.\n\nAdmin notes: Approved via admin action by admin@wolvcapital.com	/dashboard/checkout/success?status=completed&txId=126bcb73-3c6a-40b2-9a93-b60a531329ea&amount=62.49&email=teddybjorn72%40live.no&name=Teddy	transaction	126bcb73-3c6a-40b2-9a93-b60a531329ea	high	f	\N	2026-01-10 16:10:51.114799+00	2026-02-09 16:10:51.114666+00	2
acfeac36-593b-42f8-89dc-6a19e269a2a3	deposit_approved	Deposit Approved	Your deposit of $62.49 has been approved and added to your wallet.\n\nAdmin notes: Approved via admin action by admin@wolvcapital.com	/dashboard/checkout/success?status=completed&txId=791ec597-6570-4fd3-953e-8de1a906a597&amount=62.49&email=teddybjorn72%40live.no&name=Teddy	transaction	791ec597-6570-4fd3-953e-8de1a906a597	high	f	\N	2026-01-10 16:10:51.149243+00	2026-02-09 16:10:51.149112+00	2
e655a829-3697-4247-97a5-82da0e5f9e0c	deposit_rejected	Deposit Rejected	Your deposit request of $100.00 has been rejected.\n\nReason: Rejected via admin action by admin@wolvcapital.com	/dashboard/	transaction	2af2f97c-14ff-4e56-b7cd-0a92dbbf27d7	high	f	\N	2026-01-11 02:58:49.657531+00	2026-02-10 02:58:49.657191+00	2
0e3ee62d-fa3d-4110-b4a7-072b2bd80433	investment_approved	Investment Approved	Your investment of $200.00 in the Pioneer plan has been approved and activated.\n\nAdmin notes: Approved via admin	/dashboard/checkout/success?status=completed&txId=7&amount=200.00&email=ozoaninnabuike%40gmail.com&name=	investment	7	high	f	\N	2026-01-16 03:17:22.576608+00	2026-02-15 03:17:22.576393+00	4
e58f5372-7d23-483d-8f36-2655eb73fa03	wallet_debited	Wallet Debited	$200.00 has been deducted from your wallet.\n\nReason: Investment approved for Pioneer	/dashboard/			medium	f	\N	2026-01-16 03:17:22.579392+00	2026-02-15 03:17:22.579302+00	4
c8c59f1c-3ba4-4d68-944a-1b9973915962	investment_approved	Investment Approved	Your investment of $300.00 in the Pioneer plan has been approved and activated.\n\nAdmin notes: Approved via admin	/dashboard/checkout/success?status=completed&txId=9&amount=300.00&email=ozoaninnabuike%40gmail.com&name=	investment	9	high	f	\N	2026-01-18 16:27:53.3817+00	2026-02-17 16:27:53.381526+00	4
dd1d4b5e-254d-4961-ae6b-7cbb07d84fc5	wallet_debited	Wallet Debited	$300.00 has been deducted from your wallet.\n\nReason: Investment approved for Pioneer	/dashboard/			medium	f	\N	2026-01-18 16:27:53.384003+00	2026-02-17 16:27:53.383887+00	4
2e565e64-15f8-44e6-b35a-5d332a7abc15	kyc_submitted	KYC Submitted	Your KYC application has been received and is pending manual review. Our compliance team will update you once verification is complete.	/dashboard/kyc	kyc	8f88c1d5-e278-4b93-8f41-0166d3a536fc	medium	f	\N	2026-02-09 03:46:46.610813+00	2026-03-11 03:46:46.610384+00	9
270f783a-14bd-4e39-ac68-ea1096b67b1c	deposit_approved	Deposit Approved	Your deposit of $5000.00 has been approved and added to your wallet.\n\nAdmin notes: Approved via admin	/dashboard/checkout/success?status=completed&txId=52288b67-8d0e-4320-8fef-e53003c82c9a&amount=5000.00&email=jamescodegh%40gmail.com&name=	transaction	52288b67-8d0e-4320-8fef-e53003c82c9a	high	f	\N	2026-02-09 20:02:02.845904+00	2026-03-11 20:02:02.845718+00	9
3977093c-5d9f-44be-94ac-d03652d0734a	investment_approved	Investment Approved	Your investment of $1000.00 in the Vanguard plan has been approved and activated.\n\nAdmin notes: Approved via admin	/dashboard/checkout/success?status=completed&txId=13&amount=1000.00&email=jamescodegh%40gmail.com&name=	investment	13	high	f	\N	2026-02-09 20:07:13.491245+00	2026-03-11 20:07:13.491095+00	9
e7017b22-6369-4b08-88e6-873f15d2c110	wallet_debited	Wallet Debited	$1000.00 has been deducted from your wallet.\n\nReason: Investment approved for Vanguard	/dashboard/			medium	f	\N	2026-02-09 20:07:13.642369+00	2026-03-11 20:07:13.642169+00	9
ddd4fa3f-40da-4d62-bbc1-0ae5e0b8984c	deposit_approved	Deposit Approved	Your deposit of $6000.00 has been approved and added to your wallet.\n\nAdmin notes: Approved via admin	/dashboard/checkout/success?status=completed&txId=ff4446b7-b9fd-4a8a-9dac-eb4d49d1d8bf&amount=6000.00&email=jasonaniusgbian%40gmail.com&name=	transaction	ff4446b7-b9fd-4a8a-9dac-eb4d49d1d8bf	high	f	\N	2026-02-12 23:48:35.868487+00	2026-03-14 23:48:35.868337+00	10
9afcc370-c813-47e2-bcb0-44e1dbc1219a	investment_approved	Investment Approved	Your investment of $5000.00 in the Horizon plan has been approved and activated.\n\nAdmin notes: Approved via admin	/dashboard/checkout/success?status=completed&txId=14&amount=5000.00&email=jasonaniusgbian%40gmail.com&name=	investment	14	high	f	\N	2026-02-12 23:52:36.840423+00	2026-03-14 23:52:36.840285+00	10
621a6f1c-ce05-430a-8c38-f1d43418ac82	wallet_debited	Wallet Debited	$5000.00 has been deducted from your wallet.\n\nReason: Investment approved for Horizon	/dashboard/			medium	f	\N	2026-02-12 23:52:36.988455+00	2026-03-14 23:52:36.9883+00	10
2c19016d-bb9f-4e23-81c4-fb81ebe4c11d	deposit_approved	Deposit Approved	Your deposit of $15000.00 has been approved and added to your wallet.\n\nAdmin notes: Approved via admin	/dashboard/checkout/success?status=completed&txId=5c21dcd5-d604-4897-8fed-86546c61ffcd&amount=15000.00&email=jeniferalberf%40gmail.com&name=	transaction	5c21dcd5-d604-4897-8fed-86546c61ffcd	high	f	\N	2026-02-14 17:40:15.104218+00	2026-03-16 17:40:15.104093+00	11
a3fc5f43-e50e-46b4-b9e9-abc5b8d7a5f8	withdrawal_approved	Withdrawal Approved	Your withdrawal request of $7200.00 has been approved and processed.\n\nAdmin notes: Manual debit	/dashboard/checkout/success?status=completed&txId=b9210f50-c84c-441b-99e8-083c628f69c0&amount=7200.00&email=jeniferalberf%40gmail.com&name=	transaction	b9210f50-c84c-441b-99e8-083c628f69c0	high	f	\N	2026-02-14 17:46:48.605477+00	2026-03-16 17:46:48.605418+00	11
dee66c9f-6bf8-4ea8-bac0-44007519e4cf	kyc_submitted	KYC Submitted	Your KYC application has been received and is pending manual review. Our compliance team will update you once verification is complete.	/dashboard/kyc	kyc	47401109-46b4-48a7-8248-bd7c11cfaef5	medium	f	\N	2026-02-16 21:20:37.306933+00	2026-03-18 21:20:37.306866+00	2
e3aec799-6739-4f48-a414-302f517f76a0	deposit_approved	Deposit Approved	Your deposit of $11074.29 has been approved and added to your wallet.\n\nAdmin notes: Admin credit	/dashboard/checkout/success?status=completed&txId=ba3ed87f-34b5-41c4-ae45-56e016bd4154&amount=11074.29&email=teddybjorn72%40live.no&name=Teddy	transaction	ba3ed87f-34b5-41c4-ae45-56e016bd4154	high	f	\N	2026-02-23 01:54:10.042829+00	2026-03-25 01:54:10.042554+00	2
72e7723f-347d-41fe-b016-ebced79ba17b	kyc_submitted	KYC Submitted	Your KYC application has been received and is pending manual review. Our compliance team will update you once verification is complete.	/dashboard/kyc	kyc	07910478-4de5-4ce3-b553-63923cc1f63c	medium	f	\N	2026-02-28 18:41:13.010977+00	2026-03-30 18:41:13.010704+00	4
b0ae7d88-f49b-4494-83bd-13e72acae464	withdrawal_approved	Withdrawal Approved	Your withdrawal request of $50.00 has been approved and processed.\n\nAdmin notes: Approved via admin	/dashboard/checkout/success?status=completed&txId=d8a1a47b-c61b-49c5-9ab5-b916f6b62eb2&amount=50.00&email=ozoaninnabuike%40gmail.com&name=	transaction	d8a1a47b-c61b-49c5-9ab5-b916f6b62eb2	high	f	\N	2026-03-01 04:51:24.448962+00	2026-03-31 04:51:24.448698+00	4
f894c7da-66c1-4975-b23b-5571b9f44149	kyc_submitted	KYC Submitted	Your KYC application has been received and is pending manual review. Our compliance team will update you once verification is complete.	/dashboard/kyc	kyc	47401109-46b4-48a7-8248-bd7c11cfaef5	medium	f	\N	2026-03-02 16:17:48.868871+00	2026-04-01 16:17:48.86871+00	2
c1558a7e-1878-4ab8-8ba5-cefe619103c5	kyc_submitted	KYC Submitted	Your KYC application has been received and is pending manual review. Our compliance team will update you once verification is complete.	/dashboard/kyc	kyc	47401109-46b4-48a7-8248-bd7c11cfaef5	medium	f	\N	2026-03-02 16:19:39.254442+00	2026-04-01 16:19:39.254336+00	2
24b51a67-2322-4dbd-8165-5be576597eb9	kyc_submitted	KYC Submitted	Your KYC application has been received and is pending manual review. Our compliance team will update you once verification is complete.	/dashboard/kyc	kyc	47401109-46b4-48a7-8248-bd7c11cfaef5	medium	f	\N	2026-03-02 16:19:40.615733+00	2026-04-01 16:19:40.615662+00	2
169d4772-0a75-4d36-a91b-65cb7f4eeeae	kyc_submitted	KYC Submitted	Your KYC application has been received and is pending manual review. Our compliance team will update you once verification is complete.	/dashboard/kyc	kyc	07910478-4de5-4ce3-b553-63923cc1f63c	medium	f	\N	2026-03-02 19:35:10.013685+00	2026-04-01 19:35:10.01358+00	4
bf458bce-d4d1-4157-aeb6-4d3ac962e208	kyc_submitted	KYC Submitted	Your KYC application has been received and is pending manual review. Our compliance team will update you once verification is complete.	/dashboard/kyc	kyc	1bc38944-d6cb-414a-9c05-b8c465c54491	medium	f	\N	2026-03-02 22:13:31.616939+00	2026-04-01 22:13:31.616866+00	2
33e510a8-cb74-45c8-82d0-9aec0c059bd5	kyc_submitted	KYC Submitted	Your KYC application has been received and is pending manual review. Our compliance team will update you once verification is complete.	/dashboard/kyc	kyc	1bc38944-d6cb-414a-9c05-b8c465c54491	medium	f	\N	2026-03-02 22:13:32.989319+00	2026-04-01 22:13:32.989251+00	2
bf96f027-cc88-4869-835b-9d2506d74d95	kyc_submitted	KYC Submitted	Your KYC application has been received and is pending manual review. Our compliance team will update you once verification is complete.	/dashboard/kyc	kyc	1bc38944-d6cb-414a-9c05-b8c465c54491	medium	f	\N	2026-03-02 22:27:16.018719+00	2026-04-01 22:27:16.018607+00	2
6a67e479-2f53-4f4b-926c-d06f4a9a043d	kyc_submitted	KYC Submitted	Your KYC application has been received and is pending manual review. Our compliance team will update you once verification is complete.	/dashboard/kyc	kyc	1bc38944-d6cb-414a-9c05-b8c465c54491	medium	f	\N	2026-03-03 00:13:07.02104+00	2026-04-02 00:13:07.020956+00	2
44610242-e635-422e-8f01-027e260f18af	kyc_submitted	KYC Submitted	Your KYC application has been received and is pending manual review. Our compliance team will update you once verification is complete.	/dashboard/kyc	kyc	1bc38944-d6cb-414a-9c05-b8c465c54491	medium	f	\N	2026-03-03 00:13:08.588421+00	2026-04-02 00:13:08.588358+00	2
3454fe62-ac14-4aa2-bf1d-512bfbf2fa0c	investment_approved	Investment Approved	Your investment of $999.00 in the Pioneer plan has been approved and activated.\n\nAdmin notes: Approved via admin	/dashboard/checkout/success?status=completed&txId=17&amount=999.00&email=jamescodegh%40gmail.com&name=	investment	17	high	f	\N	2026-03-29 04:00:22.935635+00	2026-04-28 04:00:22.935459+00	9
b5a1ee71-68dc-4b85-af75-1d3484689ce4	wallet_debited	Wallet Debited	$999.00 has been deducted from your wallet.\n\nReason: Investment approved for Pioneer	/dashboard/			medium	f	\N	2026-03-29 04:00:22.949068+00	2026-04-28 04:00:22.948965+00	9
a2840636-95b0-4fea-808f-dabb23a9e6b9	deposit_approved	Deposit Approved	Your deposit of $1000.00 has been approved and added to your wallet.\n\nAdmin notes: Approved via admin	/dashboard/checkout/success?status=completed&txId=fb3fc30b-3893-4cdd-a667-dfa57c32b26e&amount=1000.00&email=afghcoshipping%40gmail.com&name=	transaction	fb3fc30b-3893-4cdd-a667-dfa57c32b26e	high	f	\N	2026-03-29 09:55:59.907411+00	2026-04-28 09:55:59.907144+00	17
9c3bbb1b-993a-4b80-ba5d-3bd04a870d4b	deposit_approved	Deposit Approved	Your deposit of $200.00 has been approved and added to your wallet.\n\nAdmin notes: Approved via admin	/dashboard/checkout/success?status=completed&txId=fa71b596-eaf5-41c0-b04e-f4dcee7ce210&amount=200.00&email=afghcoshipping%40gmail.com&name=	transaction	fa71b596-eaf5-41c0-b04e-f4dcee7ce210	high	f	\N	2026-03-29 11:21:32.473062+00	2026-04-28 11:21:32.472776+00	17
e8664524-4bfd-480b-84d4-f5b4da0fa672	deposit_approved	Deposit Approved	Your deposit of $500.00 has been approved and added to your wallet.\n\nAdmin notes: Approved via admin	/dashboard/checkout/success?status=completed&txId=63316ac7-aeee-4c71-a8ff-36ca31e85285&amount=500.00&email=jamescodegh%40gmail.com&name=	transaction	63316ac7-aeee-4c71-a8ff-36ca31e85285	high	f	\N	2026-03-29 11:23:36.499842+00	2026-04-28 11:23:36.499616+00	9
\.


--
-- TOC entry 3993 (class 0 OID 16474)
-- Dependencies: 234
-- Data for Name: users_profile; Type: TABLE DATA; Schema: public; Owner: -
--

COPY public.users_profile (id, role, full_name, created_at, email_notifications_enabled, email_welcome, email_transactions, email_investments, email_roi_payouts, email_wallet_updates, email_security_alerts, email_marketing, email_verified, user_id) FROM stdin;
20	user		2026-03-29 15:22:44.618123+00	t	t	t	t	t	t	t	f	f	20
6	user		2026-01-10 14:02:27.489522+00	t	t	t	t	t	t	t	f	f	6
4	user		2026-01-09 12:38:08.902801+00	t	t	t	t	t	t	t	f	t	4
9	user		2026-02-09 03:43:06.501215+00	t	t	t	t	t	t	t	f	t	9
10	user		2026-02-12 22:30:51.949981+00	t	t	t	t	t	t	t	f	t	10
11	user		2026-02-14 17:33:55.795036+00	t	t	t	t	t	t	t	f	t	11
7	user		2026-01-13 16:39:12.173574+00	t	t	t	t	t	t	t	f	f	7
2	user	Teddy	2026-01-08 13:39:07.285405+00	t	t	t	t	t	t	t	t	t	2
14	user		2026-03-10 20:27:47.407872+00	t	t	t	t	t	t	t	f	f	14
16	user		2026-03-27 09:28:38.785348+00	t	t	t	t	t	t	t	f	f	16
1	admin	WolvCapital Admin	2026-01-08 13:37:53.786271+00	t	t	t	t	t	t	t	f	f	1
17	user		2026-03-29 08:46:53.009161+00	t	t	t	t	t	t	t	f	t	17
\.


--
-- TOC entry 3987 (class 0 OID 16452)
-- Dependencies: 228
-- Data for Name: users_user; Type: TABLE DATA; Schema: public; Owner: -
--

COPY public.users_user (id, password, last_login, is_superuser, username, first_name, last_name, email, is_staff, is_active, date_joined) FROM stdin;
7	pbkdf2_sha256$720000$e20HTc2qVPzNCrkj2moAwD$mBuXXtB9O4nMORq9J7upchde8qHBbE8u7Z5ICLvaRkc=	2026-02-28 18:48:10.955744+00	t	superadmin			support@mail.wolvcapital.com	t	t	2026-01-13 16:39:10.416419+00
2	pbkdf2_sha256$720000$8Ij9Gh2m09X41IZtNS73VA$lU/ycMZpLA7XtdkQwpLyJMiunDxzDT7wvnEj493NcFg=	2026-03-01 07:07:12.795747+00	f	placeholder_teddybjorn72			teddybjorn72@live.no	f	t	2026-01-08 13:39:06+00
14	pbkdf2_sha256$720000$t6B7VtUf2aHabMCWDIPN9I$9xI/Llb7aAe5xR4He8lx+xjYbC24IWvOH+QPf/b+9bk=	\N	f	ozoaniphilpp49@gmail.com			ozoaniphilpp49@gmail.com	f	f	2026-03-10 20:27:47.276955+00
16	pbkdf2_sha256$720000$0N3v6P0GBgnDvU7d4RGFgX$AsPS1RBwF3iqw7Isjw5ROYqKlmPb5n/U30oQRrOjtG4=	\N	f	vajaveg192@smkanba.com			vajaveg192@smkanba.com	f	f	2026-03-27 09:28:38.446805+00
1	pbkdf2_sha256$720000$MjQyT47zCd1Gyfj9wzuL8f$k6PQri1H663k4wZYuTM7dFGMRM+klZkivtLiPKqRX6o=	2026-03-29 03:54:53.306281+00	t	admin@wolvcapital.com			admin@wolvcapital.com	t	t	2026-01-08 13:37:52.300648+00
4	pbkdf2_sha256$720000$Wi4zl42TiF6ifVucDXtNMi$PNMb3bAprLrpHZ0ynL2HnHoQi6CpAoZz4oUtTzKeW5s=	2026-01-18 02:35:10.961182+00	f	ozoaninnabuike@gmail.com			ozoaninnabuike@gmail.com	f	t	2026-01-09 12:38:08.22478+00
6	12345678	\N	t	superuser			cjmathew478@gmail.com	t	t	2026-01-10 13:58:36+00
17	pbkdf2_sha256$720000$JxuNV0DCEcDzTrwYhQYHku$TMPoXDugcsrDluJZ1XEUf19QRC2/dPXnUejerkB5ZKQ=	\N	f	afghcoshipping@gmail.com			afghcoshipping@gmail.com	f	t	2026-03-29 08:46:52.878745+00
9	pbkdf2_sha256$720000$3OEJaj1VgoGrPkkFXmFlK5$9OELh6BKFf7goU8f4AUKoD428k9PkG2BWUXUmK56Xw0=	\N	f	jamescodegh@gmail.com			jamescodegh@gmail.com	f	t	2026-02-09 03:43:06.150104+00
20	pbkdf2_sha256$720000$r2Oj6ETikBrpklYaMkgO3L$0ay3P2mA0zHda/U1CPvEdlu/utbtz3k8mCGNn+u06fE=	\N	f	richsmearl@gmail.com			richsmearl@gmail.com	f	f	2026-03-29 15:22:44.347661+00
10	pbkdf2_sha256$720000$mrhMgSzed7VYCJt66aq6x2$DAhVkktJANcYZEWc8csKGIGxAUNGGqRTpEA8JxBIdoQ=	\N	f	jasonaniusgbian@gmail.com			jasonaniusgbian@gmail.com	f	t	2026-02-12 22:30:51.607154+00
11	pbkdf2_sha256$720000$Cgssd3mApuqN8G06If42l0$kJn1qUBkE6Ehg4CcelZximLAgO8X67wMGM0NUlYgl4k=	\N	f	jeniferalberf@gmail.com			jeniferalberf@gmail.com	f	t	2026-02-14 17:33:55.67496+00
\.


--
-- TOC entry 3989 (class 0 OID 16462)
-- Dependencies: 230
-- Data for Name: users_user_groups; Type: TABLE DATA; Schema: public; Owner: -
--

COPY public.users_user_groups (id, user_id, group_id) FROM stdin;
\.


--
-- TOC entry 3991 (class 0 OID 16468)
-- Dependencies: 232
-- Data for Name: users_user_user_permissions; Type: TABLE DATA; Schema: public; Owner: -
--

COPY public.users_user_user_permissions (id, user_id, permission_id) FROM stdin;
\.


--
-- TOC entry 3995 (class 0 OID 16482)
-- Dependencies: 236
-- Data for Name: users_wallet; Type: TABLE DATA; Schema: public; Owner: -
--

COPY public.users_wallet (id, balance, updated_at, user_id) FROM stdin;
1	0.00	2026-01-08 13:37:54.535722+00	1
7	0.00	2026-01-13 16:39:16.195178+00	7
6	0.00	2026-01-10 14:02:27.509985+00	6
10	7000.00	2026-02-12 23:52:36.100897+00	10
11	15600.00	2026-02-14 17:46:48.594483+00	11
2	22148.58	2026-02-23 01:54:10.027236+00	2
4	901.00	2026-03-01 04:51:24.430419+00	4
14	0.00	2026-03-10 20:27:47.474161+00	14
16	0.00	2026-03-27 09:28:40.852625+00	16
17	2400.00	2026-03-29 11:21:31.72956+00	17
9	9001.00	2026-03-29 11:23:35.745873+00	9
20	0.00	2026-03-29 15:22:46.424293+00	20
\.


--
-- TOC entry 4065 (class 0 OID 0)
-- Dependencies: 241
-- Name: account_emailaddress_id_seq; Type: SEQUENCE SET; Schema: public; Owner: -
--

SELECT pg_catalog.setval('public.account_emailaddress_id_seq', 2, true);


--
-- TOC entry 4066 (class 0 OID 0)
-- Dependencies: 243
-- Name: account_emailconfirmation_id_seq; Type: SEQUENCE SET; Schema: public; Owner: -
--

SELECT pg_catalog.setval('public.account_emailconfirmation_id_seq', 1, false);


--
-- TOC entry 4067 (class 0 OID 0)
-- Dependencies: 223
-- Name: auth_group_id_seq; Type: SEQUENCE SET; Schema: public; Owner: -
--

SELECT pg_catalog.setval('public.auth_group_id_seq', 2, true);


--
-- TOC entry 4068 (class 0 OID 0)
-- Dependencies: 225
-- Name: auth_group_permissions_id_seq; Type: SEQUENCE SET; Schema: public; Owner: -
--

SELECT pg_catalog.setval('public.auth_group_permissions_id_seq', 328, true);


--
-- TOC entry 4069 (class 0 OID 0)
-- Dependencies: 221
-- Name: auth_permission_id_seq; Type: SEQUENCE SET; Schema: public; Owner: -
--

SELECT pg_catalog.setval('public.auth_permission_id_seq', 176, true);


--
-- TOC entry 4070 (class 0 OID 0)
-- Dependencies: 299
-- Name: cards_cardtransaction_id_seq; Type: SEQUENCE SET; Schema: public; Owner: -
--

SELECT pg_catalog.setval('public.cards_cardtransaction_id_seq', 1, false);


--
-- TOC entry 4071 (class 0 OID 0)
-- Dependencies: 297
-- Name: cards_virtualcard_id_seq; Type: SEQUENCE SET; Schema: public; Owner: -
--

SELECT pg_catalog.setval('public.cards_virtualcard_id_seq', 1, false);


--
-- TOC entry 4072 (class 0 OID 0)
-- Dependencies: 252
-- Name: core_agreement_id_seq; Type: SEQUENCE SET; Schema: public; Owner: -
--

SELECT pg_catalog.setval('public.core_agreement_id_seq', 1, false);


--
-- TOC entry 4073 (class 0 OID 0)
-- Dependencies: 256
-- Name: core_emailattachment_id_seq; Type: SEQUENCE SET; Schema: public; Owner: -
--

SELECT pg_catalog.setval('public.core_emailattachment_id_seq', 1, false);


--
-- TOC entry 4074 (class 0 OID 0)
-- Dependencies: 260
-- Name: core_emailinbox_id_seq; Type: SEQUENCE SET; Schema: public; Owner: -
--

SELECT pg_catalog.setval('public.core_emailinbox_id_seq', 1, false);


--
-- TOC entry 4075 (class 0 OID 0)
-- Dependencies: 254
-- Name: core_emailtemplate_id_seq; Type: SEQUENCE SET; Schema: public; Owner: -
--

SELECT pg_catalog.setval('public.core_emailtemplate_id_seq', 1, false);


--
-- TOC entry 4076 (class 0 OID 0)
-- Dependencies: 248
-- Name: core_incomingemail_id_seq; Type: SEQUENCE SET; Schema: public; Owner: -
--

SELECT pg_catalog.setval('public.core_incomingemail_id_seq', 1, false);


--
-- TOC entry 4077 (class 0 OID 0)
-- Dependencies: 250
-- Name: core_platformcertificate_id_seq; Type: SEQUENCE SET; Schema: public; Owner: -
--

SELECT pg_catalog.setval('public.core_platformcertificate_id_seq', 1, true);


--
-- TOC entry 4078 (class 0 OID 0)
-- Dependencies: 258
-- Name: core_supportrequest_id_seq; Type: SEQUENCE SET; Schema: public; Owner: -
--

SELECT pg_catalog.setval('public.core_supportrequest_id_seq', 1, false);


--
-- TOC entry 4079 (class 0 OID 0)
-- Dependencies: 262
-- Name: core_useragreementacceptance_id_seq; Type: SEQUENCE SET; Schema: public; Owner: -
--

SELECT pg_catalog.setval('public.core_useragreementacceptance_id_seq', 1, false);


--
-- TOC entry 4080 (class 0 OID 0)
-- Dependencies: 245
-- Name: django_admin_log_id_seq; Type: SEQUENCE SET; Schema: public; Owner: -
--

SELECT pg_catalog.setval('public.django_admin_log_id_seq', 62, true);


--
-- TOC entry 4081 (class 0 OID 0)
-- Dependencies: 219
-- Name: django_content_type_id_seq; Type: SEQUENCE SET; Schema: public; Owner: -
--

SELECT pg_catalog.setval('public.django_content_type_id_seq', 44, true);


--
-- TOC entry 4082 (class 0 OID 0)
-- Dependencies: 217
-- Name: django_migrations_id_seq; Type: SEQUENCE SET; Schema: public; Owner: -
--

SELECT pg_catalog.setval('public.django_migrations_id_seq', 67, true);


--
-- TOC entry 4083 (class 0 OID 0)
-- Dependencies: 276
-- Name: django_site_id_seq; Type: SEQUENCE SET; Schema: public; Owner: -
--

SELECT pg_catalog.setval('public.django_site_id_seq', 1, true);


--
-- TOC entry 4084 (class 0 OID 0)
-- Dependencies: 264
-- Name: investments_dailyroipayout_id_seq; Type: SEQUENCE SET; Schema: public; Owner: -
--

SELECT pg_catalog.setval('public.investments_dailyroipayout_id_seq', 450, true);


--
-- TOC entry 4085 (class 0 OID 0)
-- Dependencies: 268
-- Name: investments_plan_id_seq; Type: SEQUENCE SET; Schema: public; Owner: -
--

SELECT pg_catalog.setval('public.investments_plan_id_seq', 5, true);


--
-- TOC entry 4086 (class 0 OID 0)
-- Dependencies: 266
-- Name: investments_user_investment_id_seq; Type: SEQUENCE SET; Schema: public; Owner: -
--

SELECT pg_catalog.setval('public.investments_user_investment_id_seq', 18, true);


--
-- TOC entry 4087 (class 0 OID 0)
-- Dependencies: 273
-- Name: referral_settings_id_seq; Type: SEQUENCE SET; Schema: public; Owner: -
--

SELECT pg_catalog.setval('public.referral_settings_id_seq', 1, false);


--
-- TOC entry 4088 (class 0 OID 0)
-- Dependencies: 278
-- Name: socialaccount_socialaccount_id_seq; Type: SEQUENCE SET; Schema: public; Owner: -
--

SELECT pg_catalog.setval('public.socialaccount_socialaccount_id_seq', 1, false);


--
-- TOC entry 4089 (class 0 OID 0)
-- Dependencies: 280
-- Name: socialaccount_socialapp_id_seq; Type: SEQUENCE SET; Schema: public; Owner: -
--

SELECT pg_catalog.setval('public.socialaccount_socialapp_id_seq', 1, false);


--
-- TOC entry 4090 (class 0 OID 0)
-- Dependencies: 282
-- Name: socialaccount_socialapp_sites_id_seq; Type: SEQUENCE SET; Schema: public; Owner: -
--

SELECT pg_catalog.setval('public.socialaccount_socialapp_sites_id_seq', 1, false);


--
-- TOC entry 4091 (class 0 OID 0)
-- Dependencies: 284
-- Name: socialaccount_socialtoken_id_seq; Type: SEQUENCE SET; Schema: public; Owner: -
--

SELECT pg_catalog.setval('public.socialaccount_socialtoken_id_seq', 1, false);


--
-- TOC entry 4092 (class 0 OID 0)
-- Dependencies: 286
-- Name: token_blacklist_blacklistedtoken_id_seq; Type: SEQUENCE SET; Schema: public; Owner: -
--

SELECT pg_catalog.setval('public.token_blacklist_blacklistedtoken_id_seq', 1, false);


--
-- TOC entry 4093 (class 0 OID 0)
-- Dependencies: 288
-- Name: token_blacklist_outstandingtoken_id_seq; Type: SEQUENCE SET; Schema: public; Owner: -
--

SELECT pg_catalog.setval('public.token_blacklist_outstandingtoken_id_seq', 279, true);


--
-- TOC entry 4094 (class 0 OID 0)
-- Dependencies: 292
-- Name: transactions_crypto_wallet_id_seq; Type: SEQUENCE SET; Schema: public; Owner: -
--

SELECT pg_catalog.setval('public.transactions_crypto_wallet_id_seq', 4, true);


--
-- TOC entry 4095 (class 0 OID 0)
-- Dependencies: 237
-- Name: users_emailverification_id_seq; Type: SEQUENCE SET; Schema: public; Owner: -
--

SELECT pg_catalog.setval('public.users_emailverification_id_seq', 16, true);


--
-- TOC entry 4096 (class 0 OID 0)
-- Dependencies: 233
-- Name: users_profile_id_seq; Type: SEQUENCE SET; Schema: public; Owner: -
--

SELECT pg_catalog.setval('public.users_profile_id_seq', 20, true);


--
-- TOC entry 4097 (class 0 OID 0)
-- Dependencies: 229
-- Name: users_user_groups_id_seq; Type: SEQUENCE SET; Schema: public; Owner: -
--

SELECT pg_catalog.setval('public.users_user_groups_id_seq', 1, false);


--
-- TOC entry 4098 (class 0 OID 0)
-- Dependencies: 227
-- Name: users_user_id_seq; Type: SEQUENCE SET; Schema: public; Owner: -
--

SELECT pg_catalog.setval('public.users_user_id_seq', 20, true);


--
-- TOC entry 4099 (class 0 OID 0)
-- Dependencies: 231
-- Name: users_user_user_permissions_id_seq; Type: SEQUENCE SET; Schema: public; Owner: -
--

SELECT pg_catalog.setval('public.users_user_user_permissions_id_seq', 1, false);


--
-- TOC entry 4100 (class 0 OID 0)
-- Dependencies: 235
-- Name: users_wallet_id_seq; Type: SEQUENCE SET; Schema: public; Owner: -
--

SELECT pg_catalog.setval('public.users_wallet_id_seq', 20, true);


--
-- TOC entry 3578 (class 2606 OID 16589)
-- Name: account_emailaddress account_emailaddress_pkey; Type: CONSTRAINT; Schema: public; Owner: -
--

ALTER TABLE ONLY public.account_emailaddress
    ADD CONSTRAINT account_emailaddress_pkey PRIMARY KEY (id);


--
-- TOC entry 3581 (class 2606 OID 16618)
-- Name: account_emailaddress account_emailaddress_user_id_email_987c8728_uniq; Type: CONSTRAINT; Schema: public; Owner: -
--

ALTER TABLE ONLY public.account_emailaddress
    ADD CONSTRAINT account_emailaddress_user_id_email_987c8728_uniq UNIQUE (user_id, email);


--
-- TOC entry 3587 (class 2606 OID 16599)
-- Name: account_emailconfirmation account_emailconfirmation_key_key; Type: CONSTRAINT; Schema: public; Owner: -
--

ALTER TABLE ONLY public.account_emailconfirmation
    ADD CONSTRAINT account_emailconfirmation_key_key UNIQUE (key);


--
-- TOC entry 3589 (class 2606 OID 16597)
-- Name: account_emailconfirmation account_emailconfirmation_pkey; Type: CONSTRAINT; Schema: public; Owner: -
--

ALTER TABLE ONLY public.account_emailconfirmation
    ADD CONSTRAINT account_emailconfirmation_pkey PRIMARY KEY (id);


--
-- TOC entry 3519 (class 2606 OID 16449)
-- Name: auth_group auth_group_name_key; Type: CONSTRAINT; Schema: public; Owner: -
--

ALTER TABLE ONLY public.auth_group
    ADD CONSTRAINT auth_group_name_key UNIQUE (name);


--
-- TOC entry 3524 (class 2606 OID 16435)
-- Name: auth_group_permissions auth_group_permissions_group_id_permission_id_0cd325b0_uniq; Type: CONSTRAINT; Schema: public; Owner: -
--

ALTER TABLE ONLY public.auth_group_permissions
    ADD CONSTRAINT auth_group_permissions_group_id_permission_id_0cd325b0_uniq UNIQUE (group_id, permission_id);


--
-- TOC entry 3527 (class 2606 OID 16424)
-- Name: auth_group_permissions auth_group_permissions_pkey; Type: CONSTRAINT; Schema: public; Owner: -
--

ALTER TABLE ONLY public.auth_group_permissions
    ADD CONSTRAINT auth_group_permissions_pkey PRIMARY KEY (id);


--
-- TOC entry 3521 (class 2606 OID 16416)
-- Name: auth_group auth_group_pkey; Type: CONSTRAINT; Schema: public; Owner: -
--

ALTER TABLE ONLY public.auth_group
    ADD CONSTRAINT auth_group_pkey PRIMARY KEY (id);


--
-- TOC entry 3514 (class 2606 OID 16426)
-- Name: auth_permission auth_permission_content_type_id_codename_01ab375a_uniq; Type: CONSTRAINT; Schema: public; Owner: -
--

ALTER TABLE ONLY public.auth_permission
    ADD CONSTRAINT auth_permission_content_type_id_codename_01ab375a_uniq UNIQUE (content_type_id, codename);


--
-- TOC entry 3516 (class 2606 OID 16410)
-- Name: auth_permission auth_permission_pkey; Type: CONSTRAINT; Schema: public; Owner: -
--

ALTER TABLE ONLY public.auth_permission
    ADD CONSTRAINT auth_permission_pkey PRIMARY KEY (id);


--
-- TOC entry 3596 (class 2606 OID 16649)
-- Name: authtoken_token authtoken_token_pkey; Type: CONSTRAINT; Schema: public; Owner: -
--

ALTER TABLE ONLY public.authtoken_token
    ADD CONSTRAINT authtoken_token_pkey PRIMARY KEY (key);


--
-- TOC entry 3598 (class 2606 OID 16651)
-- Name: authtoken_token authtoken_token_user_id_key; Type: CONSTRAINT; Schema: public; Owner: -
--

ALTER TABLE ONLY public.authtoken_token
    ADD CONSTRAINT authtoken_token_user_id_key UNIQUE (user_id);


--
-- TOC entry 3773 (class 2606 OID 73746)
-- Name: cards_cardtransaction cards_cardtransaction_pkey; Type: CONSTRAINT; Schema: public; Owner: -
--

ALTER TABLE ONLY public.cards_cardtransaction
    ADD CONSTRAINT cards_cardtransaction_pkey PRIMARY KEY (id);


--
-- TOC entry 3776 (class 2606 OID 73748)
-- Name: cards_cardtransaction cards_cardtransaction_stripe_auth_id_key; Type: CONSTRAINT; Schema: public; Owner: -
--

ALTER TABLE ONLY public.cards_cardtransaction
    ADD CONSTRAINT cards_cardtransaction_stripe_auth_id_key UNIQUE (stripe_auth_id);


--
-- TOC entry 3768 (class 2606 OID 73736)
-- Name: cards_virtualcard cards_virtualcard_pkey; Type: CONSTRAINT; Schema: public; Owner: -
--

ALTER TABLE ONLY public.cards_virtualcard
    ADD CONSTRAINT cards_virtualcard_pkey PRIMARY KEY (id);


--
-- TOC entry 3770 (class 2606 OID 73738)
-- Name: cards_virtualcard cards_virtualcard_user_id_key; Type: CONSTRAINT; Schema: public; Owner: -
--

ALTER TABLE ONLY public.cards_virtualcard
    ADD CONSTRAINT cards_virtualcard_user_id_key UNIQUE (user_id);


--
-- TOC entry 3607 (class 2606 OID 16683)
-- Name: core_agreement core_agreement_pkey; Type: CONSTRAINT; Schema: public; Owner: -
--

ALTER TABLE ONLY public.core_agreement
    ADD CONSTRAINT core_agreement_pkey PRIMARY KEY (id);


--
-- TOC entry 3611 (class 2606 OID 16728)
-- Name: core_agreement core_agreement_slug_version_e92bd581_uniq; Type: CONSTRAINT; Schema: public; Owner: -
--

ALTER TABLE ONLY public.core_agreement
    ADD CONSTRAINT core_agreement_slug_version_e92bd581_uniq UNIQUE (slug, version);


--
-- TOC entry 3620 (class 2606 OID 16699)
-- Name: core_emailattachment core_emailattachment_pkey; Type: CONSTRAINT; Schema: public; Owner: -
--

ALTER TABLE ONLY public.core_emailattachment
    ADD CONSTRAINT core_emailattachment_pkey PRIMARY KEY (id);


--
-- TOC entry 3633 (class 2606 OID 16717)
-- Name: core_emailinbox core_emailinbox_message_id_key; Type: CONSTRAINT; Schema: public; Owner: -
--

ALTER TABLE ONLY public.core_emailinbox
    ADD CONSTRAINT core_emailinbox_message_id_key UNIQUE (message_id);


--
-- TOC entry 3635 (class 2606 OID 16715)
-- Name: core_emailinbox core_emailinbox_pkey; Type: CONSTRAINT; Schema: public; Owner: -
--

ALTER TABLE ONLY public.core_emailinbox
    ADD CONSTRAINT core_emailinbox_pkey PRIMARY KEY (id);


--
-- TOC entry 3615 (class 2606 OID 16693)
-- Name: core_emailtemplate core_emailtemplate_name_key; Type: CONSTRAINT; Schema: public; Owner: -
--

ALTER TABLE ONLY public.core_emailtemplate
    ADD CONSTRAINT core_emailtemplate_name_key UNIQUE (name);


--
-- TOC entry 3617 (class 2606 OID 16691)
-- Name: core_emailtemplate core_emailtemplate_pkey; Type: CONSTRAINT; Schema: public; Owner: -
--

ALTER TABLE ONLY public.core_emailtemplate
    ADD CONSTRAINT core_emailtemplate_pkey PRIMARY KEY (id);


--
-- TOC entry 3600 (class 2606 OID 16665)
-- Name: core_incomingemail core_incomingemail_pkey; Type: CONSTRAINT; Schema: public; Owner: -
--

ALTER TABLE ONLY public.core_incomingemail
    ADD CONSTRAINT core_incomingemail_pkey PRIMARY KEY (id);


--
-- TOC entry 3603 (class 2606 OID 16675)
-- Name: core_platformcertificate core_platformcertificate_certificate_id_key; Type: CONSTRAINT; Schema: public; Owner: -
--

ALTER TABLE ONLY public.core_platformcertificate
    ADD CONSTRAINT core_platformcertificate_certificate_id_key UNIQUE (certificate_id);


--
-- TOC entry 3605 (class 2606 OID 16673)
-- Name: core_platformcertificate core_platformcertificate_pkey; Type: CONSTRAINT; Schema: public; Owner: -
--

ALTER TABLE ONLY public.core_platformcertificate
    ADD CONSTRAINT core_platformcertificate_pkey PRIMARY KEY (id);


--
-- TOC entry 3623 (class 2606 OID 16707)
-- Name: core_supportrequest core_supportrequest_pkey; Type: CONSTRAINT; Schema: public; Owner: -
--

ALTER TABLE ONLY public.core_supportrequest
    ADD CONSTRAINT core_supportrequest_pkey PRIMARY KEY (id);


--
-- TOC entry 3638 (class 2606 OID 16725)
-- Name: core_useragreementacceptance core_useragreementacceptance_pkey; Type: CONSTRAINT; Schema: public; Owner: -
--

ALTER TABLE ONLY public.core_useragreementacceptance
    ADD CONSTRAINT core_useragreementacceptance_pkey PRIMARY KEY (id);


--
-- TOC entry 3641 (class 2606 OID 16770)
-- Name: core_useragreementacceptance core_useragreementacceptance_user_id_agreement_id_4af365f2_uniq; Type: CONSTRAINT; Schema: public; Owner: -
--

ALTER TABLE ONLY public.core_useragreementacceptance
    ADD CONSTRAINT core_useragreementacceptance_user_id_agreement_id_4af365f2_uniq UNIQUE (user_id, agreement_id);


--
-- TOC entry 3592 (class 2606 OID 16632)
-- Name: django_admin_log django_admin_log_pkey; Type: CONSTRAINT; Schema: public; Owner: -
--

ALTER TABLE ONLY public.django_admin_log
    ADD CONSTRAINT django_admin_log_pkey PRIMARY KEY (id);


--
-- TOC entry 3509 (class 2606 OID 16404)
-- Name: django_content_type django_content_type_app_label_model_76bd3d3b_uniq; Type: CONSTRAINT; Schema: public; Owner: -
--

ALTER TABLE ONLY public.django_content_type
    ADD CONSTRAINT django_content_type_app_label_model_76bd3d3b_uniq UNIQUE (app_label, model);


--
-- TOC entry 3511 (class 2606 OID 16402)
-- Name: django_content_type django_content_type_pkey; Type: CONSTRAINT; Schema: public; Owner: -
--

ALTER TABLE ONLY public.django_content_type
    ADD CONSTRAINT django_content_type_pkey PRIMARY KEY (id);


--
-- TOC entry 3507 (class 2606 OID 16396)
-- Name: django_migrations django_migrations_pkey; Type: CONSTRAINT; Schema: public; Owner: -
--

ALTER TABLE ONLY public.django_migrations
    ADD CONSTRAINT django_migrations_pkey PRIMARY KEY (id);


--
-- TOC entry 3683 (class 2606 OID 16919)
-- Name: django_session django_session_pkey; Type: CONSTRAINT; Schema: public; Owner: -
--

ALTER TABLE ONLY public.django_session
    ADD CONSTRAINT django_session_pkey PRIMARY KEY (session_key);


--
-- TOC entry 3687 (class 2606 OID 16929)
-- Name: django_site django_site_domain_a2e37b91_uniq; Type: CONSTRAINT; Schema: public; Owner: -
--

ALTER TABLE ONLY public.django_site
    ADD CONSTRAINT django_site_domain_a2e37b91_uniq UNIQUE (domain);


--
-- TOC entry 3689 (class 2606 OID 16927)
-- Name: django_site django_site_pkey; Type: CONSTRAINT; Schema: public; Owner: -
--

ALTER TABLE ONLY public.django_site
    ADD CONSTRAINT django_site_pkey PRIMARY KEY (id);


--
-- TOC entry 3644 (class 2606 OID 16788)
-- Name: investments_dailyroipayout investments_dailyroipayout_pkey; Type: CONSTRAINT; Schema: public; Owner: -
--

ALTER TABLE ONLY public.investments_dailyroipayout
    ADD CONSTRAINT investments_dailyroipayout_pkey PRIMARY KEY (id);


--
-- TOC entry 3653 (class 2606 OID 16805)
-- Name: investments_plan investments_plan_name_key; Type: CONSTRAINT; Schema: public; Owner: -
--

ALTER TABLE ONLY public.investments_plan
    ADD CONSTRAINT investments_plan_name_key UNIQUE (name);


--
-- TOC entry 3655 (class 2606 OID 16803)
-- Name: investments_plan investments_plan_pkey; Type: CONSTRAINT; Schema: public; Owner: -
--

ALTER TABLE ONLY public.investments_plan
    ADD CONSTRAINT investments_plan_pkey PRIMARY KEY (id);


--
-- TOC entry 3648 (class 2606 OID 16794)
-- Name: investments_user_investment investments_user_investment_pkey; Type: CONSTRAINT; Schema: public; Owner: -
--

ALTER TABLE ONLY public.investments_user_investment
    ADD CONSTRAINT investments_user_investment_pkey PRIMARY KEY (id);


--
-- TOC entry 3666 (class 2606 OID 16852)
-- Name: referral_codes referral_codes_code_key; Type: CONSTRAINT; Schema: public; Owner: -
--

ALTER TABLE ONLY public.referral_codes
    ADD CONSTRAINT referral_codes_code_key UNIQUE (code);


--
-- TOC entry 3668 (class 2606 OID 16850)
-- Name: referral_codes referral_codes_pkey; Type: CONSTRAINT; Schema: public; Owner: -
--

ALTER TABLE ONLY public.referral_codes
    ADD CONSTRAINT referral_codes_pkey PRIMARY KEY (id);


--
-- TOC entry 3670 (class 2606 OID 16883)
-- Name: referral_codes referral_codes_user_id_key; Type: CONSTRAINT; Schema: public; Owner: -
--

ALTER TABLE ONLY public.referral_codes
    ADD CONSTRAINT referral_codes_user_id_key UNIQUE (user_id);


--
-- TOC entry 3674 (class 2606 OID 16859)
-- Name: referral_rewards referral_rewards_pkey; Type: CONSTRAINT; Schema: public; Owner: -
--

ALTER TABLE ONLY public.referral_rewards
    ADD CONSTRAINT referral_rewards_pkey PRIMARY KEY (id);


--
-- TOC entry 3678 (class 2606 OID 16869)
-- Name: referral_settings referral_settings_key_key; Type: CONSTRAINT; Schema: public; Owner: -
--

ALTER TABLE ONLY public.referral_settings
    ADD CONSTRAINT referral_settings_key_key UNIQUE (key);


--
-- TOC entry 3680 (class 2606 OID 16867)
-- Name: referral_settings referral_settings_pkey; Type: CONSTRAINT; Schema: public; Owner: -
--

ALTER TABLE ONLY public.referral_settings
    ADD CONSTRAINT referral_settings_pkey PRIMARY KEY (id);


--
-- TOC entry 3658 (class 2606 OID 16843)
-- Name: referrals referrals_pkey; Type: CONSTRAINT; Schema: public; Owner: -
--

ALTER TABLE ONLY public.referrals
    ADD CONSTRAINT referrals_pkey PRIMARY KEY (id);


--
-- TOC entry 3691 (class 2606 OID 16938)
-- Name: socialaccount_socialaccount socialaccount_socialaccount_pkey; Type: CONSTRAINT; Schema: public; Owner: -
--

ALTER TABLE ONLY public.socialaccount_socialaccount
    ADD CONSTRAINT socialaccount_socialaccount_pkey PRIMARY KEY (id);


--
-- TOC entry 3693 (class 2606 OID 17000)
-- Name: socialaccount_socialaccount socialaccount_socialaccount_provider_uid_fc810c6e_uniq; Type: CONSTRAINT; Schema: public; Owner: -
--

ALTER TABLE ONLY public.socialaccount_socialaccount
    ADD CONSTRAINT socialaccount_socialaccount_provider_uid_fc810c6e_uniq UNIQUE (provider, uid);


--
-- TOC entry 3698 (class 2606 OID 16970)
-- Name: socialaccount_socialapp_sites socialaccount_socialapp__socialapp_id_site_id_71a9a768_uniq; Type: CONSTRAINT; Schema: public; Owner: -
--

ALTER TABLE ONLY public.socialaccount_socialapp_sites
    ADD CONSTRAINT socialaccount_socialapp__socialapp_id_site_id_71a9a768_uniq UNIQUE (socialapp_id, site_id);


--
-- TOC entry 3696 (class 2606 OID 16944)
-- Name: socialaccount_socialapp socialaccount_socialapp_pkey; Type: CONSTRAINT; Schema: public; Owner: -
--

ALTER TABLE ONLY public.socialaccount_socialapp
    ADD CONSTRAINT socialaccount_socialapp_pkey PRIMARY KEY (id);


--
-- TOC entry 3700 (class 2606 OID 16950)
-- Name: socialaccount_socialapp_sites socialaccount_socialapp_sites_pkey; Type: CONSTRAINT; Schema: public; Owner: -
--

ALTER TABLE ONLY public.socialaccount_socialapp_sites
    ADD CONSTRAINT socialaccount_socialapp_sites_pkey PRIMARY KEY (id);


--
-- TOC entry 3706 (class 2606 OID 16960)
-- Name: socialaccount_socialtoken socialaccount_socialtoken_app_id_account_id_fca4e0ac_uniq; Type: CONSTRAINT; Schema: public; Owner: -
--

ALTER TABLE ONLY public.socialaccount_socialtoken
    ADD CONSTRAINT socialaccount_socialtoken_app_id_account_id_fca4e0ac_uniq UNIQUE (app_id, account_id);


--
-- TOC entry 3708 (class 2606 OID 16958)
-- Name: socialaccount_socialtoken socialaccount_socialtoken_pkey; Type: CONSTRAINT; Schema: public; Owner: -
--

ALTER TABLE ONLY public.socialaccount_socialtoken
    ADD CONSTRAINT socialaccount_socialtoken_pkey PRIMARY KEY (id);


--
-- TOC entry 3710 (class 2606 OID 17054)
-- Name: token_blacklist_blacklistedtoken token_blacklist_blacklistedtoken_pkey; Type: CONSTRAINT; Schema: public; Owner: -
--

ALTER TABLE ONLY public.token_blacklist_blacklistedtoken
    ADD CONSTRAINT token_blacklist_blacklistedtoken_pkey PRIMARY KEY (id);


--
-- TOC entry 3712 (class 2606 OID 17075)
-- Name: token_blacklist_blacklistedtoken token_blacklist_blacklistedtoken_token_id_key; Type: CONSTRAINT; Schema: public; Owner: -
--

ALTER TABLE ONLY public.token_blacklist_blacklistedtoken
    ADD CONSTRAINT token_blacklist_blacklistedtoken_token_id_key UNIQUE (token_id);


--
-- TOC entry 3715 (class 2606 OID 17045)
-- Name: token_blacklist_outstandingtoken token_blacklist_outstandingtoken_jti_hex_d9bdf6f7_uniq; Type: CONSTRAINT; Schema: public; Owner: -
--

ALTER TABLE ONLY public.token_blacklist_outstandingtoken
    ADD CONSTRAINT token_blacklist_outstandingtoken_jti_hex_d9bdf6f7_uniq UNIQUE (jti);


--
-- TOC entry 3717 (class 2606 OID 17063)
-- Name: token_blacklist_outstandingtoken token_blacklist_outstandingtoken_pkey; Type: CONSTRAINT; Schema: public; Owner: -
--

ALTER TABLE ONLY public.token_blacklist_outstandingtoken
    ADD CONSTRAINT token_blacklist_outstandingtoken_pkey PRIMARY KEY (id);


--
-- TOC entry 3732 (class 2606 OID 17099)
-- Name: transactions_admin_notification transactions_admin_notification_pkey; Type: CONSTRAINT; Schema: public; Owner: -
--

ALTER TABLE ONLY public.transactions_admin_notification
    ADD CONSTRAINT transactions_admin_notification_pkey PRIMARY KEY (id);


--
-- TOC entry 3724 (class 2606 OID 17092)
-- Name: transactions_audit_log transactions_audit_log_pkey; Type: CONSTRAINT; Schema: public; Owner: -
--

ALTER TABLE ONLY public.transactions_audit_log
    ADD CONSTRAINT transactions_audit_log_pkey PRIMARY KEY (id);


--
-- TOC entry 3737 (class 2606 OID 17107)
-- Name: transactions_crypto_wallet transactions_crypto_wallet_currency_key; Type: CONSTRAINT; Schema: public; Owner: -
--

ALTER TABLE ONLY public.transactions_crypto_wallet
    ADD CONSTRAINT transactions_crypto_wallet_currency_key UNIQUE (currency);


--
-- TOC entry 3739 (class 2606 OID 17105)
-- Name: transactions_crypto_wallet transactions_crypto_wallet_pkey; Type: CONSTRAINT; Schema: public; Owner: -
--

ALTER TABLE ONLY public.transactions_crypto_wallet
    ADD CONSTRAINT transactions_crypto_wallet_pkey PRIMARY KEY (id);


--
-- TOC entry 3748 (class 2606 OID 17114)
-- Name: transactions_transaction transactions_transaction_pkey; Type: CONSTRAINT; Schema: public; Owner: -
--

ALTER TABLE ONLY public.transactions_transaction
    ADD CONSTRAINT transactions_transaction_pkey PRIMARY KEY (id);


--
-- TOC entry 3754 (class 2606 OID 17121)
-- Name: transactions_virtual_card transactions_virtual_card_pkey; Type: CONSTRAINT; Schema: public; Owner: -
--

ALTER TABLE ONLY public.transactions_virtual_card
    ADD CONSTRAINT transactions_virtual_card_pkey PRIMARY KEY (id);


--
-- TOC entry 3646 (class 2606 OID 17993)
-- Name: investments_dailyroipayout uniq_roi_payout_per_investment_per_day; Type: CONSTRAINT; Schema: public; Owner: -
--

ALTER TABLE ONLY public.investments_dailyroipayout
    ADD CONSTRAINT uniq_roi_payout_per_investment_per_day UNIQUE (investment_id, payout_date);


--
-- TOC entry 3751 (class 2606 OID 17996)
-- Name: transactions_transaction uniq_transaction_reference; Type: CONSTRAINT; Schema: public; Owner: -
--

ALTER TABLE ONLY public.transactions_transaction
    ADD CONSTRAINT uniq_transaction_reference UNIQUE (reference);


--
-- TOC entry 3556 (class 2606 OID 16494)
-- Name: users_emailverification users_emailverification_pkey; Type: CONSTRAINT; Schema: public; Owner: -
--

ALTER TABLE ONLY public.users_emailverification
    ADD CONSTRAINT users_emailverification_pkey PRIMARY KEY (id);


--
-- TOC entry 3559 (class 2606 OID 16496)
-- Name: users_emailverification users_emailverification_token_key; Type: CONSTRAINT; Schema: public; Owner: -
--

ALTER TABLE ONLY public.users_emailverification
    ADD CONSTRAINT users_emailverification_token_key UNIQUE (token);


--
-- TOC entry 3564 (class 2606 OID 16503)
-- Name: users_kyc_application users_kyc_application_pkey; Type: CONSTRAINT; Schema: public; Owner: -
--

ALTER TABLE ONLY public.users_kyc_application
    ADD CONSTRAINT users_kyc_application_pkey PRIMARY KEY (id);


--
-- TOC entry 3762 (class 2606 OID 49159)
-- Name: users_kyc_document users_kyc_document_pkey; Type: CONSTRAINT; Schema: public; Owner: -
--

ALTER TABLE ONLY public.users_kyc_document
    ADD CONSTRAINT users_kyc_document_pkey PRIMARY KEY (id);


--
-- TOC entry 3766 (class 2606 OID 49161)
-- Name: users_kyc_document users_kyc_document_user_id_document_type_ba82be3a_uniq; Type: CONSTRAINT; Schema: public; Owner: -
--

ALTER TABLE ONLY public.users_kyc_document
    ADD CONSTRAINT users_kyc_document_user_id_document_type_ba82be3a_uniq UNIQUE (user_id, document_type);


--
-- TOC entry 3573 (class 2606 OID 16510)
-- Name: users_notification users_notification_pkey; Type: CONSTRAINT; Schema: public; Owner: -
--

ALTER TABLE ONLY public.users_notification
    ADD CONSTRAINT users_notification_pkey PRIMARY KEY (id);


--
-- TOC entry 3546 (class 2606 OID 16478)
-- Name: users_profile users_profile_pkey; Type: CONSTRAINT; Schema: public; Owner: -
--

ALTER TABLE ONLY public.users_profile
    ADD CONSTRAINT users_profile_pkey PRIMARY KEY (id);


--
-- TOC entry 3548 (class 2606 OID 16480)
-- Name: users_profile users_profile_user_id_key; Type: CONSTRAINT; Schema: public; Owner: -
--

ALTER TABLE ONLY public.users_profile
    ADD CONSTRAINT users_profile_user_id_key UNIQUE (user_id);


--
-- TOC entry 3535 (class 2606 OID 16466)
-- Name: users_user_groups users_user_groups_pkey; Type: CONSTRAINT; Schema: public; Owner: -
--

ALTER TABLE ONLY public.users_user_groups
    ADD CONSTRAINT users_user_groups_pkey PRIMARY KEY (id);


--
-- TOC entry 3538 (class 2606 OID 16513)
-- Name: users_user_groups users_user_groups_user_id_group_id_b88eab82_uniq; Type: CONSTRAINT; Schema: public; Owner: -
--

ALTER TABLE ONLY public.users_user_groups
    ADD CONSTRAINT users_user_groups_user_id_group_id_b88eab82_uniq UNIQUE (user_id, group_id);


--
-- TOC entry 3529 (class 2606 OID 16458)
-- Name: users_user users_user_pkey; Type: CONSTRAINT; Schema: public; Owner: -
--

ALTER TABLE ONLY public.users_user
    ADD CONSTRAINT users_user_pkey PRIMARY KEY (id);


--
-- TOC entry 3541 (class 2606 OID 16472)
-- Name: users_user_user_permissions users_user_user_permissions_pkey; Type: CONSTRAINT; Schema: public; Owner: -
--

ALTER TABLE ONLY public.users_user_user_permissions
    ADD CONSTRAINT users_user_user_permissions_pkey PRIMARY KEY (id);


--
-- TOC entry 3544 (class 2606 OID 16527)
-- Name: users_user_user_permissions users_user_user_permissions_user_id_permission_id_43338c45_uniq; Type: CONSTRAINT; Schema: public; Owner: -
--

ALTER TABLE ONLY public.users_user_user_permissions
    ADD CONSTRAINT users_user_user_permissions_user_id_permission_id_43338c45_uniq UNIQUE (user_id, permission_id);


--
-- TOC entry 3532 (class 2606 OID 16460)
-- Name: users_user users_user_username_key; Type: CONSTRAINT; Schema: public; Owner: -
--

ALTER TABLE ONLY public.users_user
    ADD CONSTRAINT users_user_username_key UNIQUE (username);


--
-- TOC entry 3550 (class 2606 OID 16486)
-- Name: users_wallet users_wallet_pkey; Type: CONSTRAINT; Schema: public; Owner: -
--

ALTER TABLE ONLY public.users_wallet
    ADD CONSTRAINT users_wallet_pkey PRIMARY KEY (id);


--
-- TOC entry 3552 (class 2606 OID 16488)
-- Name: users_wallet users_wallet_user_id_key; Type: CONSTRAINT; Schema: public; Owner: -
--

ALTER TABLE ONLY public.users_wallet
    ADD CONSTRAINT users_wallet_user_id_key UNIQUE (user_id);


--
-- TOC entry 3575 (class 1259 OID 16621)
-- Name: account_emailaddress_email_03be32b2; Type: INDEX; Schema: public; Owner: -
--

CREATE INDEX account_emailaddress_email_03be32b2 ON public.account_emailaddress USING btree (email);


--
-- TOC entry 3576 (class 1259 OID 16622)
-- Name: account_emailaddress_email_03be32b2_like; Type: INDEX; Schema: public; Owner: -
--

CREATE INDEX account_emailaddress_email_03be32b2_like ON public.account_emailaddress USING btree (email varchar_pattern_ops);


--
-- TOC entry 3579 (class 1259 OID 16606)
-- Name: account_emailaddress_user_id_2c513194; Type: INDEX; Schema: public; Owner: -
--

CREATE INDEX account_emailaddress_user_id_2c513194 ON public.account_emailaddress USING btree (user_id);


--
-- TOC entry 3584 (class 1259 OID 16613)
-- Name: account_emailconfirmation_email_address_id_5b7f8c58; Type: INDEX; Schema: public; Owner: -
--

CREATE INDEX account_emailconfirmation_email_address_id_5b7f8c58 ON public.account_emailconfirmation USING btree (email_address_id);


--
-- TOC entry 3585 (class 1259 OID 16612)
-- Name: account_emailconfirmation_key_f43612bd_like; Type: INDEX; Schema: public; Owner: -
--

CREATE INDEX account_emailconfirmation_key_f43612bd_like ON public.account_emailconfirmation USING btree (key varchar_pattern_ops);


--
-- TOC entry 3517 (class 1259 OID 16450)
-- Name: auth_group_name_a6ea08ec_like; Type: INDEX; Schema: public; Owner: -
--

CREATE INDEX auth_group_name_a6ea08ec_like ON public.auth_group USING btree (name varchar_pattern_ops);


--
-- TOC entry 3522 (class 1259 OID 16446)
-- Name: auth_group_permissions_group_id_b120cbf9; Type: INDEX; Schema: public; Owner: -
--

CREATE INDEX auth_group_permissions_group_id_b120cbf9 ON public.auth_group_permissions USING btree (group_id);


--
-- TOC entry 3525 (class 1259 OID 16447)
-- Name: auth_group_permissions_permission_id_84c5c92e; Type: INDEX; Schema: public; Owner: -
--

CREATE INDEX auth_group_permissions_permission_id_84c5c92e ON public.auth_group_permissions USING btree (permission_id);


--
-- TOC entry 3512 (class 1259 OID 16432)
-- Name: auth_permission_content_type_id_2f476e4b; Type: INDEX; Schema: public; Owner: -
--

CREATE INDEX auth_permission_content_type_id_2f476e4b ON public.auth_permission USING btree (content_type_id);


--
-- TOC entry 3594 (class 1259 OID 16657)
-- Name: authtoken_token_key_10f0b77e_like; Type: INDEX; Schema: public; Owner: -
--

CREATE INDEX authtoken_token_key_10f0b77e_like ON public.authtoken_token USING btree (key varchar_pattern_ops);


--
-- TOC entry 3771 (class 1259 OID 73760)
-- Name: cards_cardtransaction_card_id_a2aef5e1; Type: INDEX; Schema: public; Owner: -
--

CREATE INDEX cards_cardtransaction_card_id_a2aef5e1 ON public.cards_cardtransaction USING btree (card_id);


--
-- TOC entry 3774 (class 1259 OID 73759)
-- Name: cards_cardtransaction_stripe_auth_id_d92f9e01_like; Type: INDEX; Schema: public; Owner: -
--

CREATE INDEX cards_cardtransaction_stripe_auth_id_d92f9e01_like ON public.cards_cardtransaction USING btree (stripe_auth_id varchar_pattern_ops);


--
-- TOC entry 3608 (class 1259 OID 16729)
-- Name: core_agreement_slug_2011f8b9; Type: INDEX; Schema: public; Owner: -
--

CREATE INDEX core_agreement_slug_2011f8b9 ON public.core_agreement USING btree (slug);


--
-- TOC entry 3609 (class 1259 OID 16730)
-- Name: core_agreement_slug_2011f8b9_like; Type: INDEX; Schema: public; Owner: -
--

CREATE INDEX core_agreement_slug_2011f8b9_like ON public.core_agreement USING btree (slug varchar_pattern_ops);


--
-- TOC entry 3618 (class 1259 OID 16744)
-- Name: core_emailattachment_email_id_06b496a3; Type: INDEX; Schema: public; Owner: -
--

CREATE INDEX core_emailattachment_email_id_06b496a3 ON public.core_emailattachment USING btree (email_id);


--
-- TOC entry 3625 (class 1259 OID 16767)
-- Name: core_emaili_assigne_f209f6_idx; Type: INDEX; Schema: public; Owner: -
--

CREATE INDEX core_emaili_assigne_f209f6_idx ON public.core_emailinbox USING btree (assigned_to_id);


--
-- TOC entry 3626 (class 1259 OID 16766)
-- Name: core_emaili_from_em_cf16f7_idx; Type: INDEX; Schema: public; Owner: -
--

CREATE INDEX core_emaili_from_em_cf16f7_idx ON public.core_emailinbox USING btree (from_email);


--
-- TOC entry 3627 (class 1259 OID 16768)
-- Name: core_emaili_is_star_aea0b3_idx; Type: INDEX; Schema: public; Owner: -
--

CREATE INDEX core_emaili_is_star_aea0b3_idx ON public.core_emailinbox USING btree (is_starred);


--
-- TOC entry 3628 (class 1259 OID 16764)
-- Name: core_emaili_receive_556cd4_idx; Type: INDEX; Schema: public; Owner: -
--

CREATE INDEX core_emaili_receive_556cd4_idx ON public.core_emailinbox USING btree (received_at DESC);


--
-- TOC entry 3629 (class 1259 OID 16765)
-- Name: core_emaili_status_5ca237_idx; Type: INDEX; Schema: public; Owner: -
--

CREATE INDEX core_emaili_status_5ca237_idx ON public.core_emailinbox USING btree (status);


--
-- TOC entry 3630 (class 1259 OID 16763)
-- Name: core_emailinbox_assigned_to_id_89e8613c; Type: INDEX; Schema: public; Owner: -
--

CREATE INDEX core_emailinbox_assigned_to_id_89e8613c ON public.core_emailinbox USING btree (assigned_to_id);


--
-- TOC entry 3631 (class 1259 OID 16762)
-- Name: core_emailinbox_message_id_3936a577_like; Type: INDEX; Schema: public; Owner: -
--

CREATE INDEX core_emailinbox_message_id_3936a577_like ON public.core_emailinbox USING btree (message_id varchar_pattern_ops);


--
-- TOC entry 3612 (class 1259 OID 16738)
-- Name: core_emailtemplate_created_by_id_276f2d01; Type: INDEX; Schema: public; Owner: -
--

CREATE INDEX core_emailtemplate_created_by_id_276f2d01 ON public.core_emailtemplate USING btree (created_by_id);


--
-- TOC entry 3613 (class 1259 OID 16737)
-- Name: core_emailtemplate_name_e25d6be2_like; Type: INDEX; Schema: public; Owner: -
--

CREATE INDEX core_emailtemplate_name_e25d6be2_like ON public.core_emailtemplate USING btree (name varchar_pattern_ops);


--
-- TOC entry 3601 (class 1259 OID 16726)
-- Name: core_platformcertificate_certificate_id_3118a851_like; Type: INDEX; Schema: public; Owner: -
--

CREATE INDEX core_platformcertificate_certificate_id_3118a851_like ON public.core_platformcertificate USING btree (certificate_id varchar_pattern_ops);


--
-- TOC entry 3621 (class 1259 OID 16755)
-- Name: core_supportrequest_handled_by_id_43aad0e7; Type: INDEX; Schema: public; Owner: -
--

CREATE INDEX core_supportrequest_handled_by_id_43aad0e7 ON public.core_supportrequest USING btree (handled_by_id);


--
-- TOC entry 3624 (class 1259 OID 16756)
-- Name: core_supportrequest_user_id_d0898577; Type: INDEX; Schema: public; Owner: -
--

CREATE INDEX core_supportrequest_user_id_d0898577 ON public.core_supportrequest USING btree (user_id);


--
-- TOC entry 3636 (class 1259 OID 16781)
-- Name: core_useragreementacceptance_agreement_id_197e93b9; Type: INDEX; Schema: public; Owner: -
--

CREATE INDEX core_useragreementacceptance_agreement_id_197e93b9 ON public.core_useragreementacceptance USING btree (agreement_id);


--
-- TOC entry 3639 (class 1259 OID 16782)
-- Name: core_useragreementacceptance_user_id_4ba8d2f5; Type: INDEX; Schema: public; Owner: -
--

CREATE INDEX core_useragreementacceptance_user_id_4ba8d2f5 ON public.core_useragreementacceptance USING btree (user_id);


--
-- TOC entry 3590 (class 1259 OID 16643)
-- Name: django_admin_log_content_type_id_c4bce8eb; Type: INDEX; Schema: public; Owner: -
--

CREATE INDEX django_admin_log_content_type_id_c4bce8eb ON public.django_admin_log USING btree (content_type_id);


--
-- TOC entry 3593 (class 1259 OID 16644)
-- Name: django_admin_log_user_id_c564eba6; Type: INDEX; Schema: public; Owner: -
--

CREATE INDEX django_admin_log_user_id_c564eba6 ON public.django_admin_log USING btree (user_id);


--
-- TOC entry 3681 (class 1259 OID 16921)
-- Name: django_session_expire_date_a5c62663; Type: INDEX; Schema: public; Owner: -
--

CREATE INDEX django_session_expire_date_a5c62663 ON public.django_session USING btree (expire_date);


--
-- TOC entry 3684 (class 1259 OID 16920)
-- Name: django_session_session_key_c0390e0f_like; Type: INDEX; Schema: public; Owner: -
--

CREATE INDEX django_session_session_key_c0390e0f_like ON public.django_session USING btree (session_key varchar_pattern_ops);


--
-- TOC entry 3685 (class 1259 OID 16930)
-- Name: django_site_domain_a2e37b91_like; Type: INDEX; Schema: public; Owner: -
--

CREATE INDEX django_site_domain_a2e37b91_like ON public.django_site USING btree (domain varchar_pattern_ops);


--
-- TOC entry 3642 (class 1259 OID 16836)
-- Name: investments_dailyroipayout_investment_id_d96cab71; Type: INDEX; Schema: public; Owner: -
--

CREATE INDEX investments_dailyroipayout_investment_id_d96cab71 ON public.investments_dailyroipayout USING btree (investment_id);


--
-- TOC entry 3651 (class 1259 OID 16814)
-- Name: investments_plan_name_8100d547_like; Type: INDEX; Schema: public; Owner: -
--

CREATE INDEX investments_plan_name_8100d547_like ON public.investments_plan USING btree (name varchar_pattern_ops);


--
-- TOC entry 3649 (class 1259 OID 16817)
-- Name: investments_user_investment_plan_id_f0c8d0db; Type: INDEX; Schema: public; Owner: -
--

CREATE INDEX investments_user_investment_plan_id_f0c8d0db ON public.investments_user_investment USING btree (plan_id);


--
-- TOC entry 3650 (class 1259 OID 16835)
-- Name: investments_user_investment_user_id_18240ea3; Type: INDEX; Schema: public; Owner: -
--

CREATE INDEX investments_user_investment_user_id_18240ea3 ON public.investments_user_investment USING btree (user_id);


--
-- TOC entry 3664 (class 1259 OID 16870)
-- Name: referral_codes_code_2b478903_like; Type: INDEX; Schema: public; Owner: -
--

CREATE INDEX referral_codes_code_2b478903_like ON public.referral_codes USING btree (code varchar_pattern_ops);


--
-- TOC entry 3671 (class 1259 OID 16910)
-- Name: referral_rewards_approved_by_id_e51ef6c6; Type: INDEX; Schema: public; Owner: -
--

CREATE INDEX referral_rewards_approved_by_id_e51ef6c6 ON public.referral_rewards USING btree (approved_by_id);


--
-- TOC entry 3672 (class 1259 OID 16911)
-- Name: referral_rewards_created_by_id_50abe710; Type: INDEX; Schema: public; Owner: -
--

CREATE INDEX referral_rewards_created_by_id_50abe710 ON public.referral_rewards USING btree (created_by_id);


--
-- TOC entry 3675 (class 1259 OID 16912)
-- Name: referral_rewards_referral_id_48900a13; Type: INDEX; Schema: public; Owner: -
--

CREATE INDEX referral_rewards_referral_id_48900a13 ON public.referral_rewards USING btree (referral_id);


--
-- TOC entry 3676 (class 1259 OID 16871)
-- Name: referral_settings_key_0f00e72a_like; Type: INDEX; Schema: public; Owner: -
--

CREATE INDEX referral_settings_key_0f00e72a_like ON public.referral_settings USING btree (key varchar_pattern_ops);


--
-- TOC entry 3656 (class 1259 OID 16906)
-- Name: referrals_code_2ba851_idx; Type: INDEX; Schema: public; Owner: -
--

CREATE INDEX referrals_code_2ba851_idx ON public.referrals USING btree (code);


--
-- TOC entry 3659 (class 1259 OID 16904)
-- Name: referrals_referre_ebd676_idx; Type: INDEX; Schema: public; Owner: -
--

CREATE INDEX referrals_referre_ebd676_idx ON public.referrals USING btree (referred_user_id);


--
-- TOC entry 3660 (class 1259 OID 16905)
-- Name: referrals_referre_f47e8e_idx; Type: INDEX; Schema: public; Owner: -
--

CREATE INDEX referrals_referre_f47e8e_idx ON public.referrals USING btree (referrer_id);


--
-- TOC entry 3661 (class 1259 OID 16908)
-- Name: referrals_referred_user_id_df5d6ca1; Type: INDEX; Schema: public; Owner: -
--

CREATE INDEX referrals_referred_user_id_df5d6ca1 ON public.referrals USING btree (referred_user_id);


--
-- TOC entry 3662 (class 1259 OID 16909)
-- Name: referrals_referrer_id_9511d264; Type: INDEX; Schema: public; Owner: -
--

CREATE INDEX referrals_referrer_id_9511d264 ON public.referrals USING btree (referrer_id);


--
-- TOC entry 3663 (class 1259 OID 16907)
-- Name: referrals_status_135a0e_idx; Type: INDEX; Schema: public; Owner: -
--

CREATE INDEX referrals_status_135a0e_idx ON public.referrals USING btree (status);


--
-- TOC entry 3694 (class 1259 OID 16968)
-- Name: socialaccount_socialaccount_user_id_8146e70c; Type: INDEX; Schema: public; Owner: -
--

CREATE INDEX socialaccount_socialaccount_user_id_8146e70c ON public.socialaccount_socialaccount USING btree (user_id);


--
-- TOC entry 3701 (class 1259 OID 16982)
-- Name: socialaccount_socialapp_sites_site_id_2579dee5; Type: INDEX; Schema: public; Owner: -
--

CREATE INDEX socialaccount_socialapp_sites_site_id_2579dee5 ON public.socialaccount_socialapp_sites USING btree (site_id);


--
-- TOC entry 3702 (class 1259 OID 16981)
-- Name: socialaccount_socialapp_sites_socialapp_id_97fb6e7d; Type: INDEX; Schema: public; Owner: -
--

CREATE INDEX socialaccount_socialapp_sites_socialapp_id_97fb6e7d ON public.socialaccount_socialapp_sites USING btree (socialapp_id);


--
-- TOC entry 3703 (class 1259 OID 16993)
-- Name: socialaccount_socialtoken_account_id_951f210e; Type: INDEX; Schema: public; Owner: -
--

CREATE INDEX socialaccount_socialtoken_account_id_951f210e ON public.socialaccount_socialtoken USING btree (account_id);


--
-- TOC entry 3704 (class 1259 OID 16994)
-- Name: socialaccount_socialtoken_app_id_636a42d7; Type: INDEX; Schema: public; Owner: -
--

CREATE INDEX socialaccount_socialtoken_app_id_636a42d7 ON public.socialaccount_socialtoken USING btree (app_id);


--
-- TOC entry 3713 (class 1259 OID 17046)
-- Name: token_blacklist_outstandingtoken_jti_hex_d9bdf6f7_like; Type: INDEX; Schema: public; Owner: -
--

CREATE INDEX token_blacklist_outstandingtoken_jti_hex_d9bdf6f7_like ON public.token_blacklist_outstandingtoken USING btree (jti varchar_pattern_ops);


--
-- TOC entry 3718 (class 1259 OID 17043)
-- Name: token_blacklist_outstandingtoken_user_id_83bc629a; Type: INDEX; Schema: public; Owner: -
--

CREATE INDEX token_blacklist_outstandingtoken_user_id_83bc629a ON public.token_blacklist_outstandingtoken USING btree (user_id);


--
-- TOC entry 3719 (class 1259 OID 17158)
-- Name: transaction_admin_i_f1f71c_idx; Type: INDEX; Schema: public; Owner: -
--

CREATE INDEX transaction_admin_i_f1f71c_idx ON public.transactions_audit_log USING btree (admin_id);


--
-- TOC entry 3740 (class 1259 OID 17170)
-- Name: transaction_created_67ce7b_idx; Type: INDEX; Schema: public; Owner: -
--

CREATE INDEX transaction_created_67ce7b_idx ON public.transactions_transaction USING btree (created_at);


--
-- TOC entry 3725 (class 1259 OID 17165)
-- Name: transaction_created_8ae28f_idx; Type: INDEX; Schema: public; Owner: -
--

CREATE INDEX transaction_created_8ae28f_idx ON public.transactions_admin_notification USING btree (created_at);


--
-- TOC entry 3720 (class 1259 OID 17160)
-- Name: transaction_created_fbf51f_idx; Type: INDEX; Schema: public; Owner: -
--

CREATE INDEX transaction_created_fbf51f_idx ON public.transactions_audit_log USING btree (created_at);


--
-- TOC entry 3721 (class 1259 OID 17159)
-- Name: transaction_entity_fa1d1b_idx; Type: INDEX; Schema: public; Owner: -
--

CREATE INDEX transaction_entity_fa1d1b_idx ON public.transactions_audit_log USING btree (entity, entity_id);


--
-- TOC entry 3726 (class 1259 OID 17162)
-- Name: transaction_is_read_063eee_idx; Type: INDEX; Schema: public; Owner: -
--

CREATE INDEX transaction_is_read_063eee_idx ON public.transactions_admin_notification USING btree (is_read);


--
-- TOC entry 3727 (class 1259 OID 17163)
-- Name: transaction_is_reso_dc4d2a_idx; Type: INDEX; Schema: public; Owner: -
--

CREATE INDEX transaction_is_reso_dc4d2a_idx ON public.transactions_admin_notification USING btree (is_resolved);


--
-- TOC entry 3728 (class 1259 OID 17161)
-- Name: transaction_notific_ccddb2_idx; Type: INDEX; Schema: public; Owner: -
--

CREATE INDEX transaction_notific_ccddb2_idx ON public.transactions_admin_notification USING btree (notification_type);


--
-- TOC entry 3741 (class 1259 OID 17169)
-- Name: transaction_payment_77b5ab_idx; Type: INDEX; Schema: public; Owner: -
--

CREATE INDEX transaction_payment_77b5ab_idx ON public.transactions_transaction USING btree (payment_method);


--
-- TOC entry 3729 (class 1259 OID 17164)
-- Name: transaction_priorit_4fc7fa_idx; Type: INDEX; Schema: public; Owner: -
--

CREATE INDEX transaction_priorit_4fc7fa_idx ON public.transactions_admin_notification USING btree (priority);


--
-- TOC entry 3742 (class 1259 OID 17171)
-- Name: transaction_status_71abbb_idx; Type: INDEX; Schema: public; Owner: -
--

CREATE INDEX transaction_status_71abbb_idx ON public.transactions_transaction USING btree (status);


--
-- TOC entry 3743 (class 1259 OID 17168)
-- Name: transaction_tx_type_f78b2a_idx; Type: INDEX; Schema: public; Owner: -
--

CREATE INDEX transaction_tx_type_f78b2a_idx ON public.transactions_transaction USING btree (tx_type, status);


--
-- TOC entry 3730 (class 1259 OID 17166)
-- Name: transaction_user_id_0a7338_idx; Type: INDEX; Schema: public; Owner: -
--

CREATE INDEX transaction_user_id_0a7338_idx ON public.transactions_admin_notification USING btree (user_id);


--
-- TOC entry 3744 (class 1259 OID 17167)
-- Name: transaction_user_id_9cef77_idx; Type: INDEX; Schema: public; Owner: -
--

CREATE INDEX transaction_user_id_9cef77_idx ON public.transactions_transaction USING btree (user_id, status);


--
-- TOC entry 3733 (class 1259 OID 17176)
-- Name: transactions_admin_notification_resolved_by_id_81a91e6d; Type: INDEX; Schema: public; Owner: -
--

CREATE INDEX transactions_admin_notification_resolved_by_id_81a91e6d ON public.transactions_admin_notification USING btree (resolved_by_id);


--
-- TOC entry 3734 (class 1259 OID 17177)
-- Name: transactions_admin_notification_user_id_dbf07c34; Type: INDEX; Schema: public; Owner: -
--

CREATE INDEX transactions_admin_notification_user_id_dbf07c34 ON public.transactions_admin_notification USING btree (user_id);


--
-- TOC entry 3722 (class 1259 OID 17175)
-- Name: transactions_audit_log_admin_id_ceb043e6; Type: INDEX; Schema: public; Owner: -
--

CREATE INDEX transactions_audit_log_admin_id_ceb043e6 ON public.transactions_audit_log USING btree (admin_id);


--
-- TOC entry 3735 (class 1259 OID 17122)
-- Name: transactions_crypto_wallet_currency_080f1006_like; Type: INDEX; Schema: public; Owner: -
--

CREATE INDEX transactions_crypto_wallet_currency_080f1006_like ON public.transactions_crypto_wallet USING btree (currency varchar_pattern_ops);


--
-- TOC entry 3745 (class 1259 OID 17178)
-- Name: transactions_transaction_approved_by_id_a811fcd6; Type: INDEX; Schema: public; Owner: -
--

CREATE INDEX transactions_transaction_approved_by_id_a811fcd6 ON public.transactions_transaction USING btree (approved_by_id);


--
-- TOC entry 3746 (class 1259 OID 17987)
-- Name: transactions_transaction_investment_id_da441066; Type: INDEX; Schema: public; Owner: -
--

CREATE INDEX transactions_transaction_investment_id_da441066 ON public.transactions_transaction USING btree (investment_id);


--
-- TOC entry 3749 (class 1259 OID 17179)
-- Name: transactions_transaction_user_id_b9ecc248; Type: INDEX; Schema: public; Owner: -
--

CREATE INDEX transactions_transaction_user_id_b9ecc248 ON public.transactions_transaction USING btree (user_id);


--
-- TOC entry 3752 (class 1259 OID 17180)
-- Name: transactions_virtual_card_approved_by_id_868d292b; Type: INDEX; Schema: public; Owner: -
--

CREATE INDEX transactions_virtual_card_approved_by_id_868d292b ON public.transactions_virtual_card USING btree (approved_by_id);


--
-- TOC entry 3755 (class 1259 OID 17181)
-- Name: transactions_virtual_card_user_id_d3026883; Type: INDEX; Schema: public; Owner: -
--

CREATE INDEX transactions_virtual_card_user_id_d3026883 ON public.transactions_virtual_card USING btree (user_id);


--
-- TOC entry 3582 (class 1259 OID 16623)
-- Name: unique_primary_email; Type: INDEX; Schema: public; Owner: -
--

CREATE UNIQUE INDEX unique_primary_email ON public.account_emailaddress USING btree (user_id, "primary") WHERE "primary";


--
-- TOC entry 3583 (class 1259 OID 16619)
-- Name: unique_verified_email; Type: INDEX; Schema: public; Owner: -
--

CREATE UNIQUE INDEX unique_verified_email ON public.account_emailaddress USING btree (email) WHERE verified;


--
-- TOC entry 3553 (class 1259 OID 16558)
-- Name: users_email_token_c80ef6_idx; Type: INDEX; Schema: public; Owner: -
--

CREATE INDEX users_email_token_c80ef6_idx ON public.users_emailverification USING btree (token);


--
-- TOC entry 3554 (class 1259 OID 16557)
-- Name: users_email_user_id_86b0fe_idx; Type: INDEX; Schema: public; Owner: -
--

CREATE INDEX users_email_user_id_86b0fe_idx ON public.users_emailverification USING btree (user_id, expires_at);


--
-- TOC entry 3557 (class 1259 OID 16555)
-- Name: users_emailverification_token_26a57dab_like; Type: INDEX; Schema: public; Owner: -
--

CREATE INDEX users_emailverification_token_26a57dab_like ON public.users_emailverification USING btree (token varchar_pattern_ops);


--
-- TOC entry 3560 (class 1259 OID 16556)
-- Name: users_emailverification_user_id_77445bf4; Type: INDEX; Schema: public; Owner: -
--

CREATE INDEX users_emailverification_user_id_77445bf4 ON public.users_emailverification USING btree (user_id);


--
-- TOC entry 3561 (class 1259 OID 16571)
-- Name: users_kyc_a_status_cebdd4_idx; Type: INDEX; Schema: public; Owner: -
--

CREATE INDEX users_kyc_a_status_cebdd4_idx ON public.users_kyc_application USING btree (status);


--
-- TOC entry 3562 (class 1259 OID 16572)
-- Name: users_kyc_a_user_id_bee238_idx; Type: INDEX; Schema: public; Owner: -
--

CREATE INDEX users_kyc_a_user_id_bee238_idx ON public.users_kyc_application USING btree (user_id, status);


--
-- TOC entry 3565 (class 1259 OID 16569)
-- Name: users_kyc_application_reviewed_by_id_36f5b5cc; Type: INDEX; Schema: public; Owner: -
--

CREATE INDEX users_kyc_application_reviewed_by_id_36f5b5cc ON public.users_kyc_application USING btree (reviewed_by_id);


--
-- TOC entry 3566 (class 1259 OID 16570)
-- Name: users_kyc_application_user_id_701b9a3b; Type: INDEX; Schema: public; Owner: -
--

CREATE INDEX users_kyc_application_user_id_701b9a3b ON public.users_kyc_application USING btree (user_id);


--
-- TOC entry 3756 (class 1259 OID 49183)
-- Name: users_kyc_d_created_e671ef_idx; Type: INDEX; Schema: public; Owner: -
--

CREATE INDEX users_kyc_d_created_e671ef_idx ON public.users_kyc_document USING btree (created_at);


--
-- TOC entry 3757 (class 1259 OID 49181)
-- Name: users_kyc_d_documen_0badb7_idx; Type: INDEX; Schema: public; Owner: -
--

CREATE INDEX users_kyc_d_documen_0badb7_idx ON public.users_kyc_document USING btree (document_type);


--
-- TOC entry 3758 (class 1259 OID 49182)
-- Name: users_kyc_d_status_a9a2af_idx; Type: INDEX; Schema: public; Owner: -
--

CREATE INDEX users_kyc_d_status_a9a2af_idx ON public.users_kyc_document USING btree (status);


--
-- TOC entry 3759 (class 1259 OID 49180)
-- Name: users_kyc_d_user_id_05fa20_idx; Type: INDEX; Schema: public; Owner: -
--

CREATE INDEX users_kyc_d_user_id_05fa20_idx ON public.users_kyc_document USING btree (user_id, status);


--
-- TOC entry 3760 (class 1259 OID 49177)
-- Name: users_kyc_document_kyc_application_id_f109133b; Type: INDEX; Schema: public; Owner: -
--

CREATE INDEX users_kyc_document_kyc_application_id_f109133b ON public.users_kyc_document USING btree (kyc_application_id);


--
-- TOC entry 3763 (class 1259 OID 49178)
-- Name: users_kyc_document_reviewed_by_id_4859d046; Type: INDEX; Schema: public; Owner: -
--

CREATE INDEX users_kyc_document_reviewed_by_id_4859d046 ON public.users_kyc_document USING btree (reviewed_by_id);


--
-- TOC entry 3764 (class 1259 OID 49179)
-- Name: users_kyc_document_user_id_d14122be; Type: INDEX; Schema: public; Owner: -
--

CREATE INDEX users_kyc_document_user_id_d14122be ON public.users_kyc_document USING btree (user_id);


--
-- TOC entry 3567 (class 1259 OID 16581)
-- Name: users_notif_created_3ee999_idx; Type: INDEX; Schema: public; Owner: -
--

CREATE INDEX users_notif_created_3ee999_idx ON public.users_notification USING btree (created_at);


--
-- TOC entry 3568 (class 1259 OID 16582)
-- Name: users_notif_is_read_316047_idx; Type: INDEX; Schema: public; Owner: -
--

CREATE INDEX users_notif_is_read_316047_idx ON public.users_notification USING btree (is_read);


--
-- TOC entry 3569 (class 1259 OID 16580)
-- Name: users_notif_notific_af6ddd_idx; Type: INDEX; Schema: public; Owner: -
--

CREATE INDEX users_notif_notific_af6ddd_idx ON public.users_notification USING btree (notification_type);


--
-- TOC entry 3570 (class 1259 OID 16583)
-- Name: users_notif_priorit_29dabc_idx; Type: INDEX; Schema: public; Owner: -
--

CREATE INDEX users_notif_priorit_29dabc_idx ON public.users_notification USING btree (priority);


--
-- TOC entry 3571 (class 1259 OID 16579)
-- Name: users_notif_user_id_1be17e_idx; Type: INDEX; Schema: public; Owner: -
--

CREATE INDEX users_notif_user_id_1be17e_idx ON public.users_notification USING btree (user_id, is_read);


--
-- TOC entry 3574 (class 1259 OID 16578)
-- Name: users_notification_user_id_fed360c8; Type: INDEX; Schema: public; Owner: -
--

CREATE INDEX users_notification_user_id_fed360c8 ON public.users_notification USING btree (user_id);


--
-- TOC entry 3533 (class 1259 OID 16525)
-- Name: users_user_groups_group_id_9afc8d0e; Type: INDEX; Schema: public; Owner: -
--

CREATE INDEX users_user_groups_group_id_9afc8d0e ON public.users_user_groups USING btree (group_id);


--
-- TOC entry 3536 (class 1259 OID 16524)
-- Name: users_user_groups_user_id_5f6f5a90; Type: INDEX; Schema: public; Owner: -
--

CREATE INDEX users_user_groups_user_id_5f6f5a90 ON public.users_user_groups USING btree (user_id);


--
-- TOC entry 3539 (class 1259 OID 16539)
-- Name: users_user_user_permissions_permission_id_0b93982e; Type: INDEX; Schema: public; Owner: -
--

CREATE INDEX users_user_user_permissions_permission_id_0b93982e ON public.users_user_user_permissions USING btree (permission_id);


--
-- TOC entry 3542 (class 1259 OID 16538)
-- Name: users_user_user_permissions_user_id_20aca447; Type: INDEX; Schema: public; Owner: -
--

CREATE INDEX users_user_user_permissions_user_id_20aca447 ON public.users_user_user_permissions USING btree (user_id);


--
-- TOC entry 3530 (class 1259 OID 16511)
-- Name: users_user_username_06e46fe6_like; Type: INDEX; Schema: public; Owner: -
--

CREATE INDEX users_user_username_06e46fe6_like ON public.users_user USING btree (username varchar_pattern_ops);


--
-- TOC entry 3790 (class 2606 OID 16600)
-- Name: account_emailaddress account_emailaddress_user_id_2c513194_fk_users_user_id; Type: FK CONSTRAINT; Schema: public; Owner: -
--

ALTER TABLE ONLY public.account_emailaddress
    ADD CONSTRAINT account_emailaddress_user_id_2c513194_fk_users_user_id FOREIGN KEY (user_id) REFERENCES public.users_user(id) DEFERRABLE INITIALLY DEFERRED;


--
-- TOC entry 3791 (class 2606 OID 16607)
-- Name: account_emailconfirmation account_emailconfirm_email_address_id_5b7f8c58_fk_account_e; Type: FK CONSTRAINT; Schema: public; Owner: -
--

ALTER TABLE ONLY public.account_emailconfirmation
    ADD CONSTRAINT account_emailconfirm_email_address_id_5b7f8c58_fk_account_e FOREIGN KEY (email_address_id) REFERENCES public.account_emailaddress(id) DEFERRABLE INITIALLY DEFERRED;


--
-- TOC entry 3778 (class 2606 OID 16441)
-- Name: auth_group_permissions auth_group_permissio_permission_id_84c5c92e_fk_auth_perm; Type: FK CONSTRAINT; Schema: public; Owner: -
--

ALTER TABLE ONLY public.auth_group_permissions
    ADD CONSTRAINT auth_group_permissio_permission_id_84c5c92e_fk_auth_perm FOREIGN KEY (permission_id) REFERENCES public.auth_permission(id) DEFERRABLE INITIALLY DEFERRED;


--
-- TOC entry 3779 (class 2606 OID 16436)
-- Name: auth_group_permissions auth_group_permissions_group_id_b120cbf9_fk_auth_group_id; Type: FK CONSTRAINT; Schema: public; Owner: -
--

ALTER TABLE ONLY public.auth_group_permissions
    ADD CONSTRAINT auth_group_permissions_group_id_b120cbf9_fk_auth_group_id FOREIGN KEY (group_id) REFERENCES public.auth_group(id) DEFERRABLE INITIALLY DEFERRED;


--
-- TOC entry 3777 (class 2606 OID 16427)
-- Name: auth_permission auth_permission_content_type_id_2f476e4b_fk_django_co; Type: FK CONSTRAINT; Schema: public; Owner: -
--

ALTER TABLE ONLY public.auth_permission
    ADD CONSTRAINT auth_permission_content_type_id_2f476e4b_fk_django_co FOREIGN KEY (content_type_id) REFERENCES public.django_content_type(id) DEFERRABLE INITIALLY DEFERRED;


--
-- TOC entry 3794 (class 2606 OID 16652)
-- Name: authtoken_token authtoken_token_user_id_35299eff_fk_users_user_id; Type: FK CONSTRAINT; Schema: public; Owner: -
--

ALTER TABLE ONLY public.authtoken_token
    ADD CONSTRAINT authtoken_token_user_id_35299eff_fk_users_user_id FOREIGN KEY (user_id) REFERENCES public.users_user(id) DEFERRABLE INITIALLY DEFERRED;


--
-- TOC entry 3830 (class 2606 OID 73754)
-- Name: cards_cardtransaction cards_cardtransaction_card_id_a2aef5e1_fk_cards_virtualcard_id; Type: FK CONSTRAINT; Schema: public; Owner: -
--

ALTER TABLE ONLY public.cards_cardtransaction
    ADD CONSTRAINT cards_cardtransaction_card_id_a2aef5e1_fk_cards_virtualcard_id FOREIGN KEY (card_id) REFERENCES public.cards_virtualcard(id) DEFERRABLE INITIALLY DEFERRED;


--
-- TOC entry 3829 (class 2606 OID 73749)
-- Name: cards_virtualcard cards_virtualcard_user_id_4462a472_fk_users_user_id; Type: FK CONSTRAINT; Schema: public; Owner: -
--

ALTER TABLE ONLY public.cards_virtualcard
    ADD CONSTRAINT cards_virtualcard_user_id_4462a472_fk_users_user_id FOREIGN KEY (user_id) REFERENCES public.users_user(id) DEFERRABLE INITIALLY DEFERRED;


--
-- TOC entry 3796 (class 2606 OID 16739)
-- Name: core_emailattachment core_emailattachment_email_id_06b496a3_fk_core_incomingemail_id; Type: FK CONSTRAINT; Schema: public; Owner: -
--

ALTER TABLE ONLY public.core_emailattachment
    ADD CONSTRAINT core_emailattachment_email_id_06b496a3_fk_core_incomingemail_id FOREIGN KEY (email_id) REFERENCES public.core_incomingemail(id) DEFERRABLE INITIALLY DEFERRED;


--
-- TOC entry 3799 (class 2606 OID 16757)
-- Name: core_emailinbox core_emailinbox_assigned_to_id_89e8613c_fk_users_user_id; Type: FK CONSTRAINT; Schema: public; Owner: -
--

ALTER TABLE ONLY public.core_emailinbox
    ADD CONSTRAINT core_emailinbox_assigned_to_id_89e8613c_fk_users_user_id FOREIGN KEY (assigned_to_id) REFERENCES public.users_user(id) DEFERRABLE INITIALLY DEFERRED;


--
-- TOC entry 3795 (class 2606 OID 16731)
-- Name: core_emailtemplate core_emailtemplate_created_by_id_276f2d01_fk_users_user_id; Type: FK CONSTRAINT; Schema: public; Owner: -
--

ALTER TABLE ONLY public.core_emailtemplate
    ADD CONSTRAINT core_emailtemplate_created_by_id_276f2d01_fk_users_user_id FOREIGN KEY (created_by_id) REFERENCES public.users_user(id) DEFERRABLE INITIALLY DEFERRED;


--
-- TOC entry 3797 (class 2606 OID 16745)
-- Name: core_supportrequest core_supportrequest_handled_by_id_43aad0e7_fk_users_user_id; Type: FK CONSTRAINT; Schema: public; Owner: -
--

ALTER TABLE ONLY public.core_supportrequest
    ADD CONSTRAINT core_supportrequest_handled_by_id_43aad0e7_fk_users_user_id FOREIGN KEY (handled_by_id) REFERENCES public.users_user(id) DEFERRABLE INITIALLY DEFERRED;


--
-- TOC entry 3798 (class 2606 OID 16750)
-- Name: core_supportrequest core_supportrequest_user_id_d0898577_fk_users_user_id; Type: FK CONSTRAINT; Schema: public; Owner: -
--

ALTER TABLE ONLY public.core_supportrequest
    ADD CONSTRAINT core_supportrequest_user_id_d0898577_fk_users_user_id FOREIGN KEY (user_id) REFERENCES public.users_user(id) DEFERRABLE INITIALLY DEFERRED;


--
-- TOC entry 3800 (class 2606 OID 16771)
-- Name: core_useragreementacceptance core_useragreementac_agreement_id_197e93b9_fk_core_agre; Type: FK CONSTRAINT; Schema: public; Owner: -
--

ALTER TABLE ONLY public.core_useragreementacceptance
    ADD CONSTRAINT core_useragreementac_agreement_id_197e93b9_fk_core_agre FOREIGN KEY (agreement_id) REFERENCES public.core_agreement(id) DEFERRABLE INITIALLY DEFERRED;


--
-- TOC entry 3801 (class 2606 OID 16776)
-- Name: core_useragreementacceptance core_useragreementacceptance_user_id_4ba8d2f5_fk_users_user_id; Type: FK CONSTRAINT; Schema: public; Owner: -
--

ALTER TABLE ONLY public.core_useragreementacceptance
    ADD CONSTRAINT core_useragreementacceptance_user_id_4ba8d2f5_fk_users_user_id FOREIGN KEY (user_id) REFERENCES public.users_user(id) DEFERRABLE INITIALLY DEFERRED;


--
-- TOC entry 3792 (class 2606 OID 16633)
-- Name: django_admin_log django_admin_log_content_type_id_c4bce8eb_fk_django_co; Type: FK CONSTRAINT; Schema: public; Owner: -
--

ALTER TABLE ONLY public.django_admin_log
    ADD CONSTRAINT django_admin_log_content_type_id_c4bce8eb_fk_django_co FOREIGN KEY (content_type_id) REFERENCES public.django_content_type(id) DEFERRABLE INITIALLY DEFERRED;


--
-- TOC entry 3793 (class 2606 OID 16638)
-- Name: django_admin_log django_admin_log_user_id_c564eba6_fk_users_user_id; Type: FK CONSTRAINT; Schema: public; Owner: -
--

ALTER TABLE ONLY public.django_admin_log
    ADD CONSTRAINT django_admin_log_user_id_c564eba6_fk_users_user_id FOREIGN KEY (user_id) REFERENCES public.users_user(id) DEFERRABLE INITIALLY DEFERRED;


--
-- TOC entry 3802 (class 2606 OID 16823)
-- Name: investments_dailyroipayout investments_dailyroi_investment_id_d96cab71_fk_investmen; Type: FK CONSTRAINT; Schema: public; Owner: -
--

ALTER TABLE ONLY public.investments_dailyroipayout
    ADD CONSTRAINT investments_dailyroi_investment_id_d96cab71_fk_investmen FOREIGN KEY (investment_id) REFERENCES public.investments_user_investment(id) DEFERRABLE INITIALLY DEFERRED;


--
-- TOC entry 3803 (class 2606 OID 16809)
-- Name: investments_user_investment investments_user_inv_plan_id_f0c8d0db_fk_investmen; Type: FK CONSTRAINT; Schema: public; Owner: -
--

ALTER TABLE ONLY public.investments_user_investment
    ADD CONSTRAINT investments_user_inv_plan_id_f0c8d0db_fk_investmen FOREIGN KEY (plan_id) REFERENCES public.investments_plan(id) DEFERRABLE INITIALLY DEFERRED;


--
-- TOC entry 3804 (class 2606 OID 16818)
-- Name: investments_user_investment investments_user_investment_user_id_18240ea3_fk_users_user_id; Type: FK CONSTRAINT; Schema: public; Owner: -
--

ALTER TABLE ONLY public.investments_user_investment
    ADD CONSTRAINT investments_user_investment_user_id_18240ea3_fk_users_user_id FOREIGN KEY (user_id) REFERENCES public.users_user(id) DEFERRABLE INITIALLY DEFERRED;


--
-- TOC entry 3807 (class 2606 OID 16884)
-- Name: referral_codes referral_codes_user_id_35f8b20d_fk_users_user_id; Type: FK CONSTRAINT; Schema: public; Owner: -
--

ALTER TABLE ONLY public.referral_codes
    ADD CONSTRAINT referral_codes_user_id_35f8b20d_fk_users_user_id FOREIGN KEY (user_id) REFERENCES public.users_user(id) DEFERRABLE INITIALLY DEFERRED;


--
-- TOC entry 3808 (class 2606 OID 16889)
-- Name: referral_rewards referral_rewards_approved_by_id_e51ef6c6_fk_users_user_id; Type: FK CONSTRAINT; Schema: public; Owner: -
--

ALTER TABLE ONLY public.referral_rewards
    ADD CONSTRAINT referral_rewards_approved_by_id_e51ef6c6_fk_users_user_id FOREIGN KEY (approved_by_id) REFERENCES public.users_user(id) DEFERRABLE INITIALLY DEFERRED;


--
-- TOC entry 3809 (class 2606 OID 16894)
-- Name: referral_rewards referral_rewards_created_by_id_50abe710_fk_users_user_id; Type: FK CONSTRAINT; Schema: public; Owner: -
--

ALTER TABLE ONLY public.referral_rewards
    ADD CONSTRAINT referral_rewards_created_by_id_50abe710_fk_users_user_id FOREIGN KEY (created_by_id) REFERENCES public.users_user(id) DEFERRABLE INITIALLY DEFERRED;


--
-- TOC entry 3810 (class 2606 OID 16899)
-- Name: referral_rewards referral_rewards_referral_id_48900a13_fk_referrals_id; Type: FK CONSTRAINT; Schema: public; Owner: -
--

ALTER TABLE ONLY public.referral_rewards
    ADD CONSTRAINT referral_rewards_referral_id_48900a13_fk_referrals_id FOREIGN KEY (referral_id) REFERENCES public.referrals(id) DEFERRABLE INITIALLY DEFERRED;


--
-- TOC entry 3805 (class 2606 OID 16872)
-- Name: referrals referrals_referred_user_id_df5d6ca1_fk_users_user_id; Type: FK CONSTRAINT; Schema: public; Owner: -
--

ALTER TABLE ONLY public.referrals
    ADD CONSTRAINT referrals_referred_user_id_df5d6ca1_fk_users_user_id FOREIGN KEY (referred_user_id) REFERENCES public.users_user(id) DEFERRABLE INITIALLY DEFERRED;


--
-- TOC entry 3806 (class 2606 OID 16877)
-- Name: referrals referrals_referrer_id_9511d264_fk_users_user_id; Type: FK CONSTRAINT; Schema: public; Owner: -
--

ALTER TABLE ONLY public.referrals
    ADD CONSTRAINT referrals_referrer_id_9511d264_fk_users_user_id FOREIGN KEY (referrer_id) REFERENCES public.users_user(id) DEFERRABLE INITIALLY DEFERRED;


--
-- TOC entry 3814 (class 2606 OID 16983)
-- Name: socialaccount_socialtoken socialaccount_social_account_id_951f210e_fk_socialacc; Type: FK CONSTRAINT; Schema: public; Owner: -
--

ALTER TABLE ONLY public.socialaccount_socialtoken
    ADD CONSTRAINT socialaccount_social_account_id_951f210e_fk_socialacc FOREIGN KEY (account_id) REFERENCES public.socialaccount_socialaccount(id) DEFERRABLE INITIALLY DEFERRED;


--
-- TOC entry 3815 (class 2606 OID 17001)
-- Name: socialaccount_socialtoken socialaccount_social_app_id_636a42d7_fk_socialacc; Type: FK CONSTRAINT; Schema: public; Owner: -
--

ALTER TABLE ONLY public.socialaccount_socialtoken
    ADD CONSTRAINT socialaccount_social_app_id_636a42d7_fk_socialacc FOREIGN KEY (app_id) REFERENCES public.socialaccount_socialapp(id) DEFERRABLE INITIALLY DEFERRED;


--
-- TOC entry 3812 (class 2606 OID 16976)
-- Name: socialaccount_socialapp_sites socialaccount_social_site_id_2579dee5_fk_django_si; Type: FK CONSTRAINT; Schema: public; Owner: -
--

ALTER TABLE ONLY public.socialaccount_socialapp_sites
    ADD CONSTRAINT socialaccount_social_site_id_2579dee5_fk_django_si FOREIGN KEY (site_id) REFERENCES public.django_site(id) DEFERRABLE INITIALLY DEFERRED;


--
-- TOC entry 3813 (class 2606 OID 16971)
-- Name: socialaccount_socialapp_sites socialaccount_social_socialapp_id_97fb6e7d_fk_socialacc; Type: FK CONSTRAINT; Schema: public; Owner: -
--

ALTER TABLE ONLY public.socialaccount_socialapp_sites
    ADD CONSTRAINT socialaccount_social_socialapp_id_97fb6e7d_fk_socialacc FOREIGN KEY (socialapp_id) REFERENCES public.socialaccount_socialapp(id) DEFERRABLE INITIALLY DEFERRED;


--
-- TOC entry 3811 (class 2606 OID 16963)
-- Name: socialaccount_socialaccount socialaccount_socialaccount_user_id_8146e70c_fk_users_user_id; Type: FK CONSTRAINT; Schema: public; Owner: -
--

ALTER TABLE ONLY public.socialaccount_socialaccount
    ADD CONSTRAINT socialaccount_socialaccount_user_id_8146e70c_fk_users_user_id FOREIGN KEY (user_id) REFERENCES public.users_user(id) DEFERRABLE INITIALLY DEFERRED;


--
-- TOC entry 3816 (class 2606 OID 17081)
-- Name: token_blacklist_blacklistedtoken token_blacklist_blacklistedtoken_token_id_3cc7fe56_fk; Type: FK CONSTRAINT; Schema: public; Owner: -
--

ALTER TABLE ONLY public.token_blacklist_blacklistedtoken
    ADD CONSTRAINT token_blacklist_blacklistedtoken_token_id_3cc7fe56_fk FOREIGN KEY (token_id) REFERENCES public.token_blacklist_outstandingtoken(id) DEFERRABLE INITIALLY DEFERRED;


--
-- TOC entry 3817 (class 2606 OID 17047)
-- Name: token_blacklist_outstandingtoken token_blacklist_outs_user_id_83bc629a_fk_users_use; Type: FK CONSTRAINT; Schema: public; Owner: -
--

ALTER TABLE ONLY public.token_blacklist_outstandingtoken
    ADD CONSTRAINT token_blacklist_outs_user_id_83bc629a_fk_users_use FOREIGN KEY (user_id) REFERENCES public.users_user(id) DEFERRABLE INITIALLY DEFERRED;


--
-- TOC entry 3819 (class 2606 OID 17128)
-- Name: transactions_admin_notification transactions_admin_n_resolved_by_id_81a91e6d_fk_users_use; Type: FK CONSTRAINT; Schema: public; Owner: -
--

ALTER TABLE ONLY public.transactions_admin_notification
    ADD CONSTRAINT transactions_admin_n_resolved_by_id_81a91e6d_fk_users_use FOREIGN KEY (resolved_by_id) REFERENCES public.users_user(id) DEFERRABLE INITIALLY DEFERRED;


--
-- TOC entry 3820 (class 2606 OID 17133)
-- Name: transactions_admin_notification transactions_admin_n_user_id_dbf07c34_fk_users_use; Type: FK CONSTRAINT; Schema: public; Owner: -
--

ALTER TABLE ONLY public.transactions_admin_notification
    ADD CONSTRAINT transactions_admin_n_user_id_dbf07c34_fk_users_use FOREIGN KEY (user_id) REFERENCES public.users_user(id) DEFERRABLE INITIALLY DEFERRED;


--
-- TOC entry 3818 (class 2606 OID 17123)
-- Name: transactions_audit_log transactions_audit_log_admin_id_ceb043e6_fk_users_user_id; Type: FK CONSTRAINT; Schema: public; Owner: -
--

ALTER TABLE ONLY public.transactions_audit_log
    ADD CONSTRAINT transactions_audit_log_admin_id_ceb043e6_fk_users_user_id FOREIGN KEY (admin_id) REFERENCES public.users_user(id) DEFERRABLE INITIALLY DEFERRED;


--
-- TOC entry 3821 (class 2606 OID 17138)
-- Name: transactions_transaction transactions_transac_approved_by_id_a811fcd6_fk_users_use; Type: FK CONSTRAINT; Schema: public; Owner: -
--

ALTER TABLE ONLY public.transactions_transaction
    ADD CONSTRAINT transactions_transac_approved_by_id_a811fcd6_fk_users_use FOREIGN KEY (approved_by_id) REFERENCES public.users_user(id) DEFERRABLE INITIALLY DEFERRED;


--
-- TOC entry 3822 (class 2606 OID 17982)
-- Name: transactions_transaction transactions_transac_investment_id_da441066_fk_investmen; Type: FK CONSTRAINT; Schema: public; Owner: -
--

ALTER TABLE ONLY public.transactions_transaction
    ADD CONSTRAINT transactions_transac_investment_id_da441066_fk_investmen FOREIGN KEY (investment_id) REFERENCES public.investments_user_investment(id) DEFERRABLE INITIALLY DEFERRED;


--
-- TOC entry 3823 (class 2606 OID 17143)
-- Name: transactions_transaction transactions_transaction_user_id_b9ecc248_fk_users_user_id; Type: FK CONSTRAINT; Schema: public; Owner: -
--

ALTER TABLE ONLY public.transactions_transaction
    ADD CONSTRAINT transactions_transaction_user_id_b9ecc248_fk_users_user_id FOREIGN KEY (user_id) REFERENCES public.users_user(id) DEFERRABLE INITIALLY DEFERRED;


--
-- TOC entry 3824 (class 2606 OID 17148)
-- Name: transactions_virtual_card transactions_virtual_approved_by_id_868d292b_fk_users_use; Type: FK CONSTRAINT; Schema: public; Owner: -
--

ALTER TABLE ONLY public.transactions_virtual_card
    ADD CONSTRAINT transactions_virtual_approved_by_id_868d292b_fk_users_use FOREIGN KEY (approved_by_id) REFERENCES public.users_user(id) DEFERRABLE INITIALLY DEFERRED;


--
-- TOC entry 3825 (class 2606 OID 17153)
-- Name: transactions_virtual_card transactions_virtual_card_user_id_d3026883_fk_users_user_id; Type: FK CONSTRAINT; Schema: public; Owner: -
--

ALTER TABLE ONLY public.transactions_virtual_card
    ADD CONSTRAINT transactions_virtual_card_user_id_d3026883_fk_users_user_id FOREIGN KEY (user_id) REFERENCES public.users_user(id) DEFERRABLE INITIALLY DEFERRED;


--
-- TOC entry 3786 (class 2606 OID 16550)
-- Name: users_emailverification users_emailverification_user_id_77445bf4_fk_users_user_id; Type: FK CONSTRAINT; Schema: public; Owner: -
--

ALTER TABLE ONLY public.users_emailverification
    ADD CONSTRAINT users_emailverification_user_id_77445bf4_fk_users_user_id FOREIGN KEY (user_id) REFERENCES public.users_user(id) DEFERRABLE INITIALLY DEFERRED;


--
-- TOC entry 3787 (class 2606 OID 16559)
-- Name: users_kyc_application users_kyc_application_reviewed_by_id_36f5b5cc_fk_users_user_id; Type: FK CONSTRAINT; Schema: public; Owner: -
--

ALTER TABLE ONLY public.users_kyc_application
    ADD CONSTRAINT users_kyc_application_reviewed_by_id_36f5b5cc_fk_users_user_id FOREIGN KEY (reviewed_by_id) REFERENCES public.users_user(id) DEFERRABLE INITIALLY DEFERRED;


--
-- TOC entry 3788 (class 2606 OID 16564)
-- Name: users_kyc_application users_kyc_application_user_id_701b9a3b_fk_users_user_id; Type: FK CONSTRAINT; Schema: public; Owner: -
--

ALTER TABLE ONLY public.users_kyc_application
    ADD CONSTRAINT users_kyc_application_user_id_701b9a3b_fk_users_user_id FOREIGN KEY (user_id) REFERENCES public.users_user(id) DEFERRABLE INITIALLY DEFERRED;


--
-- TOC entry 3826 (class 2606 OID 49162)
-- Name: users_kyc_document users_kyc_document_kyc_application_id_f109133b_fk_users_kyc; Type: FK CONSTRAINT; Schema: public; Owner: -
--

ALTER TABLE ONLY public.users_kyc_document
    ADD CONSTRAINT users_kyc_document_kyc_application_id_f109133b_fk_users_kyc FOREIGN KEY (kyc_application_id) REFERENCES public.users_kyc_application(id) DEFERRABLE INITIALLY DEFERRED;


--
-- TOC entry 3827 (class 2606 OID 49167)
-- Name: users_kyc_document users_kyc_document_reviewed_by_id_4859d046_fk_users_user_id; Type: FK CONSTRAINT; Schema: public; Owner: -
--

ALTER TABLE ONLY public.users_kyc_document
    ADD CONSTRAINT users_kyc_document_reviewed_by_id_4859d046_fk_users_user_id FOREIGN KEY (reviewed_by_id) REFERENCES public.users_user(id) DEFERRABLE INITIALLY DEFERRED;


--
-- TOC entry 3828 (class 2606 OID 49172)
-- Name: users_kyc_document users_kyc_document_user_id_d14122be_fk_users_user_id; Type: FK CONSTRAINT; Schema: public; Owner: -
--

ALTER TABLE ONLY public.users_kyc_document
    ADD CONSTRAINT users_kyc_document_user_id_d14122be_fk_users_user_id FOREIGN KEY (user_id) REFERENCES public.users_user(id) DEFERRABLE INITIALLY DEFERRED;


--
-- TOC entry 3789 (class 2606 OID 16573)
-- Name: users_notification users_notification_user_id_fed360c8_fk_users_user_id; Type: FK CONSTRAINT; Schema: public; Owner: -
--

ALTER TABLE ONLY public.users_notification
    ADD CONSTRAINT users_notification_user_id_fed360c8_fk_users_user_id FOREIGN KEY (user_id) REFERENCES public.users_user(id) DEFERRABLE INITIALLY DEFERRED;


--
-- TOC entry 3784 (class 2606 OID 16540)
-- Name: users_profile users_profile_user_id_2112e78d_fk_users_user_id; Type: FK CONSTRAINT; Schema: public; Owner: -
--

ALTER TABLE ONLY public.users_profile
    ADD CONSTRAINT users_profile_user_id_2112e78d_fk_users_user_id FOREIGN KEY (user_id) REFERENCES public.users_user(id) DEFERRABLE INITIALLY DEFERRED;


--
-- TOC entry 3780 (class 2606 OID 16519)
-- Name: users_user_groups users_user_groups_group_id_9afc8d0e_fk_auth_group_id; Type: FK CONSTRAINT; Schema: public; Owner: -
--

ALTER TABLE ONLY public.users_user_groups
    ADD CONSTRAINT users_user_groups_group_id_9afc8d0e_fk_auth_group_id FOREIGN KEY (group_id) REFERENCES public.auth_group(id) DEFERRABLE INITIALLY DEFERRED;


--
-- TOC entry 3781 (class 2606 OID 16514)
-- Name: users_user_groups users_user_groups_user_id_5f6f5a90_fk_users_user_id; Type: FK CONSTRAINT; Schema: public; Owner: -
--

ALTER TABLE ONLY public.users_user_groups
    ADD CONSTRAINT users_user_groups_user_id_5f6f5a90_fk_users_user_id FOREIGN KEY (user_id) REFERENCES public.users_user(id) DEFERRABLE INITIALLY DEFERRED;


--
-- TOC entry 3782 (class 2606 OID 16533)
-- Name: users_user_user_permissions users_user_user_perm_permission_id_0b93982e_fk_auth_perm; Type: FK CONSTRAINT; Schema: public; Owner: -
--

ALTER TABLE ONLY public.users_user_user_permissions
    ADD CONSTRAINT users_user_user_perm_permission_id_0b93982e_fk_auth_perm FOREIGN KEY (permission_id) REFERENCES public.auth_permission(id) DEFERRABLE INITIALLY DEFERRED;


--
-- TOC entry 3783 (class 2606 OID 16528)
-- Name: users_user_user_permissions users_user_user_permissions_user_id_20aca447_fk_users_user_id; Type: FK CONSTRAINT; Schema: public; Owner: -
--

ALTER TABLE ONLY public.users_user_user_permissions
    ADD CONSTRAINT users_user_user_permissions_user_id_20aca447_fk_users_user_id FOREIGN KEY (user_id) REFERENCES public.users_user(id) DEFERRABLE INITIALLY DEFERRED;


--
-- TOC entry 3785 (class 2606 OID 16545)
-- Name: users_wallet users_wallet_user_id_9b69bd81_fk_users_user_id; Type: FK CONSTRAINT; Schema: public; Owner: -
--

ALTER TABLE ONLY public.users_wallet
    ADD CONSTRAINT users_wallet_user_id_9b69bd81_fk_users_user_id FOREIGN KEY (user_id) REFERENCES public.users_user(id) DEFERRABLE INITIALLY DEFERRED;


-- Completed on 2026-03-29 17:29:20 WAT

--
-- PostgreSQL database dump complete
--

\unrestrict 5j0iGGi2jMIu5UOgP5UoobHqtfh3NuRm16VxgVUFwRJjfy7qYHv9GfHF9BkNbX5

